Clade,Family,Genus,Binomial,Bio01_mean,Bio04_mean,Bio05_mean,Bio06_mean,Bio12_mean,Bio15_mean,Bio16_mean,Bio17_mean
Serpentes,Colubridae,Gonyosoma,Gonyosoma oxycephalum,25.59186293,89.37083745,29.99568361,20.81340521,2459.612193,53.09917648,1084.090909,106.3636364
Serpentes,Colubridae,Gonyosoma,Gonyosoma jansenii,23.45683366,37.94463162,27.01852924,20.60544377,2587.596683,37.49129514,742.495857,90.55954072
Serpentes,Colubridae,Gonyosoma,Gonyosoma prasinum,21.72688569,312.0845347,29.05470871,11.45005744,1981.380245,82.62284764,1067.901785,588.3805231
Serpentes,Colubridae,Gonyosoma,Gonyosoma margaritatum,25.39036282,30.37840926,28.78040146,22.26775901,3087.527888,22.25024291,821.24,147.6
Serpentes,Colubridae,Gonyosoma,Gonyosoma frenatum,16.15503759,668.3500984,28.18000833,1.432737957,1392.091314,70.07979798,728.3839165,82.07229956
Serpentes,Colubridae,Gonyosoma,Gonyosoma boulengeri,22.43012258,466.3750098,30.1816559,11.05781002,1720.218905,73.71316838,801.3214286,93.96428571
Serpentes,Colubridae,Coelognathus,Coelognathus erythrurus,24.72490861,43.08465814,27.73147138,22.1569189,2371.937558,36.89121136,934.4497472,305.1428267
Serpentes,Colubridae,Coelognathus,Coelognathus subradiatus,25.15558717,62.01510396,27.71070124,22.71545753,1675.724404,77.33070124,897.2709319,70.5880798
Serpentes,Colubridae,Coelognathus,Coelognathus flavolineatus,25.36912034,42.62520578,28.88033531,22.04178651,2805.239464,33.59694219,1032.526513,410.248506
Serpentes,Colubridae,Coelognathus,Coelognathus helena,24.80103056,429.2354472,36.58437832,11.48586528,1211.601173,115.2404502,921.0751124,21.44209658
Serpentes,Colubridae,Coelognathus,Coelognathus radiatus,24.03963111,283.6836483,32.1267918,14.41044565,1866.633049,83.53554288,1050.168302,120.1058283
Serpentes,Colubridae,Euprepiophis,Euprepiophis mandarinus,15.59695319,704.7095824,28.34720972,0.12864055,1244.486215,73.80437577,677.4856136,210.7559975
Serpentes,Colubridae,Euprepiophis,Euprepiophis perlaceus,6.879511265,599.6340603,17.99792554,-6.766800041,1032.927239,84.71884874,681.7603916,71.58791778
Serpentes,Colubridae,Euprepiophis,Euprepiophis conspicillata,11.6107274,797.4921915,26.24612828,-2.453119099,1645.018091,39.72951845,486.5393532,106.8871185
Serpentes,Colubridae,Oreocryptophis,Oreocryptophis porphyraceus,20.29068475,419.5308484,28.85299647,9.102327676,1878.868393,71.53359519,1010.140483,11.28964409
Serpentes,Colubridae,Elaphe,Elaphe taeniura,18.05738116,514.8463665,28.11976605,5.721181887,1691.103674,69.48562039,414.2420602,26.00057147
Serpentes,Colubridae,Elaphe,Elaphe hodgsoni,13.99527479,589.4710827,25.50465673,-1.289731188,1652.975989,90.83671251,206.8672621,23.2206256
Serpentes,Colubridae,Elaphe,Elaphe moellendorffi,20.95725229,534.7869029,29.9372232,8.22358907,1626.973687,70.93171643,1092.982561,50.51954355
Serpentes,Colubridae,Elaphe,Elaphe cantoris,16.495093,469.3014529,24.58438267,3.652541859,2549.480529,87.79321646,523.7007434,51.94975961
Serpentes,Colubridae,Zamenis,Zamenis hohenackeri,9.551491524,808.9250815,26.44206374,-6.336342006,628.7103384,49.18445763,279.1063512,63.61129761
Serpentes,Colubridae,Zamenis,Zamenis persicus,10.99824056,788.217621,27.23981453,-4.775275882,606.4468844,44.67432636,250.0419806,66.11183744
Serpentes,Colubridae,Zamenis,Zamenis longissimus,11.08457709,748.7912159,26.80725921,-3.086240628,734.5473684,34.89385619,271.7464476,114.8241633
Serpentes,Colubridae,Zamenis,Zamenis lineatus,14.93938856,579.7901583,27.4510606,4.533950941,664.5930538,44.47877545,269.125997,61.30439494
Serpentes,Colubridae,Zamenis,Zamenis situla,13.5656008,691.6446558,28.33252487,1.032574753,773.9588798,51.85691193,352.4164863,67.25102636
Serpentes,Colubridae,Zamenis,Zamenis scalaris,14.2035476,588.1471217,29.03650317,2.599397494,659.2811977,42.55723091,259.4052652,50.57941072
Serpentes,Colubridae,Oocatochus,Oocatochus rufodorsatus,8.870743459,1124.395691,27.68570195,-13.101966,840.5382359,89.58440992,193.2765363,136.773743
Serpentes,Colubridae,Coronella,Coronella girondica,14.17042764,610.8626479,29.37342171,2.078631213,634.2154866,40.75961011,242.8268018,61.4382592
Serpentes,Colubridae,Coronella,Coronella austriaca,8.33298841,876.1040793,25.58366511,-7.202667847,626.3400256,33.70468388,235.4536226,97.20793707
Serpentes,Colubridae,Elaphe,Elaphe zoigeensis,0.453846154,696.9153846,14.85384615,-16.99230769,776.0769231,82.30769231,851.2697442,136.6318606
Serpentes,Colubridae,Elaphe,Elaphe climacophora,11.60985728,797.2404265,26.23458102,-2.443619693,1647.466919,39.69892291,676.6518115,87.88523963
Serpentes,Colubridae,Elaphe,Elaphe sauromates,11.05236707,948.1051317,30.12371215,-6.055106007,416.9307921,38.49710513,337.9052813,95.47575488
Serpentes,Colubridae,Elaphe,Elaphe quatuorlineata,13.28377401,658.3968047,27.51567582,1.233322299,829.8837166,40.39988638,677.8775829,211.1591159
Serpentes,Colubridae,Elaphe,Elaphe carinata,16.45487173,688.5983254,28.83415195,1.522774005,1298.809456,68.2010201,1566.850453,52.19454732
Serpentes,Colubridae,Elaphe,Elaphe davidi,7.361465249,1198.877117,27.17136196,-16.22814021,617.6681854,104.3559919,678.4150116,211.2460397
Serpentes,Colubridae,Elaphe,Elaphe dione,5.767276134,1186.947309,27.30189923,-16.9067146,354.8579073,76.43004824,460.3679636,16.18269665
Serpentes,Colubridae,Elaphe,Elaphe bimaculata,12.63278276,884.0281779,28.29094775,-5.382095637,921.2697502,80.9758203,495.1744431,41.83250398
Serpentes,Colubridae,Elaphe,Elaphe quadrivirgata,11.61448424,797.3241071,26.24481761,-2.442556518,1646.582061,39.6978587,862.8583607,96.49952653
Serpentes,Colubridae,Elaphe,Elaphe schrenckii,1.208829824,1422.590842,24.14786961,-25.24221031,640.2661418,90.15828261,166.7458768,55.20626493
Serpentes,Colubridae,Elaphe,Elaphe anomala,11.27145842,980.7888138,28.43793999,-8.61499475,796.9839873,88.7599494,261.5188075,2.75196872
Serpentes,Colubridae,Senticolis,Senticolis triaspis,22.64673892,254.1728313,30.75636084,14.33069623,1366.897689,79.79717638,735.6151949,74.33120238
Serpentes,Colubridae,Pantherophis,Pantherophis guttatus,17.58126046,660.3476104,30.26129676,3.47420102,1327.476093,23.41020013,1078.30625,260.2583333
Serpentes,Colubridae,Pantherophis,Pantherophis slowinskii,19.86388501,629.9623279,31.79397429,6.234668421,1391.771354,15.16787748,985.5833333,230.1666667
Serpentes,Colubridae,Pantherophis,Pantherophis emoryi,17.11374573,736.4455016,32.81639582,0.448344478,628.2823788,50.57675306,526.9089104,31.0303517
Serpentes,Colubridae,Pituophis,Pituophis lineaticollis,18.64891794,151.0973649,27.01909061,10.26673271,1216.958942,92.51178954,1130.289421,249.8893331
Serpentes,Colubridae,Pituophis,Pituophis deppei,17.80746807,312.3495074,28.5244987,6.219161948,745.1521268,92.41894984,999.928158,461.7018725
Serpentes,Colubridae,Pituophis,Pituophis vertebralis,22.19885889,435.6407782,33.18661012,11.63855164,148.381042,90.56739114,1254.226682,490.6585394
Serpentes,Colubridae,Pituophis,Pituophis ruthveni,19.48070419,662.2190917,32.51257963,5.115010424,1336.922834,14.21027334,1109.899094,233.2244361
Serpentes,Colubridae,Pituophis,Pituophis melanoleucus,17.81949333,647.5835055,30.24569451,3.820031357,1332.190118,24.33274707,1127.728602,241.5894104
Serpentes,Colubridae,Pituophis,Pituophis catenifer,12.81055769,816.3760071,31.00401044,-3.857994458,477.8484805,54.94661164,909.7540268,76.14412452
Serpentes,Colubridae,Pantherophis,Pantherophis vulpinus,8.702828372,1012.408956,27.52605503,-10.46763122,841.3180406,38.90060176,214.8230911,51.65841984
Serpentes,Colubridae,Pantherophis,Pantherophis ramspotti,9.274670117,1059.289936,28.97387209,-10.98419082,820.9768387,47.44987349,555.6,70.24
Serpentes,Colubridae,Pantherophis,Pantherophis bairdi,18.97691349,634.2026747,32.70648616,3.01294925,491.580346,52.97870242,766.8882717,19.69075841
Serpentes,Colubridae,Pantherophis,Pantherophis spiloides,17.43855892,704.3168538,30.87258187,2.536065765,1354.334281,20.88966263,336.9839139,162.9361653
Serpentes,Colubridae,Pantherophis,Pantherophis obsoletus,13.78106982,827.1932706,29.74020703,-2.63979853,1095.60826,24.13252826,940.3618418,216.0341022
Serpentes,Colubridae,Pantherophis,Pantherophis alleghaniensis,19.18231975,705.2338588,33.2763068,3.78433994,973.4697361,28.76499849,778.3361616,91.60383697
Serpentes,Colubridae,Lampropeltis,Lampropeltis calligaster,15.9468042,801.1152319,31.55347065,-0.436437979,1110.540014,26.12664472,1686.876278,233.6347137
Serpentes,Colubridae,Lampropeltis,Lampropeltis extenuata,21.14716767,465.9948387,30.3309961,9.122334869,1317.007326,46.59413919,1207.212784,315.1210256
Serpentes,Colubridae,Lampropeltis,Lampropeltis nigra,15.80606072,760.5110324,30.30611744,0.31498177,1326.86153,18.21957871,203.3321966,13.63837954
Serpentes,Colubridae,Lampropeltis,Lampropeltis holbrooki,16.87444728,794.3650161,32.80616657,0.061296855,869.5419777,36.90437683,941.1916184,115.0323682
Serpentes,Colubridae,Lampropeltis,Lampropeltis splendida,18.27172857,547.42548,31.97311489,3.065445123,380.1924452,77.40476027,267.4117423,51.43647284
Serpentes,Colubridae,Lampropeltis,Lampropeltis getula,17.57992425,650.6678201,30.12218327,3.720508953,1254.43989,24.39670336,1049.564481,359.4546986
Serpentes,Colubridae,Lampropeltis,Lampropeltis californiae,17.04360657,673.4592743,33.78432824,2.580253855,361.1108463,68.74786173,1106.345247,390.9531839
Serpentes,Colubridae,Lampropeltis,Lampropeltis triangulum,11.40120319,891.1207607,29.03759536,-5.967883487,884.4441194,30.67070697,435.2798729,217.3076942
Serpentes,Colubridae,Lampropeltis,Lampropeltis gentilis,12.86847178,923.0435957,32.25260451,-5.739473027,599.2707369,54.53924999,963.1952474,152.8688078
Serpentes,Colubridae,Lampropeltis,Lampropeltis annulata,21.00435153,589.3007451,33.48593191,6.298913691,587.8170712,48.23230053,963.2580645,313.7741935
Serpentes,Colubridae,Lampropeltis,Lampropeltis alterna,19.64882306,599.9429382,33.2515245,3.707105531,358.6694045,62.26115674,975.7124152,61.153892
Serpentes,Colubridae,Lampropeltis,Lampropeltis elapsoides,17.90352238,654.9578218,30.44776825,3.829600218,1331.638975,23.99796888,936.7210262,191.7137914
Serpentes,Colubridae,Lampropeltis,Lampropeltis zonata,12.0243766,582.3664124,28.34569949,-0.195652781,858.1548295,81.29715508,297.9278126,23.43190988
Serpentes,Colubridae,Lampropeltis,Lampropeltis webbi,15.51052632,328.0171053,24.45,4.106578947,1302.842105,89.55263158,319.9910157,126.2463678
Serpentes,Colubridae,Lampropeltis,Lampropeltis pyromelana,13.62160687,692.2053175,30.49242464,-2.090923177,486.5029869,65.67663381,451.3529277,227.0754713
Serpentes,Colubridae,Lampropeltis,Lampropeltis polyzona,21.98042437,414.5307251,31.98129538,10.07118234,749.7703736,107.5665098,374.751072,184.2115642
Serpentes,Colubridae,Lampropeltis,Lampropeltis ruthveni,17.59491459,205.3693394,27.77167347,7.472244898,838.5711565,103.5766591,575.3478672,170.6518492
Serpentes,Colubridae,Lampropeltis,Lampropeltis mexicana,17.31325156,320.4920582,27.88361865,5.205212319,496.6278188,82.39174495,174.1793665,29.72499257
Serpentes,Colubridae,Lampropeltis,Lampropeltis micropholis,22.79683321,41.75980852,26.43386641,19.34182348,2294.373215,49.20239614,255.4007025,70.30639909
Serpentes,Colubridae,Lampropeltis,Lampropeltis abnorma,24.73246658,127.0606529,30.29094118,19.36937793,1934.34513,67.44660908,883.9626267,104.8288217
Serpentes,Colubridae,Cemophora,Cemophora coccinea,17.38354338,701.2427992,30.90860994,2.645113772,1280.47077,22.55063306,424.8902474,223.2403173
Serpentes,Colubridae,Bogertophis,Bogertophis subocularis,19.21115544,612.9015389,33.45871412,3.045915482,345.6597817,69.32857869,181.0717319,26.11451985
Serpentes,Colubridae,Bogertophis,Bogertophis rosaliae,21.8052883,473.3043682,33.14157885,10.87566912,171.7648485,92.3342446,124.1608537,1.033922719
Serpentes,Colubridae,Rhinocheilus,Rhinocheilus lecontei,18.12438853,670.8044854,33.63264178,2.512309763,420.2077456,63.04124647,217.7369007,33.33515986
Serpentes,Colubridae,Pseudelaphe,Pseudelaphe flavirufa,25.06348178,166.8450481,30.88494107,19.11613731,1569.302228,60.51705844,416.0333965,12.10650244
Serpentes,Colubridae,Arizona,Arizona elegans,18.36715058,685.9352805,33.89493948,2.490282248,402.0058571,63.17386481,199.4981341,34.82177312
Serpentes,Colubridae,Archelaphe,Archelaphe bella,15.94450315,518.817771,25.66750936,2.490930166,1641.305226,78.72534723,972.2895315,73.13557988
Serpentes,Colubridae,Ptyas,Ptyas dhumnades,16.60761096,722.8152725,29.53660953,1.274184799,1309.700245,66.305171,275.5767179,21.91169047
Serpentes,Colubridae,Ptyas,Ptyas major,17.16354676,660.3392373,29.0629977,2.776938649,1385.772281,66.49475093,435.2467589,217.5378872
Serpentes,Colubridae,Ptyas,Ptyas luzonensis,25.49185756,109.7355045,29.35805963,21.57710027,2489.280628,66.85322334,745.4288413,37.06197283
Serpentes,Colubridae,Ptyas,Ptyas multicinctus,21.52461837,359.4718155,28.26710101,11.90932815,1757.759093,78.27017238,607.4127189,67.70382894
Serpentes,Colubridae,Ptyas,Ptyas korros,22.28961098,306.4770332,29.45706727,12.77528626,1955.57062,72.96297909,656.3104634,74.58398275
Serpentes,Colubridae,Ptyas,Ptyas mucosa,22.9850656,410.8077664,33.13524587,10.94503766,1451.581422,92.56124422,430.4533518,24.01807457
Serpentes,Colubridae,Drymobius,Drymobius margaritiferus,24.62733979,157.6290727,30.37100126,18.78104719,1825.189937,65.67789779,532.4492856,194.4962639
Serpentes,Colubridae,Drymobius,Drymobius rhombifer,24.58619913,58.12699881,28.95613284,20.70999473,2346.362101,47.4310472,873.2617095,112.7867431
Serpentes,Colubridae,Dendrophidion,Dendrophidion percarinatum,24.01502746,51.4694491,27.6654613,20.97265744,2909.364961,45.87427612,1155.908563,280.7644121
Serpentes,Colubridae,Dendrophidion,Dendrophidion dendrophis,24.61503414,63.44248839,29.29476469,20.54717114,2305.451776,50.94719457,967.0070566,215.0947139
Serpentes,Colubridae,Chironius,Chironius laevicollis,22.00927382,192.8408609,28.4793849,14.2324954,1333.871802,64.08251508,662.7866718,98.31508254
Serpentes,Colubridae,Chironius,Chironius scurrulus,24.59909492,69.5092342,29.48774503,20.27019812,2230.947507,53.04307584,952.6896368,198.0051114
Serpentes,Colubridae,Chironius,Chironius fuscus,24.24775598,78.00403931,29.1667943,19.71933802,2196.121663,53.13194382,939.6436788,197.876167
Serpentes,Colubridae,Chironius,Chironius grandisquamis,23.14513602,57.3981589,27.11605715,19.73073938,2629.833862,50.43282147,1078.450498,241.6163055
Serpentes,Colubridae,Chironius,Chironius monticola,16.5478135,71.14976069,21.22661789,10.88355223,1791.137185,49.20435935,725.8431206,215.2127765
Serpentes,Colubridae,Chironius,Chironius quadricarinatus,23.22917615,210.3055366,30.41467078,15.23806153,1368.435763,60.80526644,637.2090829,91.75981915
Serpentes,Colubridae,Chironius,Chironius flavolineatus,24.79925444,121.5808151,31.02958217,18.83423251,1562.314396,69.71765109,775.8472645,65.48479502
Serpentes,Colubridae,Chironius,Chironius bicarinatus,22.2685716,220.4624142,29.30777234,14.23794002,1389.827685,54.71609993,623.9347857,131.0632236
Serpentes,Colubridae,Chironius,Chironius carinatus,24.75506295,77.5317051,29.9378674,20.16684834,2016.295665,58.35335379,885.6125522,165.896937
Serpentes,Colubridae,Chironius,Chironius exoletus,23.94884746,106.252971,29.43507106,18.60351505,1891.487669,58.13878719,833.0803422,157.8259397
Serpentes,Colubridae,Chironius,Chironius multiventris,24.64816266,61.25296882,29.37627627,20.62890865,2295.374788,50.94043167,963.661261,212.923363
Serpentes,Colubridae,Chironius,Chironius laurenti,24.90759086,141.8489701,30.87155246,17.46554782,1535.103333,63.26985027,732.6504904,76.99570087
Serpentes,Colubridae,Chironius,Chironius foveatus,22.02915567,183.9564171,28.13566399,14.9830953,1268.654219,65.56723714,644.986735,92.34723059
Serpentes,Colubridae,Oxybelis,Oxybelis aeneus,23.92250144,114.3813487,29.71354537,18.34086941,1815.453885,62.93660899,1127.748066,241.7695228
Serpentes,Colubridae,Oxybelis,Oxybelis fulgidus,24.52392401,67.01438652,29.30321713,20.35185353,2218.680388,53.72190295,92.71394264,19.60350375
Serpentes,Colubridae,Oxybelis,Oxybelis wilsoni,26.6554878,113.5280488,29.59512195,23.375,2547.780488,66.54878049,980.9999034,125.2817753
Serpentes,Colubridae,Leptophis,Leptophis depressirostris,23.38010289,46.94897755,27.12955336,20.02774416,2437.60442,57.84220855,763.6551103,13.05980358
Serpentes,Colubridae,Leptophis,Leptophis ahaetulla,23.86420459,123.7515882,29.57984838,18.21414046,1844.407849,58.27078231,738.8100155,113.4636003
Serpentes,Colubridae,Opheodrys,Opheodrys vernalis,7.190431602,960.7303165,25.43973992,-11.20264086,854.1196203,27.27349623,252.5431128,177.4941785
Serpentes,Colubridae,Opheodrys,Opheodrys aestivus,17.14425272,723.031738,31.23944599,1.953581265,1168.222451,24.60962785,599.5747863,322.8568376
Serpentes,Colubridae,Scolecophis,Scolecophis atrocinctus,25.26987596,71.44164549,30.4778536,20.84085713,1664.399141,88.04278098,924.1319333,27.79365423
Serpentes,Colubridae,Tantilla,Tantilla armillata,24.66510295,77.94156431,30.05214563,20.22662011,1666.841665,79.60472695,877.0438675,48.2963772
Serpentes,Colubridae,Tantilla,Tantilla vermiformis,26.4164513,65.37891242,31.1559135,22.71130653,1676.899258,88.08189758,962.423307,23.70546183
Serpentes,Colubridae,Tantilla,Tantilla impensa,23.65087382,150.8858652,29.40725946,17.78276679,2602.009859,52.11935856,1121.289322,224.5325203
Serpentes,Colubridae,Tantilla,Tantilla planiceps,19.24960695,477.9715772,31.82359204,8.028327633,256.2997076,89.55679426,161.3147431,3.265253274
Serpentes,Colubridae,Tantilla,Tantilla gracilis,17.76785526,760.9966166,32.99630157,1.523565794,953.3534146,29.84624247,334.3896564,152.1361529
Serpentes,Colubridae,Tantilla,Tantilla hobartsmithi,17.82668788,748.2617315,34.54736483,1.03369535,335.1483476,55.85626861,158.3323561,29.24638321
Serpentes,Colubridae,Tantilla,Tantilla nigriceps,16.77572245,767.9395333,33.35656133,-0.424772571,482.9193525,59.1160899,225.297647,46.13389018
Serpentes,Colubridae,Tantilla,Tantilla relicta,21.40202983,452.6033873,30.28431412,9.855108107,1326.640521,45.64940102,567.9381808,171.3022636
Serpentes,Colubridae,Tantilla,Tantilla coronata,17.03367575,700.5328204,30.43745481,2.334862074,1343.079217,19.52667032,430.765934,240.7578958
Serpentes,Colubridae,Conopsis,Conopsis nasus,17.79090374,312.6598514,28.98883978,5.705023338,633.025871,99.52736339,433.8149867,17.05800831
Serpentes,Colubridae,Conopsis,Conopsis biserialis,17.85537607,205.9807334,27.46636788,7.89247354,824.1335048,99.37472525,534.4390224,21.97457631
Serpentes,Colubridae,Pseudoficimia,Pseudoficimia frontalis,21.69096089,201.2358201,30.17552159,12.60454633,980.6663553,108.2343931,370.3448147,32.37892408
Serpentes,Colubridae,Sympholis,Sympholis lippiens,24.99279664,285.8683755,31.05871243,16.4561147,1021.82343,117.4311351,800.65144,11.89000439
Serpentes,Colubridae,Ficimia,Ficimia streckeri,23.15285816,435.3568287,32.87571477,11.24120724,804.2638055,61.41897176,934.6474359,120.9679487
Serpentes,Colubridae,Gyalopion,Gyalopion canum,18.39579452,619.6053739,32.9612814,2.376087983,372.8971461,71.22338599,521.5092284,17.03073901
Serpentes,Colubridae,Stenorrhina,Stenorrhina freminvillei,24.65092568,124.1814427,30.23824614,19.15448782,1563.379359,75.78798878,809.821779,73.64418785
Serpentes,Colubridae,Sonora,Sonora semiannulata,18.29840211,714.3257255,34.18806111,2.026481827,451.2758532,56.29064582,205.3012112,47.22230518
Serpentes,Colubridae,Sonora,Sonora aemula,20.28866468,401.8033709,31.00443618,7.726029062,955.79921,103.819121,711.9149404,25.19834135
Serpentes,Colubridae,Sonora,Sonora occipitalis,23.15834868,731.7668005,40.26171773,7.063788024,166.9906644,60.20190396,81.87424812,6.33651273
Serpentes,Colubridae,Sonora,Sonora palarostris,23.25587863,612.6219922,37.13151472,8.615923657,257.6528341,88.69438297,178.9912374,6.966395047
Serpentes,Colubridae,Sonora,Sonora mutabilis,19.18716835,250.249638,29.58989057,8.107742424,888.9142256,109.4876768,647.148367,15.81296296
Serpentes,Colubridae,Sonora,Sonora michoacanensis,19.71902201,169.6196968,29.08396674,10.33692076,952.8769573,103.1725575,615.4380321,17.05961619
Serpentes,Colubridae,Sonora,Sonora straminea,22.86897362,569.4905071,36.08733436,9.594837583,198.59333,81.81316606,127.4855772,4.385814741
Serpentes,Colubridae,Drymarchon,Drymarchon couperi,20.57008413,512.0098683,30.38627273,8.399372569,1363.209039,37.29030675,850.0216519,152.2538712
Serpentes,Colubridae,Drymarchon,Drymarchon corais,24.37110097,98.93789868,29.7961001,19.23126024,1907.180134,59.66513958,507.4813698,82.85618279
Serpentes,Colubridae,Drymoluber,Drymoluber brazili,24.86099706,129.536264,31.5881899,18.4299196,1378.84142,75.11789607,956.0114526,242.9474269
Serpentes,Colubridae,Drymoluber,Drymoluber dichrous,24.35622118,76.49361082,29.28465727,19.87567509,2141.106122,54.18377031,718.4804091,36.45640814
Serpentes,Colubridae,Leptodrymus,Leptodrymus pulcherrimus,25.70917744,73.47697679,30.76708547,21.4487903,1739.092683,84.45594725,219.6801802,37.88738739
Serpentes,Colubridae,Mastigodryas,Mastigodryas boddaerti,24.42745158,77.73780977,29.55143371,19.81188513,2040.989587,58.69205027,635.7028862,155.1850594
Serpentes,Colubridae,Palusophis,Palusophis bifossatus,24.54997455,122.1983492,30.38096134,18.978147,1820.715101,59.25746933,85.5885548,0
Serpentes,Colubridae,Mastigodryas,Mastigodryas melanolomus,24.65401637,129.1650118,30.03063998,19.27507284,1856.214729,71.22130451,445.0464159,18.64369889
Serpentes,Colubridae,Mastigodryas,Mastigodryas dorsalis,21.41467185,112.5917346,27.40356355,15.72919983,1573.792868,69.75546689,772.7755843,202.2898543
Serpentes,Colubridae,Rhinobothryum,Rhinobothryum lentiginosum,25.27831176,57.65878798,29.9744773,21.29693272,2254.317462,52.90438483,951.4482366,184.8099562
Serpentes,Colubridae,Spilotes,Spilotes pullatus,24.39814421,108.63864,29.90515568,19.11447111,1915.057965,57.30731133,842.3536615,160.1341049
Serpentes,Colubridae,Spilotes,Spilotes sulphureus,24.85929924,79.99132988,29.96405589,20.33295018,2111.012719,54.7975236,909.1385877,184.5915031
Serpentes,Colubridae,Phrynonax,Phrynonax poecilonotus,24.25868859,67.96242013,28.98058808,20.05043221,2218.798369,53.22942199,100.5773786,6.344794493
Serpentes,Colubridae,Masticophis,Masticophis schotti,20.98839634,433.7001835,31.42439865,8.468086472,671.2741604,63.86695235,566.264574,128.8475336
Serpentes,Colubridae,Masticophis,Masticophis taeniatus,13.42211988,759.633695,31.48781639,-2.726435137,358.3576191,51.47458686,908.7567568,253.0540541
Serpentes,Colubridae,Masticophis,Masticophis flagellum,17.71332419,687.9842245,32.72735276,2.163178154,683.1942571,51.55928966,936.053177,126.8260507
Serpentes,Colubridae,Masticophis,Masticophis bilineatus,19.82000379,509.5067601,32.95983284,6.253954147,635.9887119,91.68816847,1408.611111,181.5
Serpentes,Colubridae,Masticophis,Masticophis lateralis,15.06908276,556.4924046,30.68574811,2.810058354,600.2842995,84.65846992,793.7794118,190.5
Serpentes,Colubridae,Coluber,Coluber constrictor,12.77269331,809.9972428,29.8158813,-3.323294848,829.853379,38.64569114,311.7068738,119.2338295
Serpentes,Colubridae,Trimorphodon,Trimorphodon vilkinsonii,18.31101298,687.7769592,34.38529097,1.43283325,306.4090169,78.86595942,182.1826136,21.06750849
Serpentes,Colubridae,Trimorphodon,Trimorphodon lambda,20.58678753,699.8277976,36.88923049,4.720385181,321.4921345,73.5935086,202.6504612,12.99217921
Serpentes,Colubridae,Trimorphodon,Trimorphodon biscutatus,19.92984873,628.9148615,35.00212979,5.600987876,372.987143,75.32033681,231.8183571,12.72424405
Serpentes,Colubridae,Trimorphodon,Trimorphodon lyrophanes,19.27238694,586.6100174,34.10484932,6.269825899,198.0658236,77.02586718,115.8244202,4.473566058
Serpentes,Colubridae,Salvadora,Salvadora hexalepis,18.63793608,675.2580484,34.80882614,3.46756303,291.0671344,71.69754702,178.0505904,14.05443982
Serpentes,Colubridae,Phyllorhynchus,Phyllorhynchus decurtatus,21.41380883,677.6150733,37.22117192,6.517909998,217.467047,71.04607688,417.3600334,74.72966208
Serpentes,Colubridae,Phyllorhynchus,Phyllorhynchus browni,22.6144345,583.9306215,36.1155235,8.403757679,390.2831945,92.84769145,309.76119,2.709958655
Serpentes,Colubridae,Symphimus,Symphimus leucostomus,24.82424534,135.5068545,30.88007248,18.27525733,1029.171209,103.9450249,676.6196846,16.91306527
Serpentes,Colubridae,Salvadora,Salvadora grahamiae,18.87504438,628.3914936,32.80183046,3.647256233,517.3083076,58.75147408,251.3446883,54.81312241
Serpentes,Colubridae,Salvadora,Salvadora mexicana,23.42668336,146.3169505,30.31267017,15.77393649,1155.151154,110.3194159,809.0215635,11.714352
Serpentes,Colubridae,Dasypeltis,Dasypeltis confusa,24.27761863,119.4933959,31.5484916,18.41361614,1551.355392,70.45942814,773.6990625,43.34033748
Serpentes,Colubridae,Dasypeltis,Dasypeltis atra,21.27638733,111.9152972,28.56970031,15.50113227,1262.86795,62.72129361,600.9087259,72.55168452
Serpentes,Colubridae,Dasypeltis,Dasypeltis latericia,28.38505637,264.0730353,39.40258101,17.60976014,882.8978059,123.1729651,717.7899836,0.520169017
Serpentes,Colubridae,Dasypeltis,Dasypeltis gansi,26.87203722,201.9650724,36.8012477,18.17111961,923.5155619,110.98608,666.1432087,1.336960845
Serpentes,Colubridae,Dasypeltis,Dasypeltis fasciata,25.47076474,148.9634328,33.11335391,18.71578369,1394.086679,79.60921761,727.9240026,56.42532015
Serpentes,Colubridae,Dasypeltis,Dasypeltis sahelensis,27.67024261,314.8161874,38.87834901,15.55014984,418.1238336,138.1733109,394.5070156,0.307098984
Serpentes,Colubridae,Dasypeltis,Dasypeltis scabra,22.7397664,227.3910393,31.70769308,13.55586123,829.4416767,89.66476176,461.9950485,22.51019705
Serpentes,Colubridae,Toxicodryas,Toxicodryas pulverulenta,23.55181301,83.3967544,29.246888,18.75002919,1664.181537,57.02161787,732.5174846,88.79013585
Serpentes,Colubridae,Dipsadoboa,Dipsadoboa unicolor,24.14153453,96.89346804,30.11886168,19.29349961,1686.143746,58.18847217,766.1867771,91.41105959
Serpentes,Colubridae,Dipsadoboa,Dipsadoboa shrevei,21.39229229,150.3393493,30.32174619,13.5050782,1256.846852,87.200274,677.7040055,4.348793722
Serpentes,Colubridae,Crotaphopeltis,Crotaphopeltis tornieri,22.13125835,147.6332526,29.51579908,14.61972083,1156.68973,90.54408828,687.3770959,20.56180405
Serpentes,Colubridae,Crotaphopeltis,Crotaphopeltis hotamboeia,23.65053904,192.6038269,32.26157383,15.34216406,1089.219081,88.31750595,611.1059216,28.74823789
Serpentes,Colubridae,Telescopus,Telescopus fallax,16.33680981,828.3359519,34.17003155,0.318725805,506.5590898,67.76134306,244.5608645,32.44729955
Serpentes,Colubridae,Telescopus,Telescopus semiannulatus,21.52746269,250.7086192,30.86554353,11.21193981,877.4951962,93.3977923,514.3867317,9.249464326
Serpentes,Colubridae,Telescopus,Telescopus tripolitanus,27.61425374,465.1989102,40.73641998,13.01368687,229.7770477,148.1989776,215.5289073,0.37789011
Serpentes,Colubridae,Telescopus,Telescopus dhara,24.79598056,273.757348,34.8805332,14.80014178,429.1266894,105.8834465,292.5651919,14.41974299
Serpentes,Colubridae,Boiga,Boiga multomaculata,19.19069254,583.8171035,29.62643308,5.653395343,1541.25634,65.46965173,790.8101632,108.2854688
Serpentes,Colubridae,Boiga,Boiga beddomei,24.56916669,187.3090455,33.92465769,16.15118573,1477.062888,100.4035951,1114.129012,28.53589579
Serpentes,Colubridae,Boiga,Boiga ceylonensis,25.22887583,169.5705626,33.45747521,17.74611884,1484.06025,93.70719825,1054.454936,49.93606604
Serpentes,Colubridae,Boiga,Boiga barnesii,24.22643236,72.2071817,28.34541114,19.94649204,2209.669297,42.07625995,909.4090849,264.6465517
Serpentes,Colubridae,Boiga,Boiga trigonata,21.45880563,616.1117098,36.17126509,5.82405,817.0642119,104.7085974,596.9812307,17.02420807
Serpentes,Colubridae,Boiga,Boiga irregularis,24.46673804,222.7728211,31.15626408,16.63412028,1639.16495,69.69212013,760.8316259,189.8318052
Serpentes,Colubridae,Boiga,Boiga dendrophila,25.26104996,44.85232656,28.70408872,22.03360952,2740.899836,35.91624208,1045.743606,380.9958094
Serpentes,Colubridae,Boiga,Boiga forsteni,25.85069612,352.0636017,36.80707493,13.87982981,1154.2567,115.6506564,898.7200469,20.12833512
Serpentes,Colubridae,Boiga,Boiga cynodon,25.33934083,42.72561362,28.74450963,22.1820539,2796.57662,32.97559403,1033.778632,412.1386916
Serpentes,Colubridae,Boiga,Boiga kraepelini,17.74388981,667.8259813,29.71607182,3.322082593,1473.487047,63.12834041,743.9558379,109.8573826
Serpentes,Colubridae,Lycodon,Lycodon nympha,26.44171459,256.3559926,35.98776849,17.18531727,1301.183409,93.90479859,804.9348277,129.9463265
Serpentes,Colubridae,Lycodon,Lycodon dumerilii,25.39654965,48.41877865,28.56018513,22.66080198,2396.09915,33.67034496,914.5019443,21.61705551
Serpentes,Colubridae,Lycodon,Lycodon bibonius,25.31095406,174.1120141,28.32120141,21.70706714,2966.759717,55.22261484,1250.853652,288.4594044
Serpentes,Colubridae,Lycodon,Lycodon alcalai,25.42265625,206.9351563,28.5328125,21.34453125,2927.507813,44.8125,272.475205,46.60526777
Serpentes,Colubridae,Lycodon,Lycodon chrysoprateros,25.71592742,175.9270161,28.70887097,22.08306452,3121.439516,54.39112903,853.2396449,154.5651308
Serpentes,Colubridae,Lycodon,Lycodon muelleri,25.36035308,116.5051243,29.28137323,21.30375276,2504.177112,69.05795757,1005.391107,474.9880395
Serpentes,Colubridae,Lycodon,Lycodon carinatus,24.6255277,62.29350907,28.54681399,20.68356952,2601.552274,40.4198791,1399.1875,219.3720238
Serpentes,Colubridae,Lycodon,Lycodon laoensis,22.41591121,267.778813,29.09071767,13.40245582,1696.68106,80.98706158,1456.780242,224.4979839
Serpentes,Colubridae,Lycodon,Lycodon anamallensis,26.95836685,98.78089191,31.07468891,22.85291047,1642.976001,64.30300666,256.5791815,17.1902592
Serpentes,Colubridae,Lycodon,Lycodon aulicus,24.33795783,453.3173056,36.16377642,10.56873102,1253.56625,110.6990956,267.5603059,7.646202642
Serpentes,Colubridae,Lycodon,Lycodon capucinus,24.28102072,185.6762429,29.87990608,17.49755287,2180.075916,60.18079573,827.0531532,283.8009009
Serpentes,Colubridae,Lycodon,Lycodon zawi,22.19553245,344.879573,29.44523562,9.865290492,2737.304986,89.11439555,1621.986157,135.4393469
Serpentes,Colubridae,Lycodon,Lycodon jara,20.10012333,445.7022112,28.80312159,6.556756718,2251.949284,94.10845356,784.7692308,129.6923077
Serpentes,Colubridae,Lycodon,Lycodon effraenis,25.23678293,34.6568848,28.65063073,22.10734229,2908.253644,26.21353396,1458.992933,217.7491166
Serpentes,Colubridae,Lycodon,Lycodon stormi,23.74309297,21.77884386,25.86152265,21.77442789,1956.750387,22.92786055,1341.551674,147.910402
Serpentes,Colubridae,Lycodon,Lycodon subcinctus,22.66726818,260.3872571,29.20590528,14.48374382,2032.949063,61.7260203,373.3640582,10.84298787
Serpentes,Colubridae,Lycodon,Lycodon futsingensis,21.41736839,531.2138622,30.65197763,8.781641882,1703.324016,66.59912685,1021.2527,287.229016
Serpentes,Colubridae,Lycodon,Lycodon flavozonatus,19.1945015,669.1076292,31.00010295,4.684805913,1621.711575,59.77275166,1009.945432,201.8002445
Serpentes,Colubridae,Lycodon,Lycodon paucifasciatus,24.82805928,283.8140385,30.81642559,17.38260715,2401.607862,87.79652143,867.0518858,98.61477996
Serpentes,Colubridae,Lycodon,Lycodon semicarinatus,22.10268535,433.3553999,28.64638062,14.8382662,2555.358144,33.01167542,517.2222222,15.2962963
Serpentes,Colubridae,Lycodon,Lycodon rufozonatus,11.74597911,908.9590279,27.30845043,-6.603182165,1090.059396,75.39223025,1451.694181,42.68277483
Serpentes,Colubridae,Lycodon,Lycodon butleri,23.87109189,52.64178103,27.97946002,19.65593675,2761.415722,33.33860382,1360.566285,152.6426497
Serpentes,Colubridae,Lycodon,Lycodon cavernicolus,26.22307692,59.06153846,29.66923077,23.40769231,2031.307692,42.46153846,1176.632813,239.8984375
Serpentes,Colubridae,Lycodon,Lycodon fasciatus,19.09328945,513.4633086,29.08499155,6.00945411,1692.802863,76.47116241,1042.161247,386.6661695
Serpentes,Colubridae,Lycodon,Lycodon liuchengchaoi,10.68148148,672.7481481,22.80740741,-3.522222222,816.1111111,89.48148148,918.52015,342.1153715
Serpentes,Colubridae,Lycodon,Lycodon multizonatus,8.015717115,730.3946684,21.92446475,-7.782699897,680.2626747,81.5725789,969.1706742,71.61424349
Serpentes,Colubridae,Lycodon,Lycodon synaptor,13.7086,459.036,22.5671,0.9465,797.307,86.118,867.7313395,34.93762352
Serpentes,Colubridae,Lycodon,Lycodon ruhstrati,18.04445917,673.0586464,30.08844795,3.679197959,1495.779279,63.40741046,967.6801782,47.39360969
Serpentes,Colubridae,Stegonotus,Stegonotus batjanensis,25.2952381,20.86190476,27.17619048,23.54285714,2485,17.19047619,801.952381,480.2857143
Serpentes,Colubridae,Mopanveldophis,Mopanveldophis zebrinus,22.48419467,284.0966792,33.36821877,9.51859984,395.619039,115.1011468,316.5855585,5.89427454
Serpentes,Colubridae,Bamanophis,Bamanophis dorri,28.23125173,258.109331,39.0481503,17.65818076,856.5026065,117.8982658,659.4649703,2.371398047
Serpentes,Colubridae,Macroprotodon,Macroprotodon brevis,16.36551327,568.3510038,31.40232562,4.121688688,517.2795083,58.98192783,800.9892473,254.5989247
Serpentes,Colubridae,Macroprotodon,Macroprotodon cucullatus,19.36289138,661.6405953,35.59823103,5.178402876,219.8583021,65.83192993,869.5700998,227.3887279
Serpentes,Colubridae,Macroprotodon,Macroprotodon mauritanicus,16.56691176,602.8490231,31.48233137,5.11492545,536.7586634,48.59494808,364.48656,70.96984397
Serpentes,Colubridae,Macroprotodon,Macroprotodon abubakeri,17.37094642,595.3895336,32.17504036,5.796857961,375.6809528,55.62472204,73.47623884,0.647611324
Serpentes,Colubridae,Hemerophis,Hemerophis socotrae,24.84147455,119.4534125,27.98813056,22.78735449,304.8326866,143.5727003,751.0195352,62.1989193
Serpentes,Colubridae,Lytorhynchus,Lytorhynchus diadema,25.3644378,633.7944134,40.60094818,9.013048875,85.29101304,138.5561202,945.9887574,5.963840522
Serpentes,Colubridae,Hemorrhois,Hemorrhois hippocrepis,16.20830809,595.5256842,31.56601181,3.836888886,481.2022555,52.87817547,777.8093656,57.2376525
Serpentes,Colubridae,Hemorrhois,Hemorrhois algirus,21.95665711,639.0869141,38.06138298,7.187271571,100.2376948,78.08786956,1051.474499,352.2617151
Serpentes,Colubridae,Hemorrhois,Hemorrhois nummifer,14.3716026,796.7508736,32.11434757,-1.407990887,452.0201952,75.5341299,947.5416667,98.83333333
Serpentes,Colubridae,Hemorrhois,Hemorrhois ravergieri,13.27031308,991.1985335,33.31794814,-6.213041699,283.1241758,67.49269708,325.5726197,34.03679438
Serpentes,Colubridae,Spalerosophis,Spalerosophis microlepis,17.95048185,911.965076,37.99292208,-0.960157122,339.787029,97.97922191,217.0158771,1.358055722
Serpentes,Colubridae,Spalerosophis,Spalerosophis diadema,23.6422737,679.0371788,39.36862966,6.831704381,138.1415827,134.1679833,108.3130259,3.375890682
Serpentes,Colubridae,Platyceps,Platyceps rhodorachis,18.85588781,771.5737558,36.10529325,1.620203936,227.1952147,91.11293876,734.917031,74.06787769
Serpentes,Colubridae,Platyceps,Platyceps karelini,15.80427738,974.1437548,36.02216604,-3.075144118,182.4757752,73.98289343,103.3706288,0.636905005
Serpentes,Colubridae,Platyceps,Platyceps elegantissimus,24.3897077,692.1151541,40.03527133,7.569715628,86.32782186,91.94884566,455.8313799,225.1465208
Serpentes,Colubridae,Platyceps,Platyceps florulentus,24.91465941,248.4960081,34.5119645,15.77638718,611.0610494,108.5906135,396.2475388,263.2922313
Serpentes,Colubridae,Platyceps,Platyceps variabilis,25.12559881,281.4507649,34.33465403,15.55288323,235.3824767,81.30806942,715.3696248,111.3210256
Serpentes,Colubridae,Platyceps,Platyceps ventromaculatus,24.54863519,583.6028615,38.59961741,7.949226105,621.8180846,126.8551931,385.8788833,23.67010185
Serpentes,Colubridae,Platyceps,Platyceps collaris,15.14838265,703.8589443,30.52261696,1.806987796,696.2521109,75.98047544,692.0725127,42.47023926
Serpentes,Colubridae,Platyceps,Platyceps najadum,15.49668091,851.7662207,33.92110707,-1.777677709,431.1836,74.87751665,818.033179,49.52573119
Serpentes,Colubridae,Dolichophis,Dolichophis caspius,10.34883438,938.2353502,28.65837414,-5.906314831,495.097319,24.3866494,177.3532282,83.52981276
Serpentes,Colubridae,Dolichophis,Dolichophis schmidti,12.12227277,885.4623362,31.35214204,-5.104296234,428.6574909,58.15780249,193.1593698,23.8066641
Serpentes,Colubridae,Hierophis,Hierophis andreanus,17.51798464,897.5043283,37.62130763,-1.01731426,503.9164102,106.2473603,362.2254132,175.1724129
Serpentes,Colubridae,Dolichophis,Dolichophis jugularis,14.48242243,860.2786729,33.55309123,-2.185845233,499.1983108,76.59150157,263.2357551,9.410768453
Serpentes,Colubridae,Eirenis,Eirenis hakkariensis,6.141619156,909.9194983,26.34344356,-11.08506271,673.8072976,62.54389966,286.9053015,11.85775805
Serpentes,Colubridae,Eirenis,Eirenis medus,16.71945127,898.6785484,35.98863842,-1.160579198,402.3343029,70.2729088,315.954739,7.675718875
Serpentes,Colubridae,Eirenis,Eirenis punctatolineatus,12.87267297,920.667672,33.04391174,-5.731276193,412.3568723,77.84783398,138.8382419,6.262945894
Serpentes,Colubridae,Eirenis,Eirenis eiselti,14.9268576,893.6023827,34.92864811,-1.691461461,600.2983184,69.72084186,307.8996061,9.08900583
Serpentes,Colubridae,Eirenis,Eirenis collaris,15.84980608,897.2002953,35.22266751,-2.344737442,332.3815398,76.16843574,344.9356506,24.07197062
Serpentes,Colubridae,Eirenis,Eirenis barani,15.49305644,781.4173451,32.88606412,0.406218821,714.6741416,64.35294691,383.4331961,23.86995216
Serpentes,Colubridae,Eirenis,Eirenis levantinus,16.50389145,707.7992605,32.04070726,2.616881919,747.7155597,74.61214637,307.6374002,18.37742303
Serpentes,Colubridae,Eirenis,Eirenis lineomaculatus,16.75817547,700.0648198,32.56745794,2.57807055,553.9772112,86.69903781,398.3778752,18.96602091
Serpentes,Colubridae,Eirenis,Eirenis rothii,16.9298995,695.1047249,32.88078382,2.493272444,437.4566943,91.74596939,214.7821642,9.277652672
Serpentes,Colubridae,Eirenis,Eirenis coronelloides,19.59366066,880.6285698,39.23166456,2.243268702,280.5634728,86.6574698,170.7442808,14.71093493
Serpentes,Colubridae,Eirenis,Eirenis decemlineatus,16.52163164,739.4360246,33.07444588,1.731123996,559.5953742,85.13239641,151.101888,0.104247518
Serpentes,Colubridae,Eirenis,Eirenis persicus,19.76239434,850.8268058,38.52332356,1.094295915,236.7100072,91.42296643,234.2760754,26.68398094
Serpentes,Colubridae,Eirenis,Eirenis aurolineatus,16.13469796,783.1253198,32.95110691,1.257192124,703.7632662,72.0990099,240.8183852,68.95172278
Serpentes,Colubridae,Eirenis,Eirenis modestus,13.09451796,846.3048455,31.50463423,-3.58101272,478.1425789,66.25141159,203.0983875,22.95546168
Serpentes,Colubridae,Orientocoluber,Orientocoluber spinalis,6.214768283,1251.308823,28.0740506,-18.11456375,370.7935596,89.17003584,393.941463,7.875304471
Serpentes,Colubridae,Hierophis,Hierophis cypriensis,15.54308483,548.319126,25.63583548,6.752956298,659.1120823,87.38663239,410.9043702,15.85398458
Serpentes,Colubridae,Hierophis,Hierophis viridiflavus,11.86709292,602.30599,25.33986213,0.647669744,900.3304102,24.5457773,1040.153846,47.46153846
Serpentes,Colubridae,Hierophis,Hierophis gemonensis,13.80288242,640.3857845,27.23022369,2.415351404,1012.758503,54.52167888,478.5480728,211.8162343
Serpentes,Colubridae,Scaphiophis,Scaphiophis albopunctatus,24.7491977,145.0576445,32.98796145,18.03929195,1304.165276,79.44662618,678.8189898,26.78902989
Serpentes,Colubridae,Thelotornis,Thelotornis capensis,21.70462603,237.6435512,30.79004649,11.8788724,950.7074557,94.18795832,565.9515757,10.62793383
Serpentes,Colubridae,Dispholidus,Dispholidus typus,23.02107618,200.3472459,31.71070385,14.49017173,1052.721649,85.56177756,585.4105382,28.26722009
Serpentes,Colubridae,Thrasops,Thrasops jacksonii,22.89913841,80.99250386,28.86909171,17.95495087,1585.480987,55.84977268,677.5836888,88.55309273
Serpentes,Colubridae,Philothamnus,Philothamnus thomensis,24.2150333,113.8543292,26.49828735,22.00837298,1064.219791,67.08753568,717.0289433,99.0592396
Serpentes,Colubridae,Philothamnus,Philothamnus girardi,25.09411765,147.6058824,27.77058824,22.31764706,1170.647059,77,752.235021,36.24916868
Serpentes,Colubridae,Philothamnus,Philothamnus carinatus,23.60420711,81.58513606,29.08426079,19.1487796,1677.163511,53.42248121,570.1933658,72.03120972
Serpentes,Colubridae,Philothamnus,Philothamnus heterodermus,24.01321834,90.41581262,29.65143237,19.31420034,1704.363476,57.72821161,767.1518988,140.148638
Serpentes,Colubridae,Philothamnus,Philothamnus hoplogaster,21.61155864,190.1077871,29.85761506,13.14460354,1093.665081,85.7391686,571.4568948,77.80957134
Serpentes,Colubridae,Philothamnus,Philothamnus natalensis,19.81899625,321.7180376,28.11515968,8.599524684,739.1436862,69.40252523,509.1796963,80.7281634
Serpentes,Colubridae,Philothamnus,Philothamnus semivariegatus,23.64083774,190.9097921,32.08287621,15.3938528,1103.153009,86.75100551,651.4690004,40.81978142
Serpentes,Colubridae,Philothamnus,Philothamnus angolensis,22.55378918,156.1488446,30.23850917,15.21461895,1291.109414,78.28405777,899.7566124,170.7485063
Serpentes,Colubridae,Philothamnus,Philothamnus nitidus,23.59648006,75.43376318,28.75519153,19.28656322,1740.207412,51.78205241,962.7028275,191.6469777
Serpentes,Colubridae,Hapsidophrys,Hapsidophrys smaragdinus,23.91219536,80.81873192,29.41304206,19.186358,1711.458291,56.72742357,997.563754,110.8431617
Serpentes,Colubridae,Hapsidophrys,Hapsidophrys principis,24.4357433,111.5127539,26.69171405,22.28432169,1194.329813,65.62875711,840.8771186,265.0505448
Serpentes,Colubridae,Hapsidophrys,Hapsidophrys lineatus,23.65438299,73.46912859,28.71628382,19.37638777,1745.102024,50.62344015,963.4186479,176.422894
Serpentes,Colubridae,Oligodon,Oligodon taeniolatus,23.12025446,542.7396225,37.18569026,8.564919807,878.7047621,110.0233115,1041.452245,148.1151045
Serpentes,Colubridae,Oligodon,Oligodon calamarius,26.67930693,97.72731536,30.80384823,22.55787249,1674.718752,63.26910623,958.8721365,6.867712123
Serpentes,Colubridae,Oligodon,Oligodon sublineatus,26.11431539,75.43008138,29.97948377,22.09199442,1993.19035,45.89311132,806.389136,123.5309405
Serpentes,Colubridae,Oligodon,Oligodon arnensis,24.95924827,463.2461998,37.45337945,10.9849121,1017.298854,116.4222686,959.1710738,6.696756546
Serpentes,Colubridae,Oligodon,Oligodon modestus,26.13733201,61.55332216,29.22874534,23.50364874,2352.020757,56.22032623,859.1748856,161.331436
Serpentes,Colubridae,Oligodon,Oligodon venustus,21.48331246,123.6518932,28.60770787,15.03714231,1890.892282,76.96541093,1437.475857,7.262542506
Serpentes,Colubridae,Oligodon,Oligodon octolineatus,25.28256292,35.1093822,28.65575361,22.16345209,2878.355373,28.83117829,1072.20888,50.49875902
Serpentes,Colubridae,Oligodon,Oligodon chinensis,18.41355763,669.601847,30.31173129,3.694183991,1464.094869,64.28901565,268.6676061,20.9218618
Serpentes,Colubridae,Oligodon,Oligodon formosanus,19.13288685,632.3401459,30.31604939,5.258060603,1612.749473,61.71252992,799.8361229,19.65716311
Serpentes,Colubridae,Oligodon,Oligodon ocellatus,24.64690053,147.5890755,30.07599053,18.56369952,2313.704558,76.16669211,752.1919875,109.5335013
Serpentes,Colubridae,Oligodon,Oligodon barroni,24.70014098,142.9243992,29.71920256,18.93300363,1878.234211,75.49097918,983.5510816,3.651854748
Serpentes,Colubridae,Oligodon,Oligodon taeniatus,25.49449034,181.7075228,31.34875055,18.26531769,1835.361148,80.3062443,855.7390987,321.8203022
Serpentes,Colubridae,Oligodon,Oligodon cyclurus,23.71626929,356.0986312,31.89209217,11.26180422,2316.030623,93.91864132,1058.853292,311.8524565
Serpentes,Colubridae,Oligodon,Oligodon splendidus,25.35855375,325.9372559,35.01824732,13.05099371,1108.428092,86.75116226,1475.15743,27.90122079
Serpentes,Colubridae,Oligodon,Oligodon torquatus,24.77720432,330.1229286,33.75330026,12.48485178,1492.91645,91.43071188,1017.096816,452.2338019
Serpentes,Colubridae,Oligodon,Oligodon planiceps,26.52348156,203.1303697,35.53200366,16.5529837,2166.982195,102.2079955,1126.226186,10.08784137
Serpentes,Colubridae,Oligodon,Oligodon cruentatus,25.99669149,262.1347294,35.27008528,14.98061776,1759.063926,95.19392032,349.2127565,109.9609857
Serpentes,Colubridae,Oligodon,Oligodon theobaldi,26.03507243,317.5534824,36.47690048,13.63362374,720.9353811,86.15537412,1290.512558,72.98992289
Serpentes,Colubridae,Oligodon,Oligodon maculatus,25.11188931,44.39049694,28.43207215,22.27517136,2279.554388,32.91163227,1021.463796,57.08950325
Serpentes,Colubridae,Oligodon,Oligodon cinereus,22.41515438,349.2173543,30.29669387,11.57566894,1818.266791,83.09421362,352.6239434,66.15845249
Serpentes,Colubridae,Dendrelaphis,Dendrelaphis pictus,23.012672,249.8430934,29.49156836,14.54715809,2125.51814,67.8669845,1063.130285,165.7345405
Serpentes,Colubridae,Dendrelaphis,Dendrelaphis caudolineolatus,25.86083163,88.56958564,30.09048731,21.6216049,1784.580274,57.585089,845.3015465,189.2423986
Serpentes,Colubridae,Dendrelaphis,Dendrelaphis bifrenalis,26.61296767,187.9009942,34.43204977,19.39645253,1289.463696,85.63463837,872.2973482,38.8758673
Serpentes,Colubridae,Dendrelaphis,Dendrelaphis caudolineatus,25.26226984,35.18989979,28.66652517,22.14351381,2890.717262,26.84007644,1005.403992,467.7422374
Serpentes,Colubridae,Dendrelaphis,Dendrelaphis tristis,25.90178281,364.5059044,37.15287157,13.83561905,1225.301777,115.133637,949.9379031,18.93724537
Serpentes,Colubridae,Dendrelaphis,Dendrelaphis schokari,26.44166667,108.1333333,32.84166667,20.99166667,3441.333333,83.75,2157.583333,76.66666667
Serpentes,Colubridae,Chrysopelea,Chrysopelea taprobanica,26.22611927,101.3205072,30.65330493,21.7454257,1528.895677,61.56192464,800.4959403,158.4393333
Serpentes,Colubridae,Chrysopelea,Chrysopelea ornata,23.17677244,379.312142,32.75608079,11.48359699,1547.423883,96.22026051,1004.12217,40.37578588
Serpentes,Colubridae,Chrysopelea,Chrysopelea paradisi,25.24130188,42.50349071,28.59362198,22.15424166,2741.391271,33.93211804,1023.541366,394.3305609
Serpentes,Colubridae,Ahaetulla,Ahaetulla fronticincta,24.3389259,237.3395958,31.9552247,15.0025454,3036.031587,104.4121996,2077.168344,18.97409814
Serpentes,Colubridae,Ahaetulla,Ahaetulla pulverulenta,24.87175555,173.0821291,33.50691899,17.03643919,1575.246404,97.09552319,1158.111152,43.69892572
Serpentes,Colubridae,Ahaetulla,Ahaetulla nasuta,26.00654117,368.3207857,37.47218818,13.84799353,1198.260718,115.6678097,938.4627209,17.61245391
Serpentes,Colubridae,Ahaetulla,Ahaetulla prasina,24.24916124,194.4402692,29.98913071,16.98035188,2222.391501,63.59806653,1066.173866,189.4854385
Serpentes,Colubridae,Oreocalamus,Oreocalamus hanitschi,24.91636132,44.89485679,28.6491448,21.46799134,3135.928056,25.39640168,771.1316807,128.7220081
Serpentes,Colubridae,Calamaria,Calamaria yunnanensis,17.50406931,396.5479556,25.87718069,5.416296729,1047.326908,77.38298287,598.8849299,53.3510514
Serpentes,Colubridae,Calamaria,Calamaria pavimentata,21.72311513,318.9787866,29.02550495,12.07713676,1883.182599,72.83659742,995.3907986,107.3211495
Serpentes,Colubridae,Calamaria,Calamaria septentrionalis,18.75784471,682.9803686,30.82342188,4.123410954,1555.106433,59.36997148,768.193493,123.9310128
Serpentes,Colubridae,Pseudorabdion,Pseudorabdion oxycephalum,26.1482153,61.34040963,29.13428002,23.58203686,2244.434968,53.61897532,279.9745218,19.91795835
Serpentes,Colubridae,Grayia,Grayia tholloni,24.93206453,155.0175726,33.34837713,17.51736952,1219.135774,86.31484576,192.1573513,17.4798084
Serpentes,Colubridae,Grayia,Grayia ornata,23.18026933,77.65903136,28.85244397,18.38686568,1647.288733,55.43988642,1068.687946,264.6389897
Serpentes,Colubridae,Grayia,Grayia smithii,24.61506607,125.7393222,31.96089401,18.42798933,1456.303355,71.7716048,1173.393734,64.74072294
Serpentes,Colubridae,Sibynophis,Sibynophis bistrigatus,26.46175645,246.7498312,36.76865659,15.39628706,1706.922208,97.26732871,1117.70959,8.064185675
Serpentes,Colubridae,Sibynophis,Sibynophis subpunctatus,26.33941371,333.3584274,37.79162607,15.03814736,1157.097903,116.1799184,920.3953308,16.67116865
Serpentes,Colubridae,Sibynophis,Sibynophis triangularis,27.08277922,90.12910724,31.06326635,21.52601408,2177.475736,78.34348954,1182.265836,38.55964067
Serpentes,Colubridae,Sibynophis,Sibynophis chinensis,16.73564552,660.0361244,28.63904718,2.304283746,1341.897581,67.85126357,696.4814768,88.66537394
Serpentes,Colubridae,Sibynophis,Sibynophis collaris,21.42660982,308.7346034,28.88588793,11.20162719,1895.856592,83.93822479,1133.374733,55.0621401
Serpentes,Colubridae,Scaphiodontophis,Scaphiodontophis annulatus,23.93981065,152.067442,29.66514571,17.95192376,1913.271408,65.03240432,910.7378782,130.5511727
Serpentes,Colubridae,Tantalophis,Tantalophis discolor,15.39745283,152.1678538,23.71738208,6.872924528,728.5110849,90.03231132,403.5941038,19.47429245
Serpentes,Colubridae,Coniophanes,Coniophanes fissidens,24.28619412,91.58056574,28.95351,19.99987996,2312.577473,62.08435692,1047.206296,146.2342642
Serpentes,Colubridae,Rhadinaea,Rhadinaea fulvivittis,16.74204177,172.4031104,24.6724838,8.39621444,1194.306356,83.89264494,640.6807706,59.74090745
Serpentes,Colubridae,Rhadinaea,Rhadinaea flavilata,20.14657538,532.849574,30.20130293,7.844654974,1349.437953,36.06420218,527.8616965,202.5876415
Serpentes,Colubridae,Amastridium,Amastridium veliferum,25.43054879,43.0283361,28.4316795,23.13028073,3795.609221,37.89492153,1454.133736,420.6604932
Serpentes,Colubridae,Imantodes,Imantodes gemmistratus,24.77442376,128.6550653,30.1917498,19.49880431,1814.734723,73.71622873,409.6551724,44.75066313
Serpentes,Colubridae,Imantodes,Imantodes chocoensis,25.28475707,28.97237171,27.85103464,22.93060714,6250.815357,19.71689532,471.0337453,230.3785009
Serpentes,Colubridae,Imantodes,Imantodes lentiferus,24.95665504,59.37907401,29.39439584,21.08107548,2379.22285,47.67845647,673.5019338,4.829349207
Serpentes,Colubridae,Imantodes,Imantodes cenchoa,23.81812856,108.9119207,29.3323647,18.41541917,1864.397101,59.06863421,391.7295745,71.12281389
Serpentes,Colubridae,Leptodeira,Leptodeira maculata,23.04859793,160.6674282,30.63693764,14.91653585,1100.744985,109.777372,429.66032,167.4087846
Serpentes,Colubridae,Leptodeira,Leptodeira rubricata,24.72394479,58.98323066,28.39705681,22.37184577,3723.720169,57.89002966,672.8142131,84.03324169
Serpentes,Colubridae,Leptodeira,Leptodeira septentrionalis,23.51177899,136.643841,28.863802,17.87399541,1882.368741,61.09966032,493.1911615,151.5647877
Serpentes,Colubridae,Leptodeira,Leptodeira annulata,22.87272839,133.103746,28.83017239,16.81717551,1696.316821,64.41414143,404.7256292,101.6550555
Serpentes,Colubridae,Leptodeira,Leptodeira bakeri,27.36936937,82.24324324,29.15630631,25.66846847,404.2747748,68.24324324,644.4145805,11.23656072
Serpentes,Colubridae,Leptodeira,Leptodeira punctata,23.22363798,235.4974187,30.6968859,13.99830025,1192.337414,117.1872265,361.5696203,217.4683544
Serpentes,Colubridae,Leptodeira,Leptodeira splendida,21.85752496,308.3919061,31.46245064,11.07367458,828.7859749,107.2562445,757.94416,84.46015332
Serpentes,Colubridae,Leptodeira,Leptodeira frenata,25.50067699,177.1752272,31.46182809,19.41409753,1547.56972,61.07585484,429.6319422,163.5966562
Serpentes,Colubridae,Leptodeira,Leptodeira uribei,25.82930601,153.382776,30.76447321,19.29147789,1028.382956,110.882776,762.9500289,134.7914363
Serpentes,Colubridae,Leptodeira,Leptodeira nigrofasciata,25.52052284,78.35359638,30.63304911,21.01542678,1794.595644,86.22648519,568.4566632,119.8728179
Serpentes,Colubridae,Imantodes,Imantodes inornatus,21.56146051,45.94918092,25.39881138,18.14889834,2689.112426,44.04772124,415.567283,127.165083
Serpentes,Colubridae,Nothopsis,Nothopsis rugosus,24.79334746,50.8646381,28.1947982,21.98149574,3146.484909,50.88430992,472.6873595,206.1793035
Serpentes,Colubridae,Trimetopon,Trimetopon gracile,20.26935904,39.0935383,23.67115685,17.73824909,3785.588588,37.09223554,1327.120375,416.0914539
Serpentes,Colubridae,Pseudoleptodeira,Pseudoleptodeira latifasciata,23.57072006,133.6108955,31.21047116,15.83003215,1020.926525,108.5652737,678.6290658,14.18751273
Serpentes,Colubridae,Hypsiglena,Hypsiglena slevini,22.82587188,430.7895267,33.06212312,12.50241899,174.4714071,98.77104196,779.3928425,431.9672427
Serpentes,Colubridae,Hypsiglena,Hypsiglena jani,17.71960136,660.407409,32.58650442,1.811105036,470.1696113,61.6348405,951.6693646,444.6050667
Serpentes,Colubridae,Hypsiglena,Hypsiglena chlorophaea,13.6255065,820.7549725,33.09813862,-2.5031095,264.0189161,43.32343415,973.2417635,195.6765521
Serpentes,Colubridae,Hypsiglena,Hypsiglena torquata,23.91286482,212.5121539,31.37119741,15.27463121,1014.367515,111.432169,1022.922148,284.8024574
Serpentes,Colubridae,Hypsiglena,Hypsiglena affinis,20.13456096,223.1396776,31.01132977,9.317542873,883.2101959,112.9280292,1103.139976,181.4578897
Serpentes,Colubridae,Hypsiglena,Hypsiglena ochrorhynchus,17.80521609,515.6146101,31.99309472,5.960637594,371.0558906,86.62227771,1251.207364,152.9199874
Serpentes,Colubridae,Hypsiglena,Hypsiglena tanzeri,17.92899628,283.9267658,26.97546468,7.456133829,838.6765799,80.83271375,1174.983066,75.14055498
Serpentes,Colubridae,Tretanorhinus,Tretanorhinus variabilis,25.14139369,186.0788155,30.11041667,19.4241215,1391.437723,60.51116736,625.730941,106.2948308
Serpentes,Colubridae,Hydromorphus,Hydromorphus concolor,24.07507525,75.71790608,28.35720995,20.48902551,2534.864105,53.87456587,412.5936863,96.77773619
Serpentes,Colubridae,Adelphicos,Adelphicos quadrivirgatum,23.23992462,238.3536603,30.31588706,15.19453447,1705.532539,65.68260833,824.2084011,118.5711585
Serpentes,Colubridae,Geophis,Geophis latifrontalis,18.01780303,323.8549242,28.88068182,5.475,295.8484848,67.56439394,491.5034176,46.31129652
Serpentes,Colubridae,Geophis,Geophis occabus,17.01111111,100.3111111,24.48333333,9.583333333,1706.944444,108.0555556,965.3156208,20.99490112
Serpentes,Colubridae,Geophis,Geophis godmani,19.18796215,44.90257642,22.89797671,16.54588064,3203.190539,46.41921397,1104.456685,355.8575911
Serpentes,Colubridae,Atractus,Atractus reticulatus,20.57241173,317.9389308,28.37866141,11.1598913,1581.992825,29.44611572,560.4246126,240.6127883
Serpentes,Colubridae,Atractus,Atractus zidoki,25.44237745,78.12604434,31.29707492,22.08986766,2638.231266,45.70105614,1096.427587,222.6186918
Serpentes,Colubridae,Atractus,Atractus badius,23.45550469,64.53679503,28.35841723,19.24130604,2292.384003,44.91767985,930.0302357,224.9748629
Serpentes,Colubridae,Atractus,Atractus flammigerus,24.94620608,64.66320457,29.6424946,20.61858833,2252.16663,41.49170349,876.9824529,241.5617353
Serpentes,Colubridae,Atractus,Atractus wagleri,24.13,33.95,28.9,19.34,1791.4,37.3,703.1,205.5
Serpentes,Colubridae,Atractus,Atractus schach,25.21009394,54.23530162,29.41361699,21.81922923,2478.26686,44.86195968,1003.402884,280.3081251
Serpentes,Colubridae,Atractus,Atractus trihedrurus,20.25508154,262.5389913,26.74462253,12.69627606,1910.826072,39.01972135,773.2057242,248.8332433
Serpentes,Colubridae,Atractus,Atractus zebrinus,20.14335683,228.3207137,26.70705855,12.12551554,1515.51125,55.68745656,706.4290766,140.67472
Serpentes,Colubridae,Atractus,Atractus albuquerquei,25.20802213,85.97466794,31.0902534,19.96953646,1899.378913,67.82266348,909.458164,67.99411788
Serpentes,Colubridae,Atractus,Atractus elaps,24.62769581,53.57684782,28.59062288,20.82472917,2555.163717,38.94402641,971.6387395,322.9768954
Serpentes,Colubridae,Geophis,Geophis turbidus,23.75262461,250.174989,30.75341861,15.23608293,1870.554918,60.42258491,1165.416667,50.83333333
Serpentes,Colubridae,Geophis,Geophis dubius,16.99214853,141.1597722,24.71101665,9.003250728,975.9275002,89.2563424,1587.526838,61.49250031
Serpentes,Colubridae,Geophis,Geophis juarezi,14.20738255,176.1583893,21.77852349,6.116778523,2090.52349,74.46979866,712.5613878,85.37417404
Serpentes,Colubridae,Geophis,Geophis carinosus,20.97862427,178.8142075,27.52931214,14.08534865,2239.763073,64.1814261,639.8210064,27.43760636
Serpentes,Colubridae,Ninia,Ninia atrata,20.68967315,33.37595153,24.58399876,17.14593957,2520.082958,40.60649371,272.7332891,108.0785746
Serpentes,Colubridae,Dipsas,Dipsas mikanii,24.41132705,148.3730923,31.08130551,17.73970005,1300.360187,72.33341712,671.1635304,55.88183736
Serpentes,Colubridae,Dipsas,Dipsas turgida,23.21742987,207.1820609,30.36318507,15.13201815,1500.469211,61.59171853,702.3275547,86.88327414
Serpentes,Colubridae,Dipsas,Dipsas pratti,15.54683862,31.64658786,19.74042629,12.16290525,2639.731685,31.59090095,953.5228372,378.7126993
Serpentes,Colubridae,Dipsas,Dipsas indica,23.94922974,126.6884908,29.72452677,18.11034344,1832.08213,57.54141399,800.7056515,155.4648717
Serpentes,Colubridae,Dipsas,Dipsas albifrons,20.97860442,217.3779365,27.44353252,13.37235303,1440.769602,58.89663508,692.6402917,126.8449182
Serpentes,Colubridae,Dipsas,Dipsas ventrimaculatus,21.03654061,287.8487544,28.68887,11.8900377,1514.133747,40.15384022,602.9145791,183.4294226
Serpentes,Colubridae,Dipsas,Dipsas neuwiedi,22.38928799,178.5612136,28.59534991,15.19671151,1240.02606,64.23225676,622.7651784,90.11603463
Serpentes,Colubridae,Dipsas,Dipsas variegata,24.3773565,70.15222526,29.0789917,20.15274251,2220.592598,51.53939678,935.2560414,210.1117807
Serpentes,Colubridae,Dipsas,Dipsas catesbyi,24.73961236,71.51142732,29.69884255,20.4515787,2219.286475,54.04771137,950.1166925,193.6848505
Serpentes,Colubridae,Dipsas,Dipsas articulata,23.6925,45.2225,27.2275,21.0875,2872.475,43.225,1094.125,300.175
Serpentes,Colubridae,Sibon,Sibon noalamina,20.064,50.616,24.244,17.12,2945.16,48.28,1156.92,209.88
Serpentes,Colubridae,Sibon,Sibon nebulatus,24.54507001,74.91475069,29.42138515,20.50103454,2185.71843,57.2691425,964.3867505,208.6003755
Serpentes,Colubridae,Tropidodipsas,Tropidodipsas sartorii,25.01438146,155.1625729,30.86301676,19.12584687,1757.736309,63.7030819,844.7149699,116.2231068
Serpentes,Colubridae,Cryophis,Cryophis hallbergi,15.95273698,184.758478,23.52963952,7.80987984,2722.499332,77.89185581,1434.448598,160.6728972
Serpentes,Colubridae,Synophis,Synophis bicolor,12.36611713,34.82635401,16.84597072,7.555064873,1973.095405,34.23574574,710.6133198,286.2400309
Serpentes,Colubridae,Diaphorolepis,Diaphorolepis wagneri,21.745,31.255,25.47,17.985,2573.35,57.05,1038.95,163
Serpentes,Colubridae,Synophis,Synophis calamitus,13.275,22.025,17.08333333,9.275,1693.333333,48.41666667,726.5833333,139.3333333
Serpentes,Colubridae,Philodryas,Philodryas olfersii,23.25630623,143.4829643,29.34469201,17.10145025,1722.190704,61.23447798,592.3494142,97.30247854
Serpentes,Colubridae,Philodryas,Philodryas argentea,24.93956796,58.58956187,29.37585607,21.11720148,2427.929696,47.5830332,511.1230867,10.34274781
Serpentes,Colubridae,Philodryas,Philodryas georgeboulengeri,25.08246687,57.16769747,29.42283036,20.45423312,2201.923591,51.4997017,1034.73025,183.5161686
Serpentes,Colubridae,Philodryas,Philodryas viridissima,25.15950478,69.19796449,30.13471595,21.01037,2231.678082,54.53388393,396.1610905,28.67743956
Serpentes,Colubridae,Philodryas,Philodryas nattereri,25.1086398,116.0282444,31.6533172,19.18067425,1419.476074,77.25542168,370.3341521,31.47597041
Serpentes,Colubridae,Philodryas,Philodryas agassizii,21.92252222,263.6543179,29.50234479,12.93395356,1420.69072,49.95261193,1139.32371,304.5999255
Serpentes,Colubridae,Philodryas,Philodryas patagoniensis,21.56288227,266.0502903,29.69925279,13.02345003,1218.986736,61.31413057,613.3273279,138.8198641
Serpentes,Colubridae,Philodryas,Philodryas aestiva,21.59693602,271.293036,29.54232612,12.53616147,1296.840819,58.76604326,1457.497468,84.57382158
Serpentes,Colubridae,Philodryas,Philodryas psammophidea,19.73924856,317.6527509,28.53273589,9.761498726,1130.51323,61.74257195,1000.360204,245.846098
Serpentes,Colubridae,Philodryas,Philodryas mattogrossensis,24.14303721,235.7657615,31.18231053,15.14532318,1215.963402,59.77622655,1500.077882,104.8577362
Serpentes,Colubridae,Philodryas,Philodryas baroni,21.97905417,376.8679125,30.7862714,11.11649726,747.0226222,76.33215987,1163.375415,285.9634551
Serpentes,Colubridae,Hydrops,Hydrops triangularis,25.08352234,65.58036313,29.91215526,21.10478332,2266.218913,53.73974458,342.6091294,168.6878474
Serpentes,Colubridae,Pseudoeryx,Pseudoeryx plicatilis,23.86595437,125.1973898,29.67816985,18.10211681,1860.626916,58.86725306,276.6673134,0.263998094
Serpentes,Colubridae,Helicops,Helicops infrataeniatus,21.2956072,278.0403631,29.00339833,12.20633763,1474.010122,44.34449108,1410.326653,53.59800115
Serpentes,Colubridae,Helicops,Helicops angulatus,24.95824797,82.95903901,30.26875608,20.20699502,1988.05776,59.17238187,778.8041723,43.38829071
Serpentes,Colubridae,Helicops,Helicops gomesi,22.8413044,174.833455,29.39750108,14.53765997,1449.562863,68.7300357,654.3862329,38.0270675
Serpentes,Colubridae,Helicops,Helicops carinicaudus,21.59075566,206.5527632,27.88210534,14.48453611,1417.756588,57.91096895,1844.524616,49.41399969
Serpentes,Colubridae,Helicops,Helicops hagmanni,25.05245336,54.93035363,29.43841678,21.56510826,2496.385669,47.51794243,772.5108211,81.52839659
Serpentes,Colubridae,Oxyrhopus,Oxyrhopus petolarius,24.03160288,110.8001927,29.56708353,18.62863708,1863.388886,58.98006994,946.2831708,196.8413977
Serpentes,Colubridae,Oxyrhopus,Oxyrhopus formosus,24.62230248,61.8261002,29.28131072,20.65591839,2322.561026,50.22234335,912.8325298,71.25747017
Serpentes,Colubridae,Oxyrhopus,Oxyrhopus clathratus,21.50128849,217.9813801,28.23904676,13.32294995,1414.086928,58.21589931,989.7143311,411.6275818
Serpentes,Colubridae,Oxyrhopus,Oxyrhopus guibei,23.90445626,177.6737614,30.72910343,16.40899726,1343.785644,65.2987363,476.9156425,30.12405651
Serpentes,Colubridae,Oxyrhopus,Oxyrhopus melanogenys,24.67143749,61.29803095,29.29751071,20.69254578,2342.302549,50.3872644,823.7003557,141.7028624
Serpentes,Colubridae,Oxyrhopus,Oxyrhopus rhombifer,21.52097664,245.4185852,29.36180105,13.28450065,1291.268084,64.42314019,1421.170732,184.25
Serpentes,Colubridae,Oxyrhopus,Oxyrhopus trigeminus,24.70405263,120.2917013,30.91433517,18.8262596,1525.89022,70.01117786,1256.327352,151.0392309
Serpentes,Colubridae,Rodriguesophis,Rodriguesophis iglesiasi,25.61162702,121.5149532,32.64566312,19.84261676,977.6713377,82.27958843,531.3654593,13.72828767
Serpentes,Colubridae,Drepanoides,Drepanoides anomalus,24.91419119,61.85643458,29.51665274,20.8936052,2372.580684,49.80674573,1013.173965,58.53787156
Serpentes,Colubridae,Mussurana,Mussurana bicolor,21.97842527,322.3439534,30.15003811,12.08209412,1267.457324,48.69440457,283.4130819,47.56219468
Serpentes,Colubridae,Pseudoboa,Pseudoboa neuwiedii,25.03113931,60.62168111,29.59255013,21.548048,2296.814733,52.13958108,298.1751039,139.4585763
Serpentes,Colubridae,Pseudoboa,Pseudoboa coronata,24.99434811,73.62702354,30.04132436,20.58520903,2186.068036,55.04890285,331.403609,171.95532
Serpentes,Colubridae,Pseudoboa,Pseudoboa nigra,24.86753979,117.6732626,31.0812725,18.95145384,1541.038361,70.76101481,229.5319264,108.2457674
Serpentes,Colubridae,Boiruna,Boiruna maculata,19.90368993,364.5731234,28.81139037,9.3977813,1117.749163,52.25372613,468.2959977,114.40141
Serpentes,Colubridae,Clelia,Clelia clelia,23.09049645,138.3605178,29.04216809,17.12054775,1835.789001,59.6997887,801.6924055,151.2017587
Serpentes,Colubridae,Rhachidelus,Rhachidelus brazili,23.49729106,183.2471598,30.35673304,15.53200952,1489.551521,63.58749624,719.0481094,83.70536879
Serpentes,Colubridae,Paraphimophis,Paraphimophis rusticus,17.78243174,427.6745638,27.88367294,6.630013004,984.2218675,48.35682305,319.8407186,15.90419162
Serpentes,Colubridae,Phimophis,Phimophis guerini,23.70774245,186.9140944,30.73499517,16.38335871,1420.171292,65.93389319,577.5294118,8.764705882
Serpentes,Colubridae,Siphlophis,Siphlophis cervinus,24.76000486,63.89281281,29.48371114,20.70057916,2270.502276,51.82364903,957.3799543,207.3532336
Serpentes,Colubridae,Siphlophis,Siphlophis pulcher,21.42977903,197.6705669,27.76091256,13.96246535,1329.648194,66.46165474,680.4292388,94.48388026
Serpentes,Colubridae,Siphlophis,Siphlophis longicaudatus,21.03749934,210.3966647,27.42926436,13.34783511,1464.708489,64.41709258,737.0530894,106.5430103
Serpentes,Colubridae,Siphlophis,Siphlophis compressus,24.53689018,67.85103052,29.29374765,20.34546069,2216.447919,51.73137519,936.0415139,205.5978251
Serpentes,Colubridae,Tropidodryas,Tropidodryas striaticeps,21.73772063,194.6256002,28.13974032,14.20657677,1301.466292,62.69186897,637.7520433,107.0371868
Serpentes,Colubridae,Tropidodryas,Tropidodryas serra,21.75981121,193.530129,27.95972612,14.49977002,1314.100237,63.62287539,657.952149,101.8000765
Serpentes,Colubridae,Tachymenis,Tachymenis peruviana,10.2305435,147.6565296,16.43576938,1.996250187,927.2103125,87.09250466,481.0436217,58.12752014
Serpentes,Colubridae,Pseudotomodon,Pseudotomodon trigonatus,14.80160157,538.4594955,26.76956507,1.452842962,334.2944762,66.83491433,252.939044,25.30513316
Serpentes,Colubridae,Calamodontophis,Calamodontophis paucidens,18.04688395,418.215766,27.75618387,7.735094886,1381.452458,12.43136045,401.1682055,291.8929311
Serpentes,Colubridae,Thamnodynastes,Thamnodynastes pallidus,24.8079681,75.86765969,29.77198435,20.32975746,2179.32057,53.81877387,938.8454073,186.029415
Serpentes,Colubridae,Thamnodynastes,Thamnodynastes rutilus,23.82471701,147.7267243,30.61519835,15.93957381,1504.698168,73.05379245,796.9511748,45.33635316
Serpentes,Colubridae,Thamnodynastes,Thamnodynastes strigatus,20.87461686,316.4066089,28.93795579,11.42093404,1384.567431,43.66519769,559.3077865,166.3663559
Serpentes,Colubridae,Thamnodynastes,Thamnodynastes lanei,24.07781681,130.3533962,30.1378626,17.8229313,1734.056911,64.58718312,803.7473874,83.03287644
Serpentes,Colubridae,Thamnodynastes,Thamnodynastes hypoconia,23.2251386,202.166045,30.44485657,15.81995558,1390.282793,60.95281059,652.400524,98.25101235
Serpentes,Colubridae,Tomodon,Tomodon dorsatus,20.19083913,313.1454692,27.90414239,10.93950638,1579.80032,29.6361634,565.3236487,242.1733264
Serpentes,Colubridae,Ptychophis,Ptychophis flavovirgatus,18.84398922,301.7071786,26.30738793,9.935553152,1638.773953,29.57527816,670.0710026,92.3330861
Serpentes,Colubridae,Gomesophis,Gomesophis brasiliensis,20.89652433,234.5970248,27.77720295,12.27008714,1549.336826,49.97652771,579.7545871,66.07098066
Serpentes,Colubridae,Hydrodynastes,Hydrodynastes bicinctus,24.99226347,88.83604063,30.64467522,20.10548813,1959.922997,62.79582225,398.0538817,18.97969077
Serpentes,Colubridae,Hydrodynastes,Hydrodynastes gigas,24.36844443,139.9431845,30.54490941,18.26621964,1755.917918,60.80950945,281.8586388,40.10901643
Serpentes,Colubridae,Caaeteboia,Caaeteboia amarali,21.79263656,190.3799824,28.021797,14.58278646,1301.36791,67.06834103,672.6913445,87.49535807
Serpentes,Colubridae,Xenopholis,Xenopholis scalaris,24.78056094,90.00422752,30.1691511,19.77625509,1975.841583,58.92924151,875.6918375,159.2839332
Serpentes,Colubridae,Xenopholis,Xenopholis undulatus,23.9121498,167.4463598,30.66651604,16.50510497,1340.20879,67.01148466,666.4568068,72.49636562
Serpentes,Colubridae,Apostolepis,Apostolepis cearensis,26.0401436,120.1456353,32.66124046,20.41946494,900.6003799,80.10553521,505.7566658,33.74665
Serpentes,Colubridae,Apostolepis,Apostolepis assimilis,22.9653062,204.7155722,29.88871554,14.59083694,1458.297307,61.53006271,697.2578982,92.07238827
Serpentes,Colubridae,Apostolepis,Apostolepis dimidiata,21.91045972,262.9233065,29.01948657,12.84434196,1511.231213,44.87358587,623.0923091,158.0189673
Serpentes,Colubridae,Apostolepis,Apostolepis albicollaris,23.39778361,118.6313124,30.34004663,16.17541716,1551.581544,80.55640736,842.9344756,23.02947375
Serpentes,Colubridae,Apostolepis,Apostolepis flavotorquata,24.19111205,127.3953976,31.15120072,17.41166757,1572.944983,78.0911064,835.2462453,27.8021404
Serpentes,Colubridae,Elapomorphus,Elapomorphus quinquelineatus,21.09142047,210.3971502,27.4919897,13.24741617,1451.795632,63.87152594,260.4564185,47.75298131
Serpentes,Colubridae,Phalotris,Phalotris lemniscatus,19.28562052,367.2513912,27.91724474,9.434635299,1533.516851,22.35421798,1214.786595,486.2252011
Serpentes,Colubridae,Phalotris,Phalotris bilineatus,17.69800621,477.6708436,28.34406388,5.894516961,939.8365481,46.74326421,393.6383333,0
Serpentes,Colubridae,Phalotris,Phalotris mertensi,22.48309507,193.6709058,29.02114967,14.11921075,1399.080382,66.08594805,394.0758722,78.34897726
Serpentes,Colubridae,Phalotris,Phalotris nasutus,24.45307654,123.3524996,31.21912231,17.365764,1619.864083,74.79717172,113.3872287,5.825439201
Serpentes,Colubridae,Phalotris,Phalotris lativittatus,22.56671472,215.631312,29.00586886,13.78838699,1357.340714,57.0134027,251.8879182,0.360415923
Serpentes,Colubridae,Sordellina,Sordellina punctata,19.55636407,264.2307758,26.24166385,11.42320413,1606.413949,37.38920346,643.1528364,218.4228719
Serpentes,Colubridae,Echinanthera,Echinanthera melanostigma,20.74854034,203.8300956,27.11900915,12.93495867,1453.929366,66.8392038,1047.922681,209.5159089
Serpentes,Colubridae,Taeniophallus,Taeniophallus affinis,23.65939607,158.1940582,30.31651406,16.88289256,1169.834425,71.6715871,603.0830864,67.70693127
Serpentes,Colubridae,Echinanthera,Echinanthera undulata,20.4417988,228.5518944,26.95176471,12.25039257,1505.125888,55.2273737,746.6234646,87.33200869
Serpentes,Colubridae,Taeniophallus,Taeniophallus brevirostris,24.81263812,56.59741236,29.16300885,21.04861498,2434.42521,46.49564715,994.2044526,256.5929833
Serpentes,Colubridae,Taeniophallus,Taeniophallus nicagus,25.58815507,86.90730278,31.17881799,22.0487528,2184.356026,50.78097238,978.2954928,211.1816322
Serpentes,Colubridae,Psomophis,Psomophis obtusus,18.96258485,435.5985268,28.90242919,8.162937645,1322.75035,25.46462178,1090.15284,276.8402494
Serpentes,Colubridae,Psomophis,Psomophis joberti,25.37522525,116.5591523,31.95707296,19.50705822,1405.422968,77.23851643,1199.038073,285.4947121
Serpentes,Colubridae,Psomophis,Psomophis genimaculatus,24.50946695,173.0660087,30.73950877,16.72230647,1391.08347,62.26470028,905.8510631,71.43122301
Serpentes,Colubridae,Pseudalsophis,Pseudalsophis elegans,17.82323244,88.27293894,22.6065299,11.92850365,441.9286272,107.5508044,327.9631445,19.31469585
Serpentes,Colubridae,Pseudalsophis,Pseudalsophis dorsalis,22.07774234,163.5123161,25.08761297,19.64912281,802.976431,60.32837143,551.034981,17.71930382
Serpentes,Colubridae,Arrhyton,Arrhyton tanyplectum,24.87576628,188.114751,29.39157088,19.47796935,1339.01341,47.81130268,529.1848659,129.2068966
Serpentes,Colubridae,Arrhyton,Arrhyton procerum,25.5,186.4076923,30.45384615,19.64615385,1143.923077,63.07692308,513.0769231,94.15384615
Serpentes,Colubridae,Arrhyton,Arrhyton dolichura,25.30909091,216.2181818,29.54545455,20.28181818,1379.5,48.95454545,556.5909091,154.1363636
Serpentes,Colubridae,Arrhyton,Arrhyton vittatum,24.92548003,194.4534084,29.92589524,19.03884286,1393.825494,58.04169672,624.201349,118.6715141
Serpentes,Colubridae,Arrhyton,Arrhyton supernum,24.336,131.956,27.548,20.948,1057.88,52.88,516.36,117.72
Serpentes,Colubridae,Arrhyton,Arrhyton taeniatum,24.99552629,164.3494982,29.4539161,19.82677361,1365.222441,52.06004976,581.6364845,130.5652827
Serpentes,Colubridae,Alsophis,Alsophis antillensis,25.42703266,94.95267547,27.22460042,23.49485754,1972.874913,37.28769979,716.8554552,226.3210563
Serpentes,Colubridae,Alsophis,Alsophis manselli,25.69312977,104.2099237,27.6129771,23.63969466,1444.183206,35.96946565,542.0763359,170.648855
Serpentes,Colubridae,Alsophis,Alsophis sibonius,24.92955289,91.53991276,26.68615049,23.03969466,2200.884406,38.05561614,796.7568157,253.2529989
Serpentes,Colubridae,Alsophis,Alsophis rufiventris,25.87142857,107.952381,27.85238095,23.79021164,1349.957672,33.81216931,496.8915344,170.0820106
Serpentes,Colubridae,Alsophis,Alsophis antiguae,26.55714286,108,28.54285714,24.47857143,1251.071429,35.35714286,473.6428571,162.0714286
Serpentes,Colubridae,Alsophis,Alsophis rijgersmaei,26.5895,114.1295,28.6645,24.443,1149.625,34.62,429.68,144.865
Serpentes,Colubridae,Ialtris,Ialtris dorsalis,23.42796183,130.7797856,28.4506604,18.01989561,1323.089667,43.90495448,727.5199176,201.2352335
Serpentes,Colubridae,Ialtris,Ialtris haetianus,22.22320111,108.6415727,25.90989562,18.17614475,1221.796381,51.20737648,501.0217233,141.8439211
Serpentes,Colubridae,Cubophis,Cubophis vudii,25.46578111,224.8757976,29.26308631,21.64215076,1129.943053,55.30405491,506.7964917,107.9161052
Serpentes,Colubridae,Cubophis,Cubophis ruttyi,26.99322034,123.8745763,29.48135593,24.58531073,1395.909605,57.93785311,645.3361582,83.6920904
Serpentes,Colubridae,Cubophis,Cubophis fuscicauda,26.99322034,123.8745763,29.48135593,24.58531073,1395.909605,57.93785311,645.3361582,83.6920904
Serpentes,Colubridae,Cubophis,Cubophis caymanus,27.00431373,121.7509804,29.42705882,24.67882353,1456.819608,56.07058824,666.8039216,92.64313725
Serpentes,Colubridae,Cubophis,Cubophis cantherigerus,25.10677464,170.6335435,29.87411121,19.70492422,1340.879016,58.4194873,597.0738803,107.1044224
Serpentes,Colubridae,Caraiba,Caraiba andreae,25.07885931,171.3935192,29.90224483,19.60651587,1329.32355,57.61841214,591.0728427,109.4525136
Serpentes,Colubridae,Haitiophis,Haitiophis anomalus,24.13938654,136.7781356,29.35816546,18.60067393,1242.626644,42.77388802,685.3467313,92.82512408
Serpentes,Colubridae,Hypsirhynchus,Hypsirhynchus polylepis,24.61188752,96.15496378,26.92096293,22.22074989,2135.529612,43.99616532,887.6779661,536.9378531
Serpentes,Colubridae,Hypsirhynchus,Hypsirhynchus funereus,25.0777019,101.8699822,27.74875297,22.28218527,1699.346002,41.37173397,465.4498141,48.35687732
Serpentes,Colubridae,Hypsirhynchus,Hypsirhynchus callilaemus,25.06916209,100.5387363,27.74349245,22.27023523,1714.051339,42.93784341,219.6999062,4.111398051
Serpentes,Colubridae,Hypsirhynchus,Hypsirhynchus ferox,23.50049122,131.7527548,28.57984832,18.02607123,1264.093531,44.96549836,133.3019975,0.844712326
Serpentes,Colubridae,Hypsirhynchus,Hypsirhynchus scalaris,25.12254207,114.3046501,29.05345438,20.93613818,1270.729407,45.40478299,1129.352105,542.3229451
Serpentes,Colubridae,Hypsirhynchus,Hypsirhynchus parvifrons,24.15957536,127.3175849,28.76940006,19.20756521,1368.141675,41.68936859,732.0826525,12.15532445
Serpentes,Colubridae,Borikenophis,Borikenophis variegatus,26.77647059,106.7955882,28.79558824,24.70588235,1141.220588,34.85294118,430.3529412,157.9558824
Serpentes,Colubridae,Borikenophis,Borikenophis portoricensis,25.54318101,109.7431453,27.59361835,23.43502321,1613.330775,36.07684755,598.1295966,200.76196
Serpentes,Colubridae,Magliophis,Magliophis stahli,25.35513929,109.5778632,27.40419468,23.24951436,1694.503682,34.60283915,1243.664389,76.92746906
Serpentes,Colubridae,Magliophis,Magliophis exiguus,25.50056195,109.7123722,27.55041916,23.39235375,1623.853063,36.04467987,1013.413714,43.23805434
Serpentes,Colubridae,Uromacer,Uromacer oxyrhynchus,24.01137917,129.3319251,28.79908112,18.85336799,1351.999073,41.5631376,514.453202,164.444416
Serpentes,Colubridae,Uromacer,Uromacer frenatus,24.10605182,110.6278573,27.78261358,20.13151917,1228.09483,49.81732134,527.1087908,131.0748344
Serpentes,Colubridae,Uromacer,Uromacer catesbyi,24.05914356,128.5650743,28.78676337,18.97698762,1365.522348,41.88251653,525.9219801,166.7210916
Serpentes,Colubridae,Lygophis,Lygophis meridionalis,23.73177891,190.8614598,30.72181605,15.79234718,1471.159008,63.28482382,472.8505812,31.08972999
Serpentes,Colubridae,Lygophis,Lygophis flavifrenatus,20.0052146,346.2312984,28.24410793,10.34544858,1570.610642,24.62670403,933.3362784,9.474177606
Serpentes,Colubridae,Lygophis,Lygophis paucidens,25.2542349,109.6487362,32.17946361,19.48234989,1433.750455,79.47790032,298.3200586,9.55556369
Serpentes,Colubridae,Lygophis,Lygophis lineatus,24.76022674,66.74299157,29.44307703,20.98905702,2278.313497,51.93785494,448.5926394,37.02083051
Serpentes,Colubridae,Lygophis,Lygophis anomalus,19.13530098,442.5648409,29.12774237,7.888026741,1112.163357,42.70882735,298.9083289,7.398241618
Serpentes,Colubridae,Lygophis,Lygophis elegantissimus,13.17344402,534.6387513,25.19291193,1.42280804,760.7688125,36.89464997,718.9215686,61.2745098
Serpentes,Colubridae,Erythrolamprus,Erythrolamprus breviceps,25.07861562,55.90313612,29.52985667,21.44489489,2458.390263,46.48522338,724.8050806,142.5198548
Serpentes,Colubridae,Erythrolamprus,Erythrolamprus reginae,23.66461757,105.9440525,29.19821128,18.23844302,1827.951622,60.32584218,967.0188369,335.2087483
Serpentes,Colubridae,Erythrolamprus,Erythrolamprus mimus,23.79097292,47.20870539,27.59737488,20.19494946,2742.67893,39.96218133,832.0851373,162.7644925
Serpentes,Colubridae,Erythrolamprus,Erythrolamprus aesculapii,24.04909722,102.9262002,29.45521927,18.78122828,1936.42355,57.32368089,886.0185131,55.09598466
Serpentes,Colubridae,Erythrolamprus,Erythrolamprus epinephalus,18.4461607,44.80024631,22.67178609,13.9215838,2025.913882,48.61505968,920.9716446,293.7750473
Serpentes,Colubridae,Erythrolamprus,Erythrolamprus pygmaeus,25.04597574,48.50253202,28.87763782,21.55105839,2578.424971,37.67027291,718.2904989,136.6543425
Serpentes,Colubridae,Erythrolamprus,Erythrolamprus juliae,25.40432473,94.14013657,27.18998483,23.48292868,2024.606222,37.36722307,602.9134949,139.5485618
Serpentes,Colubridae,Erythrolamprus,Erythrolamprus cursor,25.22495274,85.24612476,26.89621928,23.42362949,2401.175803,38.33270321,431.2862186,40.36803687
Serpentes,Colubridae,Erythrolamprus,Erythrolamprus typhlus,24.58181313,95.50285748,29.9512689,19.46993205,2005.33064,57.62298646,814.1771349,148.5396774
Serpentes,Colubridae,Erythrolamprus,Erythrolamprus miliaris,24.39484786,118.7879889,30.09969085,18.91180085,1896.569116,56.24092036,733.7883156,232.07739
Serpentes,Colubridae,Erythrolamprus,Erythrolamprus ceii,20.30041559,310.9798482,28.29733677,9.943712615,822.2129587,76.39608633,992.1572362,257.4011723
Serpentes,Colubridae,Erythrolamprus,Erythrolamprus poecilogyrus,22.47115929,172.7547428,28.97462828,15.75182002,1622.560899,60.86300533,1023.290999,326.1550839
Serpentes,Colubridae,Erythrolamprus,Erythrolamprus atraventer,19.75227394,219.0181264,25.98590737,12.23334962,1600.729058,53.16823691,615.4127988,84.88572769
Serpentes,Colubridae,Erythrolamprus,Erythrolamprus jaegeri,21.7085376,271.395316,29.2437793,12.79124143,1417.510086,47.930016,786.6326236,237.2345239
Serpentes,Colubridae,Erythrolamprus,Erythrolamprus almadensis,22.68409795,221.9456135,30.12436914,14.5364558,1313.206542,63.23932644,847.6908763,160.7927288
Serpentes,Colubridae,Xenodon,Xenodon neuwiedii,21.71207847,225.8671486,28.7292036,13.64514898,1315.811391,54.57831568,584.2785583,137.7548191
Serpentes,Colubridae,Xenodon,Xenodon guentheri,17.25106383,311.7715605,24.80270062,8.233569645,1697.693174,19.62363173,555.1911815,316.7182219
Serpentes,Colubridae,Xenodon,Xenodon matogrossensis,25.4810025,184.3302906,31.86801033,16.98130846,1249.618824,62.30478885,605.6084227,58.86153837
Serpentes,Colubridae,Xenodon,Xenodon pulcher,23.2151919,268.3523103,30.44413735,14.0743766,832.738431,67.35372159,414.1867611,49.2948953
Serpentes,Colubridae,Xenodon,Xenodon semicinctus,17.98922086,467.0560674,28.68597209,6.073847313,769.996944,56.64498018,337.1803237,63.7124013
Serpentes,Colubridae,Xenodon,Xenodon nattereri,24.01268778,149.8537458,30.82662045,16.67048835,1443.142438,72.58398205,741.7180997,47.80785791
Serpentes,Colubridae,Xenodon,Xenodon histricus,20.33844974,313.5361252,28.13297744,10.91937575,1561.153551,28.091942,547.9216527,246.6575017
Serpentes,Colubridae,Xenodon,Xenodon dorbignyi,18.95013543,439.4685622,28.94931155,7.877256787,1160.258221,37.71706576,415.2985218,159.7129399
Serpentes,Colubridae,Xenodon,Xenodon merremii,22.95541787,224.773754,30.40030961,14.91482357,1270.180383,65.61792708,609.0053096,78.96569348
Serpentes,Colubridae,Xenodon,Xenodon severus,24.57351006,72.41210177,29.53437906,20.19039428,2195.835826,53.76062311,941.0146854,190.9354513
Serpentes,Colubridae,Manolepis,Manolepis putnami,24.36104436,133.0453517,30.34266393,17.55294471,1209.50397,109.374303,1081.028059,262.9369715
Serpentes,Colubridae,Conophis,Conophis vittatus,23.74318439,137.6188252,30.83083191,16.33601432,1107.247598,106.659138,741.024979,13.32822227
Serpentes,Colubridae,Conophis,Conophis lineatus,27.1,33.26923077,29.46153846,24.31538462,930.9230769,75,500.5384615,7
Serpentes,Colubridae,Crisantophis,Crisantophis nevermanni,25.80930459,67.2244738,30.74857091,21.939113,1739.273208,84.53083085,944.0596919,33.23873732
Serpentes,Colubridae,Thermophis,Thermophis zhaoermii,3.158333333,605.8333333,14.65,-11.85,649.25,109.8333333,456.0833333,4.333333333
Serpentes,Colubridae,Thermophis,Thermophis baileyi,0.408240494,644.2336591,12.91755881,-15.3188151,503.7637725,122.8111519,412.5095581,4.649590764
Serpentes,Colubridae,Stichophanes,Stichophanes ningshaanensis,9.652466907,801.0640193,24.66666667,-6.454512635,868.4608905,72.90373045,440.3489771,23.37304452
Serpentes,Colubridae,Heterodon,Heterodon nasicus,10.25074652,961.222465,30.29812109,-8.487847522,471.7276623,59.5600208,237.2401552,15.2938915
Serpentes,Colubridae,Heterodon,Heterodon simus,19.03948669,600.8416449,30.42013004,5.617090173,1327.144057,28.40820015,189.2531498,12.46441966
Serpentes,Colubridae,Heterodon,Heterodon platirhinos,14.37255781,817.3454351,30.15752479,-2.068029614,1069.32161,26.88120514,142.6698452,21.58995006
Serpentes,Colubridae,Farancia,Farancia erytrogramma,18.31242064,643.1160579,30.47530666,4.379228927,1336.686955,23.93259906,440.6252047,228.5427087
Serpentes,Colubridae,Farancia,Farancia abacura,18.6100337,658.067663,31.190066,4.436565328,1318.996587,23.25578435,896.9006128,92.54169997
Serpentes,Colubridae,Diadophis,Diadophis punctatus,13.39085255,784.6830852,29.38115011,-2.916091873,902.8305354,38.6660834,335.6024507,134.3606135
Serpentes,Colubridae,Contia,Contia tenuis,11.79103886,541.2509556,27.0814263,0.689168225,1051.8821,79.58319561,579.4631723,25.69984116
Serpentes,Colubridae,Contia,Contia longicaudae,10.68944838,460.0189693,23.95056793,1.335633153,1296.02148,73.67872807,677.0015182,37.86445682
Serpentes,Colubridae,Carphophis,Carphophis vermis,14.30065075,888.5409761,31.62409921,-3.429402423,1066.930984,29.93522614,377.0985415,157.7966951
Serpentes,Colubridae,Carphophis,Carphophis amoenus,14.73846195,771.6934569,29.58117751,-0.732973508,1235.499022,16.81659241,383.3281517,232.7160128
Serpentes,Colubridae,Plagiopholis,Plagiopholis styani,17.41066914,713.1472913,30.18434661,2.32107386,1446.986792,61.00983532,474.1167439,26.0765246
Serpentes,Colubridae,Pseudoxenodon,Pseudoxenodon bambusicola,19.95418134,606.4420412,30.59006085,6.172993244,1656.433217,62.96212491,945.0827165,6.26489118
Serpentes,Colubridae,Pseudoxenodon,Pseudoxenodon karlschmidti,18.09182252,642.8834545,29.65309384,4.071627499,1578.811787,62.47152183,739.7528381,4.537278386
Serpentes,Colubridae,Pseudoxenodon,Pseudoxenodon macrops,17.97399566,534.6074933,28.06915164,4.867544842,1607.320103,75.50656229,167.5007491,28.38312674
Serpentes,Colubridae,Herpetoreas,Herpetoreas platyceps,2.437365269,697.8621272,15.9480568,-14.39814508,947.3472962,103.6365887,125.063339,5.323587227
Serpentes,Colubridae,Herpetoreas,Herpetoreas burbrinki,11.43076923,598.5,21.41538462,-3.069230769,662.1538462,62.92307692,697.8887535,7.882149698
Serpentes,Colubridae,Hebius,Hebius venningi,19.66080848,377.9512043,27.48798064,7.033219686,2358.037986,91.31898242,594.7687427,31.86853488
Serpentes,Colubridae,Hebius,Hebius deschauenseei,23.2368049,269.8676129,32.05146069,13.34851675,1261.901793,81.51460691,393.210175,206.6594382
Serpentes,Colubridae,Hebius,Hebius modestum,21.09840444,403.2350093,28.20640018,8.499500652,2948.157561,88.58266011,413.8177367,124.7231567
Serpentes,Colubridae,Hebius,Hebius bitaeniatum,19.78262048,356.3824198,28.1198152,8.288676246,1361.595619,82.97435314,299.9810112,0
Serpentes,Colubridae,Hebius,Hebius parallelum,16.15261168,467.367181,24.26107553,3.269879329,2304.686679,81.68856513,842.7722745,108.9817767
Serpentes,Colubridae,Hebius,Hebius boulengeri,20.66638121,569.3754849,30.38628075,7.354310678,1654.046329,65.51147337,483.8521001,145.0096171
Serpentes,Colubridae,Hebius,Hebius khasiense,20.19881191,354.9676475,27.37125198,9.2015098,2027.441585,84.59486405,546.9317628,19.29082047
Serpentes,Colubridae,Hebius,Hebius craspedogaster,16.88754358,727.689245,29.90015782,1.583575662,1364.188711,62.31097822,300.3476752,0
Serpentes,Colubridae,Hebius,Hebius popei,20.23209205,559.1264193,29.71255476,7.110898262,1618.575322,67.90735679,680.8539035,100.4100213
Serpentes,Colubridae,Hebius,Hebius optatum,18.34065343,587.0668874,28.57886786,5.12657993,1455.950328,69.63966765,808.2272316,42.98540337
Serpentes,Colubridae,Hebius,Hebius vibakari,5.64465308,1180.083742,25.04973323,-16.6565614,999.6512285,74.02607085,1225.992374,49.01841345
Serpentes,Colubridae,Hebius,Hebius sauteri,18.00477875,654.4534602,29.61554602,3.718123261,1535.064808,63.12341422,703.9888333,29.81452795
Serpentes,Colubridae,Hebius,Hebius johannis,12.48665439,494.9152688,22.05469751,-0.450966719,965.6915684,89.01943878,738.0705919,112.8813627
Serpentes,Colubridae,Hebius,Hebius octolineatum,13.70500099,475.3523609,22.89286916,0.969603001,1083.377403,86.54888631,845.8362127,85.73037578
Serpentes,Colubridae,Hebius,Hebius metusium,11.81887618,643.7841857,23.89962988,-1.859690444,1231.956931,82.4397712,764.9767237,94.46466885
Serpentes,Colubridae,Hebius,Hebius atemporale,20.04311248,521.0601145,28.94584819,7.445146677,1580.307052,72.23936387,947.3930637,182.6423649
Serpentes,Colubridae,Trachischium,Trachischium monticola,18.70514135,451.6144936,26.42553008,5.865503988,2675.543445,90.04561518,1651.870038,50.40921236
Serpentes,Colubridae,Fowlea,Fowlea schnurrenbergeri,18.77181091,636.0100095,31.81381146,1.87399607,1067.841665,106.4881843,2611.56476,11.61653706
Serpentes,Colubridae,Atretium,Atretium schistosum,24.97385753,393.9018026,36.01331496,12.63472087,1311.174389,108.4663308,988.9390474,25.70271976
Serpentes,Colubridae,Fowlea,Fowlea asperrimus,26.95836685,98.78089191,31.07468891,22.85291047,1642.976001,64.30300666,893.3146036,130.8695293
Serpentes,Colubridae,Atretium,Atretium yunnanensis,17.89364222,380.2180801,25.70045642,5.218120309,1493.934815,87.56593221,929.3940986,44.79134725
Serpentes,Colubridae,Fowlea,Fowlea piscator,24.3495272,449.1055579,36.10350859,10.66212606,1269.28724,111.4362932,976.3540645,77.66304678
Serpentes,Colubridae,Fowlea,Fowlea punctulatus,26.88643293,145.755784,32.9405694,19.7186657,3663.767607,110.179276,927.4426205,22.66992455
Serpentes,Colubridae,Fowlea,Fowlea flavipunctatus,22.68707272,379.0356944,30.95962732,12.32123914,1777.346401,73.94311702,853.2396449,154.5651308
Serpentes,Colubridae,Xenochrophis,Xenochrophis vittatus,24.97969342,35.80114459,28.32788052,21.94335725,2685.250483,34.83919534,987.9476495,364.5627483
Serpentes,Colubridae,Amphiesma,Amphiesma stolatum,22.85386745,434.1980763,33.3245734,10.16804876,1412.132765,97.12745788,916.6067151,42.51486814
Serpentes,Colubridae,Rhabdophis,Rhabdophis leonardi,13.42083491,453.4951006,22.63923186,0.415304933,1275.631578,89.61002966,1489.272831,46.75028627
Serpentes,Colubridae,Rhabdophis,Rhabdophis adleri,23.4193448,323.5014089,29.20467629,14.85334082,1872.451681,72.74773101,203.2888839,14.20028264
Serpentes,Colubridae,Rhabdophis,Rhabdophis nigrocinctus,25.03378176,204.1931516,31.44878994,16.5694829,1615.233517,83.88654989,791.0119007,31.25051153
Serpentes,Colubridae,Rhabdophis,Rhabdophis guangdongensis,21.7,598.2285714,31.83333333,8.157142857,1715.714286,70.42857143,1027.007529,257.9413627
Serpentes,Colubridae,Rhabdophis,Rhabdophis nuchalis,10.73180796,616.7988583,22.28836141,-3.597492993,1021.879049,81.56962689,932.7743772,27.00864554
Serpentes,Colubridae,Rhabdophis,Rhabdophis swinhonis,19.23507674,413.0278342,26.87595273,10.38565667,2350.671252,65.36428447,1164.232188,209.7824845
Serpentes,Colubridae,Rhabdophis,Rhabdophis subminiatus,22.15319718,308.172785,29.37070995,12.86962669,2060.842755,66.2005646,1022.512404,160.3575308
Serpentes,Colubridae,Rhabdophis,Rhabdophis tigrinus,9.891485554,1000.67806,27.12488925,-10.06671753,910.7217879,81.87428636,517.2652905,57.22658893
Serpentes,Colubridae,Rhabdophis,Rhabdophis ceylonensis,24.98203765,67.0793442,28.89281596,20.99587875,2269.257815,41.99225295,976.6663065,73.64767914
Serpentes,Colubridae,Rhabdophis,Rhabdophis himalayanus,17.54469742,444.2099769,25.83150659,4.475009746,2346.165692,90.36633299,893.5714286,99.80952381
Serpentes,Colubridae,Rhabdophis,Rhabdophis chrysargos,25.29502306,104.3163252,29.79149607,20.24670733,2376.505947,53.384079,926.1678227,264.1811098
Serpentes,Colubridae,Pseudagkistrodon,Pseudagkistrodon rudis,17.11432083,638.3452908,28.6454418,2.896001771,1429.804021,66.63009983,577.673784,37.27157505
Serpentes,Colubridae,Lycognathophis,Lycognathophis seychellensis,25.30857143,67.55714286,27.14857143,23.74285714,2695.942857,40.25714286,1016.25,253.75
Serpentes,Colubridae,Afronatrix,Afronatrix anoscopus,25.9757264,158.9660554,34.23598591,19.11949376,1465.693759,85.42158245,837.4348716,29.75509984
Serpentes,Colubridae,Natriciteres,Natriciteres olivacea,24.30581732,170.4646346,32.51982974,16.67102817,1142.483359,88.12395058,581.2888889,136.0222222
Serpentes,Colubridae,Aspidura,Aspidura trachyprocta,21.42067051,72.02241876,25.86937474,16.81542575,2331.602633,39.72254216,949.8901687,288.4498149
Serpentes,Colubridae,Aspidura,Aspidura guentheri,25.43882538,64.1075593,29.15534915,21.64306469,2206.419167,41.27288749,890.1687625,255.703058
Serpentes,Colubridae,Aspidura,Aspidura drummondhayi,24.52092442,57.37083073,28.06327295,20.87726421,2500.649594,36.22673329,948.171143,298.9394129
Serpentes,Colubridae,Aspidura,Aspidura ceylonensis,24.84403986,84.99783666,29.46930481,20.17287798,1964.785707,50.06271269,899.4861935,229.2565873
Serpentes,Colubridae,Opisthotropis,Opisthotropis latouchii,18.45029221,696.6081636,30.79690185,3.56217946,1573.809313,58.38110599,198.5661494,21.09542252
Serpentes,Colubridae,Opisthotropis,Opisthotropis cheni,17.40486173,650.0984389,28.76226583,2.992239072,1818.311329,57.22123104,449.0980717,129.5153122
Serpentes,Colubridae,Opisthotropis,Opisthotropis lateralis,21.92055195,513.9793004,30.4281164,9.525529873,1724.706173,70.70795518,482.3752611,215.1648219
Serpentes,Colubridae,Opisthotropis,Opisthotropis guangxiensis,19.4749209,622.7909409,29.97054122,5.190840966,1729.093422,62.07676936,397.9826134,189.8911919
Serpentes,Colubridae,Natrix,Natrix tessellata,11.30788259,913.3503586,29.85793901,-5.725635585,452.9793163,49.77544947,802.5600616,236.4499487
Serpentes,Colubridae,Natrix,Natrix natrix,6.59632113,971.6318502,25.20153497,-10.67078276,548.4617618,39.93782852,784.6829268,190.3170732
Serpentes,Colubridae,Natrix,Natrix maura,15.84488657,629.080491,31.39040347,3.067148251,526.6721824,43.96365276,890.2045455,212.8030303
Serpentes,Colubridae,Thamnophis,Thamnophis nigronuchalis,13.84033967,365.3085293,25.00256256,0.912046291,747.7077478,95.39821147,499.400015,22.10009769
Serpentes,Colubridae,Thamnophis,Thamnophis rufipunctatus,15.4640154,559.5505265,30.17205767,0.484835133,531.7384679,87.12870232,350.6504337,26.6761489
Serpentes,Colubridae,Adelophis,Adelophis foxi,15.43111727,325.0603878,25.25475531,3.55401662,1221.605725,86.05170822,753.6158818,34.76823638
Serpentes,Colubridae,Thamnophis,Thamnophis validus,24.14958459,308.4735036,31.80538406,14.68098941,824.8540058,112.0102384,623.5650442,10.32905059
Serpentes,Colubridae,Thamnophis,Thamnophis melanogaster,17.83714143,293.3812263,28.76549841,6.069103872,630.3110568,98.42220355,430.642474,17.37036967
Serpentes,Colubridae,Thamnophis,Thamnophis exsul,23.88165331,421.782655,33.94718473,11.3775833,700.5903627,69.49673134,394.1242092,53.73091523
Serpentes,Colubridae,Thamnophis,Thamnophis scaliger,15.92424242,218.2058378,25.40320856,5.622638146,711.6172014,91.01515152,432.9576649,24.6521836
Serpentes,Colubridae,Thamnophis,Thamnophis scalaris,15.14924337,193.7322085,23.45278561,5.972377672,1036.816999,85.19800849,589.6259502,50.57419965
Serpentes,Colubridae,Thamnophis,Thamnophis sumichrasti,17.73621053,235.0446723,24.93254329,9.057894737,1507.816095,70.62567063,789.726927,117.8558913
Serpentes,Colubridae,Thamnophis,Thamnophis mendax,17.07214525,340.4592451,25.72259914,5.823124701,776.7658863,74.78595318,406.3416149,41.53511706
Serpentes,Colubridae,Thamnophis,Thamnophis bogerti,17.03911225,126.5470926,25.00670534,8.961076632,995.3957097,92.9327442,561.4476525,18.86521856
Serpentes,Colubridae,Thamnophis,Thamnophis lineri,15.161,169.8412941,22.96888235,6.931764706,1370.322059,80.51264706,715.2082353,67.555
Serpentes,Colubridae,Thamnophis,Thamnophis conanti,15.5806867,188.4948498,23.12908551,7.138857709,1152.020139,80.50445692,618.5655332,63.24793661
Serpentes,Colubridae,Thamnophis,Thamnophis godmani,17.30342867,140.473323,25.086575,9.296125992,1224.75528,90.50150248,690.9590332,41.18939836
Serpentes,Colubridae,Thamnophis,Thamnophis cyrtopsis,17.97511907,484.0785899,30.76358385,4.593376022,630.5341701,82.21841603,391.16588,29.31661037
Serpentes,Colubridae,Thamnophis,Thamnophis pulchrilatus,15.83953081,217.8939222,25.19432865,5.815641081,1012.484476,94.53647568,634.2645405,36.30265946
Serpentes,Colubridae,Thamnophis,Thamnophis hammondii,17.53297182,478.5763769,30.80405944,5.981003127,315.0786472,86.76308952,187.4687128,4.022703396
Serpentes,Colubridae,Thamnophis,Thamnophis ordinoides,8.957113801,498.47339,22.28082241,-0.049961787,1828.633469,59.92959732,853.8107452,119.5873213
Serpentes,Colubridae,Thamnophis,Thamnophis atratus,11.82864171,501.7018101,26.29669398,1.225908213,999.1470511,81.8684391,557.5985235,21.97268219
Serpentes,Colubridae,Thamnophis,Thamnophis gigas,17.83506102,569.7108766,34.57511548,4.776243497,297.962999,85.79452521,170.4620022,2.05576895
Serpentes,Colubridae,Thamnophis,Thamnophis couchii,10.18467159,714.61619,29.04999518,-4.291334511,757.647567,71.6876907,410.013859,21.46625181
Serpentes,Colubridae,Thamnophis,Thamnophis brachystoma,8.752486614,860.1386492,25.23918686,-7.35188538,1065.087599,15.89298031,324.8370088,195.4333197
Serpentes,Colubridae,Thamnophis,Thamnophis butleri,9.659306467,922.2403228,27.16278333,-7.413008545,880.6238696,21.61968359,282.6594395,145.962387
Serpentes,Colubridae,Thamnophis,Thamnophis radix,7.331059627,1049.726022,27.93060972,-12.47134517,527.0043147,57.67335322,247.946685,47.80589748
Serpentes,Colubridae,Thamnophis,Thamnophis elegans,7.811324073,808.5821015,26.96883747,-7.705864285,498.3170602,46.18948298,229.9474087,51.39328184
Serpentes,Colubridae,Thamnophis,Thamnophis marcianus,19.10793257,641.4884907,33.48022441,3.662408388,594.4173769,60.58164399,283.3402643,55.405082
Serpentes,Colubridae,Thamnophis,Thamnophis eques,17.20993515,399.8483311,29.60536328,4.24433908,622.0218534,95.54322026,414.8846767,20.78042981
Serpentes,Colubridae,Thamnophis,Thamnophis chrysocephalus,18.24738358,154.7305174,26.00528789,10.15995928,1280.626685,88.07518277,713.8077283,54.61768434
Serpentes,Colubridae,Thamnophis,Thamnophis fulvus,18.22353443,116.9811514,24.51034975,11.82496479,1688.081715,77.1877517,858.139187,80.98537901
Serpentes,Colubridae,Thamnophis,Thamnophis saurita,13.69061266,772.9265982,28.37030037,-1.697187347,1159.511291,19.97888442,375.3721336,207.3495797
Serpentes,Colubridae,Thamnophis,Thamnophis proximus,17.61201159,715.3557256,32.1825856,2.127518592,968.6666603,40.51157885,379.1185326,125.053036
Serpentes,Colubridae,Thamnophis,Thamnophis sirtalis,7.932916039,930.8295724,26.13147825,-9.896861158,856.9382857,37.17193893,321.868682,123.5050175
Serpentes,Colubridae,Nerodia,Nerodia erythrogaster,17.42668993,743.6678909,32.13680248,1.54750136,1041.127433,30.40506223,152.9808182,23.35270493
Serpentes,Colubridae,Nerodia,Nerodia harteri,18.79772023,787.9161797,34.85146082,1.625675077,719.8355467,33.14940239,118.7350666,19.76292184
Serpentes,Colubridae,Nerodia,Nerodia paucimaculata,18.77812567,743.6179337,34.06461406,1.85323377,596.3973136,41.07718728,142.729133,13.46531413
Serpentes,Colubridae,Nerodia,Nerodia sipedon,11.73491781,886.7496544,28.703554,-5.539128189,1030.422589,25.28887157,418.860388,252.5676403
Serpentes,Colubridae,Nerodia,Nerodia clarkii,22.71514859,400.8201909,30.21084493,13.56583783,1382.448571,41.78235127,60.78264383,39.22232057
Serpentes,Colubridae,Nerodia,Nerodia fasciata,19.08413964,647.3874577,31.5666498,5.012687523,1268.767113,24.89635421,695.0603585,5.281698598
Serpentes,Colubridae,Nerodia,Nerodia rhombifer,18.32781063,718.5060761,32.64464764,2.795997035,1034.45557,33.36979536,557.4988124,188.7185295
Serpentes,Colubridae,Nerodia,Nerodia taxispilota,18.87336814,598.4825732,30.30677857,5.607647539,1290.985361,29.58814426,361.1249395,169.7779816
Serpentes,Colubridae,Nerodia,Nerodia cyclopion,18.841139,686.7641496,31.81442385,4.336921341,1348.915492,18.23538938,108.5809174,28.61736263
Serpentes,Colubridae,Nerodia,Nerodia floridana,20.90337625,488.8760095,30.25897577,9.140147023,1348.205115,40.85772841,100.8630829,45.6420633
Serpentes,Colubridae,Regina,Regina septemvittata,13.33391248,800.9332991,28.70216262,-2.427086953,1161.606175,18.01197974,361.6176136,156.1117804
Serpentes,Colubridae,Regina,Regina grahamii,15.73606734,840.4201828,32.06084118,-1.402456941,1032.422816,30.44529408,299.7743046,154.465747
Serpentes,Colubridae,Tropidoclonion,Tropidoclonion lineatum,14.67602784,872.5497636,32.28112482,-3.216615493,765.1729801,43.86330498,309.1357011,89.67575369
Serpentes,Colubridae,Haldea,Haldea striatula,17.85542776,715.8746615,31.84416101,2.659248824,1184.059103,22.91164714,1340.396353,147.6966062
Serpentes,Colubridae,Storeria,Storeria dekayi,14.55417393,781.3630846,29.74030218,-1.419297019,1070.231431,28.90770934,373.2615354,170.0980265
Serpentes,Colubridae,Storeria,Storeria storerioides,18.33414641,198.2086361,28.19518106,8.335758843,884.7140132,102.4145181,581.331604,19.37156931
Serpentes,Colubridae,Storeria,Storeria occipitomaculata,5.757860245,1067.61952,25.17617255,-14.44545976,783.6216511,37.27677935,289.4418731,106.1551611
Serpentes,Colubridae,Clonophis,Clonophis kirtlandii,11.42060932,917.100065,28.87104981,-6.089661213,983.4034046,21.25406247,317.3441052,168.2502376
Serpentes,Colubridae,Virginia,Virginia valeriae,16.02727077,765.8275455,30.90823071,0.317913994,1196.158279,20.74490652,387.6795839,212.4939662
Serpentes,Colubridae,Liodytes,Liodytes pygaea,20.13295751,530.8309377,30.19921013,7.864295216,1323.481357,37.05562742,703.5408401,23.03300855
Serpentes,Colubridae,Liodytes,Liodytes rigida,19.00373331,644.610207,31.30290947,4.995700653,1336.190728,21.84183455,533.0886575,8.497983511
Serpentes,Colubridae,Liodytes,Liodytes alleni,21.55988569,447.5948949,30.27582456,10.31867379,1347.920245,45.71679401,967.2815043,378.8850356
Serpentes,Colubridae,Trimerodytes,Trimerodytes aequifasciata,18.75933146,608.5755385,29.67713486,5.210531855,1569.883278,65.39764936,812.7915795,107.0695856
Serpentes,Colubridae,Trimerodytes,Trimerodytes yunnanensis,19.79840112,357.8625798,27.64409361,7.719626732,1640.988205,89.11010419,1051.710416,40.57505924
Serpentes,Colubridae,Trimerodytes,Trimerodytes annularis,18.29327073,708.6986805,30.93387964,3.350391508,1562.525181,57.45755425,757.2111909,128.2283642
Serpentes,Colubridae,Trimerodytes,Trimerodytes percarinatus,19.49130971,500.3894484,29.35071134,6.822844615,1610.382844,74.27122893,900.2760902,79.81057895
Serpentes,Atractaspididae,Homoroselaps,Homoroselaps lacteus,16.18384932,403.1067552,26.73312797,3.33204896,610.8934586,57.00095993,577,221.64
Serpentes,Atractaspididae,Atractaspis,Atractaspis bibronii,21.53515361,269.7843753,30.75873716,11.04886711,833.10426,92.76927253,493.4656621,12.08600847
Serpentes,Atractaspididae,Atractaspis,Atractaspis micropholis,28.52331404,276.3866429,39.55944447,16.95556885,602.2934453,134.2691526,542.7244264,0.114886224
Serpentes,Atractaspididae,Atractaspis,Atractaspis corpulenta,23.92104009,76.25484693,28.74719334,19.98259312,1837.205392,50.07747845,790.7605446,125.6613958
Serpentes,Atractaspididae,Atractaspis,Atractaspis irregularis,23.27167271,91.16294477,28.86882047,18.45355994,1567.916132,57.93603359,707.0038067,88.68071895
Serpentes,Atractaspididae,Atractaspis,Atractaspis boulengeri,23.55509009,60.42973981,27.66534119,19.76021854,1808.292209,44.88579684,724.5748229,147.8473767
Serpentes,Atractaspididae,Atractaspis,Atractaspis microlepidota,28.52457073,279.5188383,38.70676547,17.55184686,435.2057791,133.0593079,365.1307496,4.873170229
Serpentes,Atractaspididae,Polemon,Polemon acanthias,25.37912218,99.41626172,30.81476741,20.98285589,1858.763695,59.5456174,221.3696402,23.44066783
Serpentes,Atractaspididae,Polemon,Polemon collaris,23.24159062,72.15736524,28.16909277,18.65407729,1710.651753,52.81186478,282.0827603,90.99205446
Serpentes,Atractaspididae,Polemon,Polemon notatus,23.79684249,79.33295518,28.6845201,19.05775194,1659.330881,59.72595078,409.9980398,20.87284338
Serpentes,Atractaspididae,Aparallactus,Aparallactus modestus,24.63946316,108.6982206,31.07157746,19.28203546,1609.133057,63.4786442,759.2198687,80.82553661
Serpentes,Atractaspididae,Aparallactus,Aparallactus guentheri,22.40764308,194.8255086,29.97532206,14.22298245,1093.199156,91.57588941,676.1033498,29.14208934
Serpentes,Atractaspididae,Aparallactus,Aparallactus capensis,21.24802497,237.6333663,30.29439612,11.51117924,973.2852462,89.53646617,556.6781002,15.86465406
Serpentes,Atractaspididae,Aparallactus,Aparallactus werneri,24.3707331,129.0353779,30.28580858,18.04586625,1067.514994,68.91614541,586.3566144,63.84437216
Serpentes,Atractaspididae,Amblyodipsas,Amblyodipsas dimidiata,22.14310668,148.399769,29.98872528,13.85332034,614.9325105,105.9209615,382.4107839,1.747293201
Serpentes,Atractaspididae,Xenocalamus,Xenocalamus transvaalensis,21.81475845,297.8522547,29.26305075,11.57977747,716.0324026,66.93813797,360.8080683,47.24189218
Serpentes,Atractaspididae,Amblyodipsas,Amblyodipsas polylepis,21.51302258,232.0532011,30.67164731,11.53371147,932.039055,95.72298224,564.6108953,10.34625356
Serpentes,Atractaspididae,Macrelaps,Macrelaps microlepidotus,18.43194208,288.6739054,26.27512233,8.65962431,895.8446733,50.35496335,934.645336,22.18125602
Serpentes,Lamprophiidae,Lycophidion,Lycophidion ornatum,22.41828944,85.48432735,29.00994833,16.82216893,1411.44624,60.60298669,432.9285714,51.28571429
Serpentes,Lamprophiidae,Lycophidion,Lycophidion capense,21.93492539,241.1081123,30.81597364,12.65885461,915.6467118,84.79394147,1133.359145,274.3625513
Serpentes,Lamprophiidae,Lycophidion,Lycophidion laterale,23.88977585,72.27537351,28.72484658,19.75687484,1729.704872,49.96566219,1225.652765,47.10648232
Serpentes,Lamprophiidae,Lycophidion,Lycophidion nigromaculatum,25.76615545,116.609332,32.1649372,20.60565406,1435.283046,59.80712647,1063.465893,35.70391872
Serpentes,Lamprophiidae,Pseudoboodon,Pseudoboodon lemniscatus,18.15331882,128.7839556,26.06562487,10.76469037,1186.409325,85.37599035,268.8186121,135.6837323
Serpentes,Lamprophiidae,Lycodonomorphus,Lycodonomorphus inornatus,17.17743748,347.538859,26.25946227,5.344496543,727.8108733,63.07716345,593.0720031,73.3161576
Serpentes,Lamprophiidae,Lycodonomorphus,Lycodonomorphus laevissimus,15.71480077,335.3706329,24.65515404,4.132438043,820.7210623,57.83415117,751.6946991,108.4253809
Serpentes,Lamprophiidae,Lycodonomorphus,Lycodonomorphus whytii,21.39135279,163.8353915,29.80899362,13.8017546,1110.363663,94.973548,663.7976162,337.2696663
Serpentes,Lamprophiidae,Lycodonomorphus,Lycodonomorphus rufulus,17.27078199,377.9367652,27.14074415,4.678102769,685.2269274,66.03479582,987.5542907,411.8768243
Serpentes,Lamprophiidae,Lamprophis,Lamprophis fuscus,15.8763924,371.724445,25.59435912,4.273210277,739.4713324,57.85425649,573.1465185,15.89982948
Serpentes,Lamprophiidae,Lamprophis,Lamprophis fiskii,16.43874393,447.5281679,29.35562457,3.633910479,242.0791117,55.07265788,411.5459043,239.0539563
Serpentes,Lamprophiidae,Lamprophis,Lamprophis aurora,16.38547766,415.0205203,26.72191728,2.856800577,673.5750479,64.47354253,894.4459123,243.9715289
Serpentes,Lamprophiidae,Lamprophis,Lamprophis guttatus,16.38822895,394.4627725,27.00049621,4.089972754,566.9029018,54.82600059,282.9750172,34.30776722
Serpentes,Lamprophiidae,Boaedon,Boaedon capensis,20.21699533,374.9974781,30.75769236,7.420649088,546.5992795,89.53331823,336.2431724,14.40816468
Serpentes,Lamprophiidae,Boaedon,Boaedon lineatus,25.2412854,155.6616565,33.2863857,18.19547671,1285.89894,83.83157379,681.2469219,45.42027079
Serpentes,Lamprophiidae,Boaedon,Boaedon olivaceus,23.51483523,73.37871412,28.71970506,19.13606007,1721.643903,52.13220708,735.2170226,103.7328514
Serpentes,Lamprophiidae,Boaedon,Boaedon fuliginosus,24.37719284,166.0406005,32.83745076,16.67307466,1131.024039,89.96679446,634.038511,27.50246756
Serpentes,Lamprophiidae,Boaedon,Boaedon virgatus,25.05443773,111.3960209,30.87784306,20.13240336,1824.69906,72.81017485,956.6902751,51.9090003
Serpentes,Lamprophiidae,Bothrolycus,Bothrolycus ater,23.21137275,82.80255636,28.56830344,18.81746485,1744.232574,54.95783573,874.5065561,265.6841115
Serpentes,Lamprophiidae,Bothrophthalmus,Bothrophthalmus lineatus,23.78746143,82.93473034,29.30843036,19.24273324,1732.726692,54.37441742,1102.378352,79.79570054
Serpentes,Lamprophiidae,Bothrophthalmus,Bothrophthalmus brunneus,23.36438064,86.49080277,28.3813169,19.87923632,2180.647805,63.43625977,775.8326718,93.2795085
Serpentes,Lamprophiidae,Mehelya,Mehelya stenophthalmus,24.07190387,93.08658584,29.86296593,19.34749291,1732.002839,57.79099594,259.7091629,0.103082274
Serpentes,Lamprophiidae,Mehelya,Mehelya poensis,23.57269212,77.15190187,28.94921326,19.03801617,1692.145142,54.07185576,251.5291624,3.368292475
Serpentes,Lamprophiidae,Limaformosa,Limaformosa capensis,22.46023562,166.1950004,30.37546482,14.66019251,1072.158585,81.3532257,261.2818322,38.37485131
Serpentes,Lamprophiidae,Gonionotophis,Gonionotophis brussauxi,23.36147321,62.70928071,28.07560196,19.21221811,1748.713783,47.85152575,1141.692308,40.30769231
Serpentes,Lamprophiidae,Gracililima,Gracililima nyassae,22.40923778,270.5319648,31.10812997,12.14695379,816.9909455,96.60936687,1006.728802,476.4136491
Serpentes,Lamprophiidae,Inyoka,Inyoka swazicus,18.69669605,327.8258351,27.20506766,6.585279421,805.9229685,74.10752956,1144.229358,154.5360234
Serpentes,Lamprophiidae,Hormonotus,Hormonotus modestus,23.76645949,74.82796286,28.62092712,19.62148093,1777.740957,50.87935659,218.6516628,7.915512037
Serpentes,Prosymnidae,Prosymna,Prosymna meleagris,26.21188911,143.2504892,34.0131981,20.07027127,1446.861902,78.11288283,486.4162059,26.2187284
Serpentes,Prosymnidae,Prosymna,Prosymna greigerti,26.80578213,214.1817151,36.95823894,17.73959039,902.5689911,108.8793431,768.5261285,139.0219688
Serpentes,Prosymnidae,Prosymna,Prosymna frontalis,20.58093244,358.458488,31.8224833,7.291764239,330.111021,105.5184351,565.3157895,55.78947368
Serpentes,Prosymnidae,Prosymna,Prosymna visseri,22.50876738,178.8755278,31.2450604,11.78203474,537.5357633,112.694789,568.279311,61.50048187
Serpentes,Prosymnidae,Prosymna,Prosymna janii,23.1247645,272.6780188,30.0301293,13.99143248,759.0190441,65.04913851,482.7343056,81.82076389
Serpentes,Prosymnidae,Prosymna,Prosymna ruspolii,23.89588467,95.59423706,31.31161414,17.54085543,579.275422,50.97697768,467.8121523,30.72064422
Serpentes,Cyclocoridae,Oxyrhabdium,Oxyrhabdium leporinum,25.58168019,104.4453073,29.26848087,21.87672489,2444.474485,65.25152967,845.0551134,74.3084109
Serpentes,Psammophiidae,Malpolon,Malpolon monspessulanus,15.4536482,604.4870766,30.94060631,3.07522024,504.7439069,48.05254236,615.3675953,214.5169175
Serpentes,Psammophiidae,Malpolon,Malpolon moilensis,24.9190126,671.0316746,40.70372471,8.279763907,61.82193863,129.398914,601.9149701,202.3748503
Serpentes,Psammophiidae,Rhamphiophis,Rhamphiophis rubropunctatus,25.04571084,109.6251303,32.19406028,19.11705525,737.0839367,68.33430206,384.7075297,49.87810858
Serpentes,Psammophiidae,Rhamphiophis,Rhamphiophis rostratus,23.49338944,185.4672609,31.39874569,15.38653509,805.3818049,91.05300034,486.3084595,22.52737659
Serpentes,Psammophiidae,Rhamphiophis,Rhamphiophis oxyrhynchus,26.98275477,224.546843,37.04126937,17.53058717,966.5099197,108.7685441,641.8625406,8.757400816
Serpentes,Psammophiidae,Dipsina,Dipsina multimaculata,19.30943099,462.7764505,31.78883072,5.129889178,206.850545,84.9534888,126.1576932,9.507461117
Serpentes,Psammophiidae,Mimophis,Mimophis mahfalensis,22.93905562,197.5673365,29.39752664,14.90892496,1245.089658,106.3086661,847.6530362,252.8501779
Serpentes,Psammophiidae,Psammophylax,Psammophylax tritaeniatus,21.09533822,277.0425768,30.98581605,10.01189975,842.6851888,98.59389821,541.491502,10.80735893
Serpentes,Psammophiidae,Psammophylax,Psammophylax variabilis,20.81278531,164.2680315,29.36418381,13.00282323,1126.830834,88.07465315,399.6579184,5.814752083
Serpentes,Psammophiidae,Psammophylax,Psammophylax rhombeatus,16.62456318,396.5471349,27.24514406,3.731088496,592.5034834,60.58441705,102.9232421,1.891710344
Serpentes,Psammophiidae,Kladirostratus,Kladirostratus acutus,21.30916558,139.1927253,30.01665954,14.02764197,1262.094586,82.44317765,600.7312912,15.43784725
Serpentes,Psammophiidae,Hemirhagerrhis,Hemirhagerrhis viperina,21.20938594,261.1720137,31.39242527,8.991094379,555.0395172,110.4630787,1198.291667,503.0416667
Serpentes,Psammophiidae,Hemirhagerrhis,Hemirhagerrhis hildebrandtii,26.30555982,104.3424819,33.77752282,20.48506715,658.2687335,76.03360974,870.1764019,179.5692887
Serpentes,Psammophiidae,Hemirhagerrhis,Hemirhagerrhis kelleri,25.79715422,108.4181831,32.66819722,19.6568766,580.3822219,83.54004655,885.2984293,38.04450262
Serpentes,Psammophiidae,Psammophis,Psammophis aegyptius,24.13998508,630.3435767,39.07980483,7.39672364,37.22732378,216.9295081,1974.766234,656.4805195
Serpentes,Psammophiidae,Psammophis,Psammophis schokari,24.57979587,635.6336725,39.95211932,8.363973582,132.880637,129.3898422,86.11671781,3.086481972
Serpentes,Psammophiidae,Psammophis,Psammophis praeornatus,27.19930159,226.8906965,37.43843611,17.61483184,952.1419162,110.871435,677.1358436,22.15444691
Serpentes,Psammophiidae,Psammophis,Psammophis elegans,27.28052042,233.2497823,37.49732354,17.60858509,952.9474974,111.3297411,1039.073058,176.4714875
Serpentes,Psammophiidae,Psammophis,Psammophis punctulatus,25.62708876,116.6055047,33.03904693,18.87981874,517.171577,88.33076951,100.3436533,13.81135465
Serpentes,Psammophiidae,Psammophis,Psammophis angolensis,21.81342815,206.1267965,30.44954091,12.84460619,1006.761818,88.52097686,682.1924869,40.07398897
Serpentes,Psammophiidae,Psammophis,Psammophis tanganicus,24.29155173,118.7744194,31.7850711,17.00393328,547.6996206,93.62141076,665.7188448,5.315678079
Serpentes,Psammophiidae,Psammophis,Psammophis biseriatus,25.78799508,103.5077863,32.70832518,19.79841902,535.0893176,87.99796445,209.7806644,38.0572047
Serpentes,Psammophiidae,Psammophis,Psammophis lineatus,23.92322026,154.0540193,32.43906483,16.75314485,1258.5957,82.48043339,335.6887806,19.84882561
Serpentes,Psammophiidae,Psammophis,Psammophis leopardinus,20.83943767,262.4870183,30.99529281,8.753723209,483.9211212,113.4519222,319.0316567,24.82904718
Serpentes,Psammophiidae,Psammophis,Psammophis brevirostris,19.38259228,385.9189547,28.82140769,5.973268324,626.8524195,79.24195231,187.1449935,24.64576513
Serpentes,Psammophiidae,Psammophis,Psammophis phillipsii,24.85708752,114.5326698,31.30225269,19.49680447,1626.840695,69.90260026,321.7455402,0.343812092
Serpentes,Psammophiidae,Psammophis,Psammophis mossambicus,22.0119772,208.1702008,30.58716069,13.2237953,979.4162713,91.01141907,296.0300393,38.31852918
Serpentes,Psammophiidae,Psammophis,Psammophis orientalis,23.1234565,203.4039588,30.49426446,14.9938852,1042.626135,92.97578042,168.7042116,37.71612526
Serpentes,Psammophiidae,Psammophis,Psammophis sudanensis,25.36945264,186.9285853,34.81411674,17.07343405,867.5776151,97.80129675,819.4615696,51.28361013
Serpentes,Psammophiidae,Psammophis,Psammophis subtaeniatus,21.37573963,330.7625852,31.35176645,8.702806821,605.2974617,100.340484,643.0641464,26.15817639
Serpentes,Psammophiidae,Psammophis,Psammophis sibilans,25.99270957,254.6802767,36.31779726,16.30898563,821.1421998,107.5387013,146.080024,17.71804886
Serpentes,Psammophiidae,Psammophis,Psammophis rukwae,25.9681163,196.3578506,35.48329061,17.46845687,958.0512103,100.6931474,573.5674587,20.89380422
Serpentes,Psammophiidae,Psammophis,Psammophis trigrammus,21.15881692,311.4616045,31.64757275,8.729243569,206.3143708,116.6582239,298.8862777,23.78340654
Serpentes,Psammophiidae,Psammophis,Psammophis jallae,21.5510118,321.2085496,31.945805,8.904454216,647.1759977,101.9487108,40.52180738,0.067908895
Serpentes,Psammophiidae,Psammophis,Psammophis notostictus,18.84426913,425.2735965,30.74973502,5.49870937,259.0585913,80.58403714,421.4587829,1.104435394
Serpentes,Psammophiidae,Psammophis,Psammophis leightoni,15.79785234,440.9793421,28.21363131,3.94536125,370.270115,49.87642614,567.2288819,16.99238419
Serpentes,Psammophiidae,Psammophis,Psammophis namibensis,20.19460884,311.4382527,30.44915395,8.543904968,113.9236021,105.3859663,655.0147651,6.024572452
Serpentes,Psammophiidae,Psammophis,Psammophis lineolatus,11.41247045,1094.313963,32.76831588,-9.872166528,195.0789014,71.63530654,872.2162642,14.95354116
Serpentes,Psammophiidae,Psammophis,Psammophis condanarus,25.23178023,465.3194067,37.82491493,10.80504411,1068.960692,123.1135053,251.7447159,52.02085507
Serpentes,Psammophiidae,Psammophis,Psammophis crucifer,16.27384845,407.8566773,26.85898348,3.23203731,620.663859,60.00908703,251.4616447,42.59256791
Serpentes,Lamprophiidae,Buhoma,Buhoma depressiceps,23.25383346,67.4370176,27.85936884,19.41605713,1779.523148,46.3473055,731.3424052,136.9314962
Serpentes,Lamprophiidae,Buhoma,Buhoma procterae,20.28843828,152.4152823,27.2120733,12.65891545,1237.880569,86.1891917,746.8056925,33.0706911
Serpentes,Pseudoxyrhophiidae,Ditypophis,Ditypophis vivax,24.83213046,119.5189914,27.98080037,22.7777932,305.5357391,143.413139,300.3476752,0
Serpentes,Pseudoxyrhophiidae,Compsophis,Compsophis boulengeri,19.61664684,223.2509343,25.2693107,13.0750507,2262.152843,58.83081667,1056.721212,212.8994453
Serpentes,Pseudoxyrhophiidae,Compsophis,Compsophis albiventris,22.64166667,98.025,25.36666667,18.99166667,1456.5,131.75,1344.25,25
Serpentes,Pseudoxyrhophiidae,Compsophis,Compsophis fatsibe,17.41220527,140.3193712,22.89477577,11.2825705,2329.415395,71.78432732,1295.155571,193.2253814
Serpentes,Pseudoxyrhophiidae,Compsophis,Compsophis laphystius,20.0274814,228.934985,25.65911132,13.44209692,2184.754237,57.80473392,1012.147443,209.1124169
Serpentes,Pseudoxyrhophiidae,Compsophis,Compsophis infralineatus,19.74153264,221.6998719,25.34719974,13.08687285,1974.543538,66.11707634,966.3731961,169.7840633
Serpentes,Pseudoxyrhophiidae,Amplorhinus,Amplorhinus multimaculatus,15.98023375,351.0367986,25.39815039,4.330624886,754.8553685,57.45767918,360.7762939,51.5111805
Serpentes,Pseudoxyrhophiidae,Duberria,Duberria variegata,23.15737038,249.683179,29.24964122,15.2200362,835.4118173,56.72385819,496.9976822,46.63898212
Serpentes,Pseudoxyrhophiidae,Duberria,Duberria lutrix,19.0349652,246.1267689,27.73971784,9.472673453,923.5653034,71.21746908,313.0223794,159.3584627
Serpentes,Pseudoxyrhophiidae,Alluaudina,Alluaudina bellyi,22.43364467,137.4550051,27.24217813,16.83229165,1999.300305,84.10059991,1192.036308,129.5065251
Serpentes,Pseudoxyrhophiidae,Thamnosophis,Thamnosophis infrasignatus,19.96366141,223.28125,25.6525278,13.26484234,2030.381233,63.52629923,990.7861269,181.040338
Serpentes,Pseudoxyrhophiidae,Thamnosophis,Thamnosophis stumpffi,25.66180479,111.1251565,30.13841621,20.37543278,2104.559853,96.07992634,1392.201105,82.48766114
Serpentes,Pseudoxyrhophiidae,Thamnosophis,Thamnosophis lateralis,21.89097503,209.2945582,28.24797378,14.23962019,1563.410948,89.79220021,932.0616274,89.81678792
Serpentes,Pseudoxyrhophiidae,Thamnosophis,Thamnosophis mavotenda,24.82327952,139.9525913,29.98937978,17.50620221,1377.962617,118.1478335,1054.15463,8.497026338
Serpentes,Pseudoxyrhophiidae,Thamnosophis,Thamnosophis martae,24.45238095,130.652381,28.52857143,18.78095238,1198.095238,111.6190476,889.952381,24.52380952
Serpentes,Pseudoxyrhophiidae,Thamnosophis,Thamnosophis epistibes,20.91615408,225.1670266,26.29320006,14.64310464,2227.662706,55.06086601,1005.723879,218.9876354
Serpentes,Pseudoxyrhophiidae,Dromicodryas,Dromicodryas quadrilineatus,22.90193827,179.8664479,28.88091998,15.67347079,1696.473664,95.60116184,914.6533058,49.76794495
Serpentes,Pseudoxyrhophiidae,Dromicodryas,Dromicodryas bernieri,22.55052387,201.590498,28.96101683,14.6256943,1365.455393,101.9526803,991.3642559,225.7616104
Serpentes,Pseudoxyrhophiidae,Liophidium,Liophidium rhodogaster,19.99211013,213.3833957,25.60985241,13.43881572,2041.731809,65.77319692,298.0583926,85.77921277
Serpentes,Pseudoxyrhophiidae,Liophidium,Liophidium pattoni,20.20968972,196.5643233,25.16638491,14.61673023,2943.237089,43.80177301,417.325698,18.58451764
Serpentes,Pseudoxyrhophiidae,Liophidium,Liophidium mayottensis,23.77748639,111.2989114,25.6415141,21.48258288,2300.170213,59.48193963,464.1467553,48.28096135
Serpentes,Pseudoxyrhophiidae,Liophidium,Liophidium torquatum,22.74931446,194.0934776,29.19429762,14.64824756,1257.736064,108.9355449,260.4399793,3.853513093
Serpentes,Pseudoxyrhophiidae,Liophidium,Liophidium chabaudi,24.84476831,231.5280456,30.33849028,16.74323617,456.8348281,115.9336697,64.29439012,13.56253217
Serpentes,Pseudoxyrhophiidae,Liophidium,Liophidium vaillanti,22.94536034,237.9805071,30.0487444,14.15369679,945.6324138,98.70360344,254.4123531,0.743909084
Serpentes,Pseudoxyrhophiidae,Liophidium,Liophidium therezieni,25.7,110.7916667,28.87083333,21.675,1278.916667,109.4583333,73.56010506,42.57553586
Serpentes,Pseudoxyrhophiidae,Liophidium,Liophidium maintikibo,25.75833333,168.0083333,30.73333333,18.45,878.0833333,126.9166667,95.2817063,5.821868122
Serpentes,Pseudoxyrhophiidae,Elapotinus,Elapotinus picteti,20.89157392,176.8100204,25.95816964,15.14787205,2292.332171,63.79451977,728.7555046,105.0233891
Serpentes,Pseudoxyrhophiidae,Pseudoxyrhopus,Pseudoxyrhopus quinquelineatus,24.13956784,184.4077433,29.99451352,16.54992572,1163.538125,111.184925,53.40789825,1.130707736
Serpentes,Pseudoxyrhophiidae,Liopholidophis,Liopholidophis varius,18.87469483,236.260124,24.98821934,12.01588839,1948.357489,68.96996706,905.8472978,27.49514666
Serpentes,Pseudoxyrhophiidae,Liopholidophis,Liopholidophis sexlineatus,18.38525732,231.3791127,24.79289042,10.60084627,1507.066693,84.07173913,977.5,39.75
Serpentes,Pseudoxyrhophiidae,Liopholidophis,Liopholidophis grandidieri,18.01775834,245.1659379,24.35152597,10.36626807,1590.969748,73.03399964,1080.312222,210.564572
Serpentes,Pseudoxyrhophiidae,Liopholidophis,Liopholidophis dolicocercus,19.2725604,225.7877667,25.08929898,12.54845858,2140.583268,63.4423439,712.75,5.583333333
Serpentes,Pseudoxyrhophiidae,Liopholidophis,Liopholidophis rhadinaea,19.56039974,230.8761861,25.3684472,12.71805856,1969.747285,62.21158319,1019.686247,176.9949817
Serpentes,Pseudoxyrhophiidae,Liopholidophis,Liopholidophis dimorphus,24.05454545,104.7909091,26.6,20.61818182,1185.454545,116.1818182,361.1440583,9.512144993
Serpentes,Pseudoxyrhophiidae,Liopholidophis,Liopholidophis oligolepis,21.25833333,172.5166667,25.725,15.88333333,2995.666667,36.33333333,1214.237811,309.0719513
Serpentes,Pseudoxyrhophiidae,Liopholidophis,Liopholidophis baderi,18.55833333,238.25,24.58333333,11.775,1740.833333,70.33333333,140.8093664,36.34710744
Serpentes,Pseudoxyrhophiidae,Heteroliodon,Heteroliodon occipitalis,24.61755707,188.7825594,30.51314801,16.72948198,1011.04116,111.0209235,311.3076923,26.76923077
Serpentes,Pseudoxyrhophiidae,Heteroliodon,Heteroliodon fohy,24.94615385,109.9230769,27.46923077,21.57692308,1350.076923,109.5384615,177.0304241,8.851421682
Serpentes,Pseudoxyrhophiidae,Pseudoxyrhopus,Pseudoxyrhopus microps,21.34083621,205.9532747,26.5369608,15.27895929,2147.475723,60.28846006,94.58333333,7
Serpentes,Pseudoxyrhophiidae,Pseudoxyrhopus,Pseudoxyrhopus tritaeniatus,20.59198932,226.2191413,26.02625208,14.2618364,2237.247498,55.57048719,835.5602078,119.3819817
Serpentes,Pseudoxyrhophiidae,Pseudoxyrhopus,Pseudoxyrhopus heterurus,22.07385888,215.9514392,27.03434495,16.4503189,2585.256641,47.14981199,27.53846154,4
Serpentes,Pseudoxyrhophiidae,Pseudoxyrhopus,Pseudoxyrhopus analabe,19.75985899,189.9179553,24.85118684,13.93837838,2755.044888,46.51915394,13.65392332,0
Serpentes,Pseudoxyrhophiidae,Parastenophis,Parastenophis betsileanus,20.61564208,207.1777288,25.96609582,14.39100382,2175.14161,59.85640404,172.1184566,21.03933737
Serpentes,Pseudoxyrhophiidae,Leioheterodon,Leioheterodon modestus,23.86094587,209.2735654,30.64074052,15.34261495,1116.902443,104.3144,685.5635756,51.6023134
Serpentes,Pseudoxyrhophiidae,Leioheterodon,Leioheterodon madagascariensis,22.27639454,205.9149293,28.55047647,14.6149517,1497.402355,93.2437171,452.8404644,11.21280779
Serpentes,Pseudoxyrhophiidae,Leioheterodon,Leioheterodon geayi,24.15129542,231.4410622,30.42745554,15.76131816,702.5426262,104.6741244,148.0913268,3.367271592
Serpentes,Pseudoxyrhophiidae,Lycodryas,Lycodryas inornatus,23.65714286,231.9357143,29.27142857,16.57857143,697.5714286,78.64285714,344.9728081,36.48726312
Serpentes,Pseudoxyrhophiidae,Lycodryas,Lycodryas inopinae,24.49373004,105.8744557,27.4121045,20.70095791,1321.919013,115.5820029,372.2922556,51.73388911
Serpentes,Pseudoxyrhophiidae,Lycodryas,Lycodryas pseudogranuliceps,23.23327273,197.9663058,29.82145624,14.85741405,1136.59165,111.9433557,849.4092598,8.766061378
Serpentes,Pseudoxyrhophiidae,Lycodryas,Lycodryas granuliceps,25.61353128,111.6647416,29.58890752,20.78608341,1692.319311,106.7038985,353.2807736,42.58831203
Serpentes,Pseudoxyrhophiidae,Lycodryas,Lycodryas citrinus,25.56294998,155.1722948,30.19042158,18.66098545,1062.39142,124.0113624,946.1084659,188.6011714
Serpentes,Pseudoxyrhophiidae,Lycodryas,Lycodryas maculatus,23.77748639,111.2989114,25.6415141,21.48258288,2300.170213,59.48193963,647.9191577,8.047262559
Serpentes,Pseudoxyrhophiidae,Lycodryas,Lycodryas cococola,26.3125,117.9625,28.2125,23.925,2289.375,53.125,476.609,26.805
Serpentes,Pseudoxyrhophiidae,Lycodryas,Lycodryas gaimardi,21.93666729,192.2677562,26.68909083,16.61699987,2638.020794,50.55779441,1659.05497,31.62011261
Serpentes,Pseudoxyrhophiidae,Phisalixella,Phisalixella tulearensis,24.96022224,180.3204323,30.77542064,17.20033486,1054.497284,113.5962657,604.1844622,20.25894272
Serpentes,Pseudoxyrhophiidae,Phisalixella,Phisalixella arctifasciata,21.0695996,205.1930815,26.41201854,14.90919688,2169.52168,60.63432645,769.5318636,94.54882793
Serpentes,Pseudoxyrhophiidae,Phisalixella,Phisalixella variabilis,23.86609524,246.9691905,30.65447619,14.64733333,579.2180952,103.4319048,374.8657214,41.11320514
Serpentes,Pseudoxyrhophiidae,Madagascarophis,Madagascarophis fuchsi,25.54615385,112.2692308,28.02307692,22.26923077,1218.692308,121.1538462,155.5057876,12.54927046
Serpentes,Pseudoxyrhophiidae,Madagascarophis,Madagascarophis meridionalis,22.71167976,235.2743732,29.57665516,13.92976488,815.697083,106.8216998,228.1355069,15.53258591
Serpentes,Pseudoxyrhophiidae,Madagascarophis,Madagascarophis colubrinus,22.39792486,198.059716,28.55471439,14.89919482,1548.280081,93.50833188,355.8485871,46.26464874
Serpentes,Pseudoxyrhophiidae,Langaha,Langaha madagascariensis,23.35355419,166.967733,28.51465801,17.3488213,1903.727151,82.78977196,481.0615054,18.16029096
Serpentes,Pseudoxyrhophiidae,Ithycyphus,Ithycyphus perineti,20.29058212,215.927453,25.81045918,13.898116,2179.205947,63.44485657,378.2340712,104.2433564
Serpentes,Pseudoxyrhophiidae,Ithycyphus,Ithycyphus oursi,23.79335803,239.6463417,30.5892807,14.94870263,730.5524504,103.9038126,737.0405117,110.646855
Serpentes,Pseudoxyrhophiidae,Ithycyphus,Ithycyphus miniatus,24.43264694,151.4983348,30.23132555,17.2349732,1546.809693,109.8490188,1644.171604,99.61992539
Serpentes,Pseudoxyrhophiidae,Micropisthodon,Micropisthodon ochraceus,21.49229397,202.5907865,26.70877682,15.57049586,2342.399465,58.06053612,389.2438666,101.2074475
Serpentes,Pseudaspididae,Pseudaspis,Pseudaspis cana,20.25118535,329.7444648,30.66320657,8.323302812,692.5159696,90.17057626,162.3598959,1.222631096
Serpentes,Pseudaspididae,Pythonodipsas,Pythonodipsas carinata,20.75021712,326.8157188,31.64256797,7.729715115,193.3527067,120.5995984,654.4007351,46.39492321
Serpentes,Pseudaspididae,Psammodynastes,Psammodynastes pulverulentus,22.91954103,253.1979902,29.31760031,14.75123351,2136.736953,63.93636641,1211.536618,85.10375529
Serpentes,Elapidae,Calliophis,Calliophis nigrescens,24.63584766,184.9812079,33.97606312,16.19620737,1697.309518,107.2073479,1378.236899,14.91334557
Serpentes,Elapidae,Calliophis,Calliophis castoe,26.87204715,129.3570619,33.6796418,20.43717978,3386.843346,138.8574019,3232.422353,0.550668783
Serpentes,Elapidae,Calliophis,Calliophis melanurus,26.25767248,272.9756739,36.34143226,16.26709328,1307.094249,106.2221442,984.7290837,24.10277683
Serpentes,Elapidae,Calliophis,Calliophis bivirgatus,25.30102019,35.83472463,28.68244156,22.17649201,2867.740098,29.37092719,1018.590613,446.5721448
Serpentes,Elapidae,Sinomicrurus,Sinomicrurus kelloggi,18.90015133,580.4345754,29.25354314,5.524120024,1515.279208,66.53511634,783.9335287,103.1008711
Serpentes,Elapidae,Sinomicrurus,Sinomicrurus macclellandi,18.66986289,506.1294121,28.56779475,5.789821558,1686.059831,77.24341024,967.5393507,69.07219788
Serpentes,Elapidae,Sinomicrurus,Sinomicrurus japonicus,22.07972672,433.0143947,28.61893867,14.8209088,2559.375596,33.25961233,989.5891325,411.1433111
Serpentes,Elapidae,Micrurus,Micrurus decoratus,20.19334273,236.59938,26.77793535,12.38671756,1552.908436,51.71319043,1104.83447,222.1803559
Serpentes,Elapidae,Micrurus,Micrurus ibiboboca,25.31421893,128.8428806,31.79694791,19.53368015,984.7074345,78.58960005,581.9447913,128.62731
Serpentes,Elapidae,Micrurus,Micrurus baliocoryphus,20.72450863,428.3418608,30.54347211,9.70469053,1276.252118,35.20339324,220.8388138,23.25457675
Serpentes,Elapidae,Micrurus,Micrurus pyrrhocryptus,20.23556778,390.7961558,29.64058847,9.295158899,967.9164268,56.85983807,548.041925,40.92336769
Serpentes,Elapidae,Micrurus,Micrurus brasiliensis,25.04578174,116.1981792,32.02174528,19.24888486,1260.604251,81.02000739,14,0
Serpentes,Elapidae,Micrurus,Micrurus frontalis,23.77110061,170.9489804,30.57663825,16.16107026,1478.038571,66.65576576,473.8450637,237.0805155
Serpentes,Elapidae,Micrurus,Micrurus spixii,24.80833642,75.60637662,29.76577124,20.22886457,2125.238452,53.48115557,815.0525551,150.7848823
Serpentes,Elapidae,Micrurus,Micrurus obscurus,24.56141894,60.6858548,28.51957267,20.27169705,2545.019639,37.75513967,501.9708314,208.6290367
Serpentes,Elapidae,Micrurus,Micrurus altirostris,19.02490865,398.8064753,28.20957853,8.70974623,1422.878552,25.68203514,201.9677302,9.12625804
Serpentes,Elapidae,Micrurus,Micrurus lemniscatus,23.95403611,120.861616,29.68995811,18.30345316,1839.291498,59.030697,700.7479365,157.9210097
Serpentes,Elapidae,Micrurus,Micrurus hemprichii,24.88469206,57.57695199,29.29467294,21.10191778,2408.150897,47.26745292,669.0458975,19.63591116
Serpentes,Elapidae,Micrurus,Micrurus surinamensis,24.80385828,73.15459655,29.71751984,20.40370989,2239.483909,53.1068974,947.7463659,299.5639796
Serpentes,Elapidae,Micrurus,Micrurus dissoleucus,25.46290025,65.16117071,30.13506845,21.51586696,1504.320388,62.07187671,944.1412095,256.473379
Serpentes,Elapidae,Micrurus,Micrurus mipartitus,21.74849918,38.74283214,25.5398479,18.08436877,2505.950449,46.14207606,848.3401502,130.2772983
Serpentes,Elapidae,Micrurus,Micrurus narduccii,23.649791,80.36592434,28.04962332,18.42687261,2193.248853,43.75928183,729.6676651,66.46646358
Serpentes,Elapidae,Micrurus,Micrurus corallinus,22.24620817,207.6017718,29.00192301,14.5200822,1284.409743,56.60399149,1078.586451,580.8905632
Serpentes,Elapidae,Micrurus,Micrurus diastema,25.15780918,177.0977201,31.2070293,18.95039327,1771.190483,61.70712872,281.1058948,14.84064746
Serpentes,Elapidae,Micrurus,Micrurus mosquitensis,24.98062471,44.59865803,28.34252198,22.45472004,3333.621934,37.87038408,678.0687499,76.25309006
Serpentes,Elapidae,Micrurus,Micrurus tener,20.77635127,569.2454051,32.74523409,7.013724768,872.2079729,41.56504333,1213.776168,383.1724202
Serpentes,Elapidae,Micrurus,Micrurus fulvius,19.74993259,561.5849684,30.44098746,6.898965351,1359.981566,31.79830744,453.3838767,159.041736
Serpentes,Elapidae,Micrurus,Micrurus psyches,25.09444957,76.49942184,30.38684647,21.42843427,2141.274371,51.45106645,987.2541744,249.0936393
Serpentes,Elapidae,Micrurus,Micrurus albicinctus,25.3047753,38.7827327,29.16354443,21.61235637,2504.554433,42.35376793,36.1492268,0.018630339
Serpentes,Elapidae,Micruroides,Micruroides euryxanthus,20.66217613,635.7864042,35.64557268,5.575888323,413.8814316,83.00475686,217.6837399,8.70822971
Serpentes,Elapidae,Bungarus,Bungarus bungaroides,19.28677821,425.9851726,26.76510251,6.628072384,2711.633827,90.47384896,1720.609319,42.99389561
Serpentes,Elapidae,Bungarus,Bungarus slowinskii,21.24341883,307.856159,27.55208465,12.88582436,2263.127718,75.40130885,1322.368799,118.7305256
Serpentes,Elapidae,Bungarus,Bungarus niger,18.40951623,446.7431342,26.04989653,5.6155507,2934.164928,92.11914099,1865.122252,43.60143554
Serpentes,Elapidae,Bungarus,Bungarus multicinctus,18.68203442,551.9140928,28.76174855,5.559689359,1569.65945,70.72498412,851.35511,94.23460946
Serpentes,Elapidae,Bungarus,Bungarus candidus,25.3511196,125.5892937,30.25639569,19.57302497,2111.557336,63.66169147,1005.752055,163.5381498
Serpentes,Elapidae,Bungarus,Bungarus sindanus,24.66704683,535.3401882,37.02913063,8.827826574,1020.129106,107.225633,749.9891777,14.03295989
Serpentes,Elapidae,Bungarus,Bungarus ceylonicus,23.8339184,69.84210937,27.88939075,19.63662532,2375.642796,41.47718231,959.076293,278.9102114
Serpentes,Elapidae,Bungarus,Bungarus caeruleus,24.82965306,480.4615777,37.4656513,10.60004453,1021.306064,113.7464894,785.7094223,19.09321064
Serpentes,Elapidae,Bungarus,Bungarus fasciatus,23.28201117,272.5397048,30.44561066,14.18466883,2043.271913,73.8378201,1066.494808,147.8963887
Serpentes,Elapidae,Bungarus,Bungarus flaviceps,25.3415753,40.39147855,28.84147921,22.05437921,2819.014319,32.82063312,1032.301059,416.6016439
Serpentes,Elapidae,Elapsoidea,Elapsoidea nigra,22.49168942,149.0864164,28.60998294,17.04890785,1262.359727,54.64726962,1131.975113,211.7235739
Serpentes,Elapidae,Elapsoidea,Elapsoidea sundevallii,19.90771539,398.0415624,29.92165063,6.454202615,557.7831382,82.10733696,677.877324,11.80457607
Serpentes,Elapidae,Elapsoidea,Elapsoidea semiannulata,24.70863656,182.2401369,33.70201303,16.31624554,1164.921575,91.06953371,647.2114334,141.0049488
Serpentes,Elapidae,Echiopsis,Echiopsis curta,17.55111029,453.5723398,29.63046956,7.020321671,365.314183,35.27294644,702.7123639,136.5471204
Serpentes,Elapidae,Austrelaps,Austrelaps labialis,15.18483335,426.6021658,27.06329563,5.712754181,467.3178318,35.53838287,178.6200217,58.45704488
Serpentes,Elapidae,Austrelaps,Austrelaps superbus,12.69126375,316.5241513,21.54401213,6.035776892,903.2627316,23.2460057,303.5309138,143.3266679
Serpentes,Elapidae,Tropidechis,Tropidechis carinatus,18.52366847,373.9885223,27.07962186,8.418713782,1130.468887,47.55045315,516.7648645,123.0535202
Serpentes,Elapidae,Notechis,Notechis scutatus,14.9024685,426.8615546,25.96428684,5.384729125,726.8955348,30.49111485,376.2911899,157.2518417
Serpentes,Elapidae,Paroplocephalus,Paroplocephalus atriceps,17.33504506,492.2521998,30.43577392,6.022038166,343.2944606,37.50702359,1442.340136,376.7278912
Serpentes,Elapidae,Hoplocephalus,Hoplocephalus bitorquatus,19.69961159,406.1588595,29.03416775,8.764142676,870.9938003,50.83924141,538.88,243.92
Serpentes,Elapidae,Hoplocephalus,Hoplocephalus bungaroides,15.92550686,401.8239113,25.12718039,6.508189707,983.6700724,24.88329268,125.3492083,10.55690745
Serpentes,Elapidae,Drysdalia,Drysdalia rhodogaster,15.24976699,411.7387385,24.78995773,5.63704652,908.8856106,23.75342057,126.8972145,48.83945255
Serpentes,Elapidae,Drysdalia,Drysdalia mastersii,16.82788508,380.7036418,27.44414926,7.674029545,341.8123039,32.40150653,308.0100694,152.3575173
Serpentes,Elapidae,Drysdalia,Drysdalia coronoides,12.72983883,377.2396642,22.77668307,4.539844977,921.9852277,23.21731975,921.3214646,191.7645353
Serpentes,Elapidae,Hemiaspis,Hemiaspis signata,19.95333253,368.6208971,28.38485398,9.92487528,998.8843484,53.1058874,608.7363687,165.1975517
Serpentes,Elapidae,Hemiaspis,Hemiaspis damelii,19.83385657,505.1209252,30.9581021,7.127462434,617.2850646,35.88476744,1031.687384,253.4811746
Serpentes,Elapidae,Acanthophis,Acanthophis pyrrhus,24.02692419,550.7296743,36.36224411,9.28142895,318.4161215,66.11493521,192.644162,18.95159608
Serpentes,Elapidae,Acanthophis,Acanthophis wellsi,23.72310009,544.1179667,36.36663321,9.047591052,409.2943791,89.7374534,284.1466877,10.94637224
Serpentes,Elapidae,Acanthophis,Acanthophis praelongus,26.04792508,239.4241977,33.824949,16.8505032,1093.342744,109.2618182,783.7246151,12.65131229
Serpentes,Elapidae,Acanthophis,Acanthophis antarcticus,20.10677271,466.7375701,31.28727061,8.082322726,539.05791,49.59832826,257.6841572,60.95535568
Serpentes,Elapidae,Acanthophis,Acanthophis rugosus,26.39483363,80.2151547,30.01155283,23.24388792,1701.234734,64.40040864,813.6606538,104.6811442
Serpentes,Elapidae,Pseudechis,Pseudechis colletti,23.87299378,481.3280949,34.93535416,10.15354178,494.5771903,77.13965216,651.6897411,22.53776782
Serpentes,Elapidae,Pseudechis,Pseudechis guttatus,18.72706872,475.977814,29.29351108,6.488760668,723.3522928,36.94507689,733.405758,104.9053498
Serpentes,Elapidae,Pseudechis,Pseudechis papuanus,25.56697289,72.98869744,29.03958681,22.25291282,2108.011766,44.0200293,401.129541,99.99521531
Serpentes,Elapidae,Pseudechis,Pseudechis butleri,22.1515224,629.5948568,36.00418735,7.288824355,238.328019,47.35134222,523.5990083,6.460222772
Serpentes,Elapidae,Pseudechis,Pseudechis australis,23.06775628,503.4855547,34.80701102,9.607030629,443.4669046,63.97184981,281.3253583,37.56515907
Serpentes,Elapidae,Pseudechis,Pseudechis porphyriacus,17.04984222,458.3066052,28.16848556,6.219152972,723.2694379,31.73023087,250.2723241,26.94931125
Serpentes,Elapidae,Vermicella,Vermicella snelli,25.30099903,542.3455517,37.72267511,10.79101791,323.3582797,85.30000636,214.9752681,8.21951116
Serpentes,Elapidae,Vermicella,Vermicella multifasciata,27.85385959,219.8415401,35.10839389,18.16132676,1164.182425,110.6577105,839.3636242,4.316834456
Serpentes,Elapidae,Vermicella,Vermicella intermedia,27.51257727,223.7053236,36.19005719,17.79872798,1216.54245,108.8667003,834.9848619,4.607291535
Serpentes,Elapidae,Vermicella,Vermicella annulata,21.56947367,448.637864,32.37391844,9.645722316,669.6304863,57.60021709,368.0478103,55.20261086
Serpentes,Elapidae,Neelaps,Neelaps calonotus,18.35771763,446.1090495,30.53945863,8.613298472,627.5665334,78.67320824,499.2040028,268.7327949
Serpentes,Elapidae,Ogmodon,Ogmodon vitianus,23.83606956,122.0200471,26.68494191,20.80570279,2491.702483,45.38286886,840.1181878,33.52658737
Serpentes,Elapidae,Pseudonaja,Pseudonaja guttata,24.77908977,494.497265,36.0413656,10.55762568,430.9533501,84.23568055,1104.277886,243.0047901
Serpentes,Elapidae,Oxyuranus,Oxyuranus temporalis,23.22307692,634.9384615,36.1,7.092307692,336.7692308,55.53846154,650.3929498,74.58361864
Serpentes,Elapidae,Oxyuranus,Oxyuranus scutellatus,24.93244822,247.6305562,32.36985549,16.25580027,1209.88152,87.10323826,969.1610643,222.088836
Serpentes,Elapidae,Oxyuranus,Oxyuranus microlepidotus,22.90601021,623.2510892,36.36670028,7.688747866,208.7423483,47.80061242,659.6664821,130.8319588
Serpentes,Elapidae,Pseudonaja,Pseudonaja ingrami,25.84358185,409.7853346,36.13949155,12.39867187,543.7920564,104.9995631,996.5858291,318.0639048
Serpentes,Elapidae,Pseudonaja,Pseudonaja affinis,17.14829874,394.7195184,28.14473624,7.641166439,427.8603667,41.4171336,1021.001622,237.012026
Serpentes,Elapidae,Pseudonaja,Pseudonaja inframacula,16.72777371,365.1282061,26.6237544,8.401983346,377.1279682,45.71119092,1629.750899,414.9478417
Serpentes,Elapidae,Pseudonaja,Pseudonaja nuchalis,23.2362405,508.9581578,35.11910205,9.636661841,419.6715328,64.87632437,470.826087,55.26086957
Serpentes,Elapidae,Pseudonaja,Pseudonaja textilis,20.18996227,458.1364004,31.12202911,8.423979217,641.530119,51.67177226,690.7854151,10.31671565
Serpentes,Elapidae,Pseudonaja,Pseudonaja modesta,23.22463379,546.5722485,35.70236513,8.89969672,310.6458402,61.30280485,553.4221051,75.57165197
Serpentes,Elapidae,Aspidomorphus,Aspidomorphus schlegelii,25.82006621,29.21487358,28.26439593,23.30527772,3023.707498,18.75393273,964.3969554,579.7120527
Serpentes,Elapidae,Aspidomorphus,Aspidomorphus muelleri,24.57725797,39.66333372,27.49962424,21.67984426,3180.404496,26.04759558,1093.866097,537.6026124
Serpentes,Elapidae,Aspidomorphus,Aspidomorphus lineaticollis,25.7187768,54.81593316,28.46052622,22.80679395,2975.689325,30.96346513,1053.644949,435.2418557
Serpentes,Elapidae,Furina,Furina diadema,18.69352379,515.4902318,30.41980809,6.335484733,583.2257931,28.59103866,1130.641084,216.2189886
Serpentes,Elapidae,Furina,Furina ornata,24.26954596,486.9635868,35.67433768,10.69017308,467.4426194,75.65936794,224.7308939,89.68943123
Serpentes,Elapidae,Demansia,Demansia papuensis,26.31633231,224.3895593,33.98442897,17.28679026,1143.186715,109.9600722,816.7125096,11.47273062
Serpentes,Elapidae,Demansia,Demansia psammophis,20.45209591,521.5818097,32.70310775,7.538876821,398.2376566,41.36934477,177.5401271,48.54882129
Serpentes,Elapidae,Demansia,Demansia vestigiata,25.1793375,278.4047384,33.20479536,15.5195613,1020.007444,96.13020853,672.5051666,32.66586261
Serpentes,Elapidae,Toxicocalamus,Toxicocalamus preussi,25.43916324,37.80253247,28.34669681,22.61896839,3446.353499,19.6071537,1105.694158,654.8322816
Serpentes,Elapidae,Simoselaps,Simoselaps littoralis,22.73259154,400.0680989,32.95373875,12.85377341,301.1243847,80.04819544,177.0145723,10.95271966
Serpentes,Elapidae,Simoselaps,Simoselaps bertholdi,20.41951235,539.1648739,33.46294622,7.392186305,256.3531258,40.4591783,110.1964887,30.89985856
Serpentes,Elapidae,Simoselaps,Simoselaps anomalus,24.65969049,560.1477378,36.91614196,9.507962198,324.532929,70.25717548,194.6632415,18.82726
Serpentes,Elapidae,Simoselaps,Simoselaps minimus,27.42668374,259.5800349,34.98972864,16.77884699,765.2711966,123.1585113,637.926384,3.848463383
Serpentes,Elapidae,Brachyurophis,Brachyurophis australis,18.96279995,523.0414137,31.00491918,6.343398299,528.7153026,30.40830176,212.2562941,78.71147591
Serpentes,Elapidae,Brachyurophis,Brachyurophis morrisi,26.82453755,172.7170107,33.99934995,19.25728166,1273.754077,107.8364163,852.2142417,3.195857948
Serpentes,Elapidae,Brachyurophis,Brachyurophis incinctus,24.7172192,526.7528485,36.40794407,9.920425866,374.7249325,82.10106457,241.6654383,17.32463842
Serpentes,Elapidae,Brachyurophis,Brachyurophis roperi,26.72773548,333.3998217,35.95508901,14.90648801,776.6451704,107.835411,565.8332355,7.362342915
Serpentes,Elapidae,Brachyurophis,Brachyurophis semifasciatus,22.51934218,496.162143,34.27810727,9.440308677,409.0206858,60.93042381,235.6222517,27.75355284
Serpentes,Elapidae,Simoselaps,Simoselaps bimaculatus,19.37226529,512.1896505,32.15158091,6.966457614,268.5481299,33.95821805,108.067542,36.52136521
Serpentes,Elapidae,Elapognathus,Elapognathus coronatus,16.9845986,384.7108724,27.83179523,7.964439192,530.535356,54.29609946,426.4615385,14
Serpentes,Elapidae,Suta,Suta suta,22.84078576,522.5808997,34.79755414,8.994277941,417.2168472,60.88077071,241.6429268,32.06671069
Serpentes,Elapidae,Parasuta,Parasuta monachus,20.99557858,589.8440476,34.44633128,6.711307803,246.3678808,35.49535559,168.5489757,0.593072022
Serpentes,Elapidae,Suta,Suta fasciata,23.12309217,577.8052432,36.26303296,8.67907164,262.9371526,59.76055902,135.2017299,18.51866104
Serpentes,Elapidae,Parasuta,Parasuta spectabilis,18.14905098,525.6160676,30.76911648,5.874013767,387.3952281,22.54504546,196.1009036,17.5024533
Serpentes,Elapidae,Cryptophis,Cryptophis nigrescens,18.98589707,373.2031151,28.17785241,9.192061605,937.4081873,51.85804801,453.7325081,99.56042519
Serpentes,Elapidae,Rhinoplocephalus,Rhinoplocephalus bicolor,15.97328001,352.3325554,26.20039647,7.70435369,609.1040432,52.31649572,291.513748,54.07102036
Serpentes,Elapidae,Denisonia,Denisonia devisi,21.02340968,539.1994952,32.9934088,7.332537224,487.5899715,44.13819671,216.3537964,63.13972395
Serpentes,Elapidae,Brachyurophis,Brachyurophis approximans,24.64919563,573.8822789,37.50885198,9.937994624,269.508486,72.39416336,156.2289642,10.65525026
Serpentes,Elapidae,Cacophis,Cacophis squamulosus,19.22875207,376.6641361,27.70362017,9.238777334,990.6487482,46.8361359,437.7271124,114.2173834
Serpentes,Elapidae,Cacophis,Cacophis krefftii,19.36398729,339.1478651,26.4643228,10.73404909,1438.230761,39.98036376,584.5311319,161.4559068
Serpentes,Elapidae,Micropechis,Micropechis ikaheca,24.44277225,38.08291561,27.40934143,21.49286455,3277.813468,23.18905206,3.030567408,0
Serpentes,Elapidae,Toxicocalamus,Toxicocalamus loriae,20.78225391,48.8694811,23.99102921,17.51163692,2840.181506,28.21315537,976.2363449,442.3757184
Serpentes,Elapidae,Walterinnesia,Walterinnesia aegyptia,21.00846041,625.7692881,35.96808325,5.721927516,70.20380928,99.17256139,45.78220962,0
Serpentes,Elapidae,Hemachatus,Hemachatus haemachatus,16.44284085,404.6190955,26.90146675,3.446175543,629.0386423,60.39751483,676.9473288,128.5496843
Serpentes,Elapidae,Aspidelaps,Aspidelaps scutatus,21.49732176,382.0885773,31.49013958,8.041112947,468.7575584,95.98028784,296.9983439,7.939631533
Serpentes,Elapidae,Aspidelaps,Aspidelaps lubricus,18.82600694,425.6104009,30.99257272,5.21504025,275.2812769,81.12113051,166.7035577,15.51343726
Serpentes,Elapidae,Naja,Naja arabica,25.22387896,394.9149387,36.28836786,13.51698847,131.1275936,84.42942289,1087.278557,305.1567033
Serpentes,Elapidae,Naja,Naja haje,25.42645887,314.5232787,36.61299609,14.87351621,680.181642,104.772884,1117.959184,116.0918367
Serpentes,Elapidae,Naja,Naja senegalensis,28.24574425,235.1782284,38.76027157,17.92361594,833.4462506,120.9795965,724.2363838,147.5456342
Serpentes,Elapidae,Naja,Naja anchietae,21.56127202,304.3861714,32.19584354,9.092556523,646.0481892,107.5656451,985.4084235,35.85142968
Serpentes,Elapidae,Naja,Naja annulifera,21.1755016,333.8305991,30.11183946,9.184886398,674.2223819,88.51981072,1106.982094,599.8493057
Serpentes,Elapidae,Naja,Naja nivea,18.43772964,478.6178805,30.75396188,4.153930154,309.3542914,72.40340683,462.4646284,7.556863247
Serpentes,Elapidae,Naja,Naja atra,19.10877316,640.633748,30.45753501,5.108706121,1614.918184,61.85062463,1030.791209,72.73626374
Serpentes,Elapidae,Naja,Naja naja,26.04654464,416.917631,38.23383727,12.89754101,1048.287025,120.3846063,454.605525,8.671439847
Serpentes,Elapidae,Naja,Naja kaouthia,23.72906634,318.0688584,31.87523,12.72994437,1893.576042,92.61757156,441.0698289,0.211455434
Serpentes,Elapidae,Naja,Naja siamensis,25.99523266,162.4005153,32.03323573,18.53303473,1713.046111,83.0498014,844.3332768,16.57783494
Serpentes,Elapidae,Naja,Naja mandalayensis,26.35827896,331.8584197,36.38251247,13.94921325,829.3230566,86.2929939,403.5760515,19.21100025
Serpentes,Elapidae,Naja,Naja sputatrix,25.27599933,45.42999566,28.45150622,22.10769008,2377.174511,59.79686807,179.7315645,4.024970888
Serpentes,Elapidae,Naja,Naja sumatrana,25.33989421,35.76818239,28.69786239,22.2671233,2877.02929,27.48680393,645.9265342,22.45460812
Serpentes,Elapidae,Naja,Naja annulata,23.19241948,78.09066606,28.45138095,18.78708516,1663.532639,52.55193335,1160.861202,836.2724732
Serpentes,Elapidae,Naja,Naja multifasciata,23.59290379,57.25865783,27.41342966,19.73023498,1785.706137,46.04493744,812.7308389,120.9574532
Serpentes,Elapidae,Naja,Naja melanoleuca,24.03884101,136.9808363,31.32960622,17.67588554,1407.545646,73.96647599,77.84704322,6.09151968
Serpentes,Elapidae,Naja,Naja nigricincta,20.46469752,387.7138036,32.06888946,7.048943731,251.5017433,100.2960694,1183.260742,35.45472854
Serpentes,Elapidae,Naja,Naja mossambica,21.63912757,298.5489162,30.63735608,10.49803423,785.8681728,95.365009,326.3389701,30.54484853
Serpentes,Elapidae,Naja,Naja ashei,25.33186444,107.4890593,32.60902791,19.2977748,561.8212168,85.13521944,863.2158247,447.6353524
Serpentes,Elapidae,Naja,Naja nigricollis,23.90803914,161.0708699,32.44760692,16.27421935,1153.051086,87.35724329,631.6773442,2.881456828
Serpentes,Elapidae,Naja,Naja katiensis,27.47975041,254.3398889,38.22343849,16.98024402,855.7384161,119.0298648,699.3706205,109.6179898
Serpentes,Elapidae,Naja,Naja nubiae,27.20463941,445.7599109,39.51272617,12.7688494,138.9628034,186.2905814,708.0110372,54.8974898
Serpentes,Elapidae,Naja,Naja pallida,24.99819829,120.6306247,32.42199631,18.23867218,510.0622164,92.28067559,494.5472108,15.96046448
Serpentes,Elapidae,Ophiophagus,Ophiophagus hannah,23.84386549,235.2236145,30.32124059,15.67472719,2138.639033,69.03892311,507.8894782,50.81529559
Serpentes,Elapidae,Dendroaspis,Dendroaspis angusticeps,23.05183122,199.5862521,29.59477629,15.16837578,1045.146631,78.15344704,590.3450187,49.04973776
Serpentes,Elapidae,Dendroaspis,Dendroaspis polylepis,23.29936857,212.0529516,32.39996063,14.35642264,989.3736991,91.6357351,582.9014765,17.29672901
Serpentes,Elapidae,Hemibungarus,Hemibungarus calligaster,25.97372279,63.88352163,28.82916506,23.43211904,2179.932599,48.27236153,311.7232493,3.191488891
Serpentes,Lamprophiidae,Micrelaps,Micrelaps bicoloratus,24.18545452,125.85445,30.73425778,17.93599038,648.9730048,78.98915192,162.0480477,4.7371068
Serpentes,Homalopsidae,Dieurostus,Dieurostus dussumieri,26.6348386,99.28858173,31.33754293,22.06958276,1528.394746,69.03425481,802.4207589,82.88418613
Serpentes,Homalopsidae,Brachyorrhos,Brachyorrhos raffrayi,25.88333333,21.45833333,27.56666667,24.23333333,2322.416667,22.08333333,826.4166667,441.6666667
Serpentes,Homalopsidae,Brachyorrhos,Brachyorrhos wallacei,26.25833333,22.65,28.15,24.44166667,1875.583333,16.58333333,595.8333333,380.4166667
Serpentes,Homalopsidae,Enhydris,Enhydris longicauda,27.79587912,112.7627033,33.28317582,21.37089011,1401.783407,77.15153846,761.9605395,22.01256473
Serpentes,Homalopsidae,Enhydris,Enhydris innominata,27.22721576,88.9431753,32.47089687,21.80107202,1753.030651,76.34040465,1078.780114,115.2947015
Serpentes,Homalopsidae,Enhydris,Enhydris jagorii,27.42469993,152.0995062,33.24732448,19.9249167,1327.326121,81.51025651,878.9834667,18.83964971
Serpentes,Homalopsidae,Enhydris,Enhydris subtaeniata,26.31437502,161.9534916,32.26996258,18.84028452,1648.246444,81.17701812,743.5405495,14.17307692
Serpentes,Homalopsidae,Enhydris,Enhydris enhydris,25.30562888,223.2224536,32.00150275,16.79401435,2003.435728,78.16938353,1334.576481,383.7948718
Serpentes,Homalopsidae,Myrrophis,Myrrophis chinensis,19.25610775,648.4213218,30.78051176,5.22605868,1619.915872,60.5746779,36.54885715,3.274428573
Serpentes,Homalopsidae,Hypsiscopus,Hypsiscopus plumbea,21.27242292,410.7250805,29.56344742,10.72140527,1761.149885,63.4851393,943.1693023,368.6327919
Serpentes,Homalopsidae,Hypsiscopus,Hypsiscopus matannensis,24.8617819,52.44015531,28.59245157,21.75812458,2238.270458,38.80861723,986.7586207,595.6896552
Serpentes,Homalopsidae,Pseudoferania,Pseudoferania polylepis,25.93237909,219.8223957,33.25904666,17.53357367,1262.12181,105.1574572,438.2008902,37.7643399
Serpentes,Homalopsidae,Myron,Myron richardsonii,27.08746958,173.8817444,32.97529875,19.81110726,1445.354219,99.37662261,610.322857,0.000116945
Serpentes,Homalopsidae,Subsessor,Subsessor bocourti,26.68581185,108.259212,31.56601226,20.71833058,2004.807822,71.65866329,1027.272731,81.95229108
Serpentes,Homalopsidae,Phytolopsis,Phytolopsis punctata,25.67623306,41.97439178,29.11417226,22.51624731,2793.782689,27.0751403,165.0729949,38.40200319
Serpentes,Homalopsidae,Erpeton,Erpeton tentaculatum,27.27160906,93.86763958,32.27344786,21.99549403,1711.802916,71.8386913,78.51761151,3.360271562
Serpentes,Homalopsidae,Homalopsis,Homalopsis buccata,25.25187943,35.08787187,28.6481469,22.11061165,2881.163159,28.91367506,407.3352954,13.48389972
Serpentes,Homalopsidae,Cerberus,Cerberus microlepis,26.71648107,92.27988122,30.58386538,23.19977728,2347.203662,59.67334818,1060.585746,152.4521158
Serpentes,Homalopsidae,Cerberus,Cerberus rynchops,26.93147224,161.4695479,32.58393994,20.71556598,2095.836558,89.49200638,1268.755279,148.2276184
Serpentes,Homalopsidae,Cerberus,Cerberus australis,27.13588282,206.0635293,33.62573464,18.84607515,1212.626104,113.9528312,886.3924667,5.400431149
Serpentes,Homalopsidae,Bitia,Bitia hydroides,27.08141558,68.43622032,30.23952378,23.79573494,3059.381435,62.13717538,1633.236214,238.2823968
Serpentes,Homalopsidae,Cantoria,Cantoria violacea,27.39773164,70.70957651,30.55645294,24.4216409,3506.86399,80.56498674,2010.537181,97.30549712
Serpentes,Homalopsidae,Fordonia,Fordonia leucobalia,26.5906343,177.3371946,32.53295239,19.44857301,1665.786219,87.46551199,1470.609809,101.6710069
Serpentes,Homalopsidae,Gerarda,Gerarda prevostiana,27.33152318,197.9441528,33.55141373,20.10964741,1847.998858,107.8677285,1081.387499,458.6537221
Serpentes,Viperidae,Azemiops,Azemiops feae,15.6787188,632.2774779,27.23331486,1.570360888,1345.327563,71.89415856,728.0625376,83.4131766
Serpentes,Viperidae,Tropidolaemus,Tropidolaemus wagleri,25.30475299,43.45601969,28.69245691,22.20010529,2631.102133,34.09550806,991.2034718,368.0332169
Serpentes,Viperidae,Hypnale,Hypnale hypnale,25.50276198,128.2535742,31.96677547,19.67111287,1724.229905,84.44041925,186.4208717,8.629778383
Serpentes,Viperidae,Hypnale,Hypnale zara,24.20956855,62.8769659,28.03231269,20.31305961,2388.143006,38.75806077,806.1054457,116.8203028
Serpentes,Viperidae,Hypnale,Hypnale nepa,24.29950217,67.44882957,28.48435547,20.07499206,2542.202627,41.85054549,918.2571378,125.0345252
Serpentes,Viperidae,Calloselasma,Calloselasma rhodostoma,26.0698088,136.7941972,31.68411838,19.39192289,1809.108552,76.61266021,957.3985356,60.68507842
Serpentes,Viperidae,Deinagkistrodon,Deinagkistrodon acutus,17.65817343,714.4476858,30.40029614,2.61374891,1527.032815,59.11295575,755.2511596,124.8465742
Serpentes,Viperidae,Garthius,Garthius chaseni,20.03975241,47.45536451,23.79367263,16.64408528,2607.218707,24.76066025,91.38795446,0.513826155
Serpentes,Viperidae,Trimeresurus,Trimeresurus hageni,25.23689707,42.58056848,28.63525489,22.13432947,2635.326072,33.37059562,988.0291401,373.8970868
Serpentes,Viperidae,Trimeresurus,Trimeresurus flavomaculatus,25.34879602,83.69666911,28.97996415,21.87145033,2424.042854,52.29631057,1127.605752,228.2611781
Serpentes,Viperidae,Trimeresurus,Trimeresurus mcgregori,25.63276836,189.3567797,28.62768362,21.82146893,3074.418079,50.76553672,1326.29661,223.8135593
Serpentes,Viperidae,Trimeresurus,Trimeresurus schultzei,26.83706074,49.22819561,28.5539013,25.57369903,1908.225693,61.43935224,887.4102285,84.25904116
Serpentes,Viperidae,Trimeresurus,Trimeresurus sumatranus,25.28027184,34.41994865,28.64109421,22.19920108,2913.26658,26.12041567,1007.059199,476.507155
Serpentes,Viperidae,Trimeresurus,Trimeresurus malcolmi,25.35816324,30.00318819,28.76287199,22.2308518,3105.723079,22.16508398,1027.701506,540.2706106
Serpentes,Viperidae,Trimeresurus,Trimeresurus insularis,25.21362415,52.34806675,28.46513181,22.01359538,2198.454585,62.58387122,1015.072325,163.1504236
Serpentes,Viperidae,Trimeresurus,Trimeresurus fasciatus,26,47.95,27.58333333,24.63333333,2939.25,55.33333333,1401.166667,221.9166667
Serpentes,Viperidae,Trimeresurus,Trimeresurus septentrionalis,7.340798013,625.8198995,17.70567752,-9.151591512,1775.719567,100.0089734,1277.406739,46.87352559
Serpentes,Viperidae,Trimeresurus,Trimeresurus purpureomaculatus,25.77968705,78.72275049,30.38334448,21.19818978,2515.619114,49.2118462,1099.776949,283.1852963
Serpentes,Viperidae,Trimeresurus,Trimeresurus erythrurus,23.45254698,347.233598,31.37021871,11.23573755,2463.265813,93.02980618,1561.522038,28.39086445
Serpentes,Viperidae,Trimeresurus,Trimeresurus andersonii,27.11708587,59.15742936,28.89814958,25.71657618,3012.898726,68.50227147,1378.881662,73.19313019
Serpentes,Viperidae,Trimeresurus,Trimeresurus cantori,27.2364486,45.69290819,28.71209456,25.89054426,3003.770203,46.63166575,1144.158329,199.6849918
Serpentes,Viperidae,Trimeresurus,Trimeresurus albolabris,21.76922261,359.1651249,29.67805195,11.1104056,1757.674309,78.68408492,996.5424859,62.61268601
Serpentes,Viperidae,Trimeresurus,Trimeresurus vogeli,24.62642438,148.7019695,29.79927884,18.32016043,2175.491319,80.21201079,1239.958638,51.61632172
Serpentes,Viperidae,Trimeresurus,Trimeresurus truongsonensis,23.37863367,289.5428024,29.32892994,15.52708261,2192.69153,84.52736145,1475.414779,121.2784942
Serpentes,Viperidae,Trimeresurus,Trimeresurus stejnegeri,18.66382338,541.6902799,28.87750851,5.823234383,1560.830308,71.75731516,848.908778,81.63373437
Serpentes,Viperidae,Trimeresurus,Trimeresurus gumprechti,21.13506201,321.3325652,27.35306787,11.40108178,1813.613187,84.36395526,1077.831966,51.24936548
Serpentes,Viperidae,Trimeresurus,Trimeresurus yunnanensis,15.79805585,429.1402565,24.38918366,3.261838343,1062.067451,86.13479784,646.6060612,39.63508864
Serpentes,Viperidae,Trimeresurus,Trimeresurus medoensis,8.543632293,552.6885474,18.03229783,-4.788081328,2274.133408,76.89061419,1364.912772,55.27573219
Serpentes,Viperidae,Trimeresurus,Trimeresurus macrops,26.32113313,188.6197414,32.67239115,17.9410663,1539.690668,86.2357961,912.083386,15.91569624
Serpentes,Viperidae,Trimeresurus,Trimeresurus venustus,26.6197974,69.85441191,30.61434481,23.00734829,2062.400345,52.03224651,932.0470994,138.5532719
Serpentes,Viperidae,Trimeresurus,Trimeresurus kanburiensis,24.9716077,115.8835636,31.09317147,17.65680856,2151.129223,86.5793467,1212.705375,15.68596757
Serpentes,Viperidae,Trimeresurus,Trimeresurus sichuanensis,15.11116116,689.6676176,28.29084084,1.264214214,1131.742743,57.56506507,516.3068068,85.93993994
Serpentes,Viperidae,Trimeresurus,Trimeresurus popeiorum,22.39245025,310.1324814,30.57839999,11.11132981,1947.021851,89.27707954,1202.45339,29.52706546
Serpentes,Viperidae,Trimeresurus,Trimeresurus tibetanus,9.570929622,586.068041,19.35884979,-5.77967437,2214.094538,109.6005777,1689.199842,50.76654412
Serpentes,Viperidae,Trimeresurus,Trimeresurus trigonocephalus,25.33896013,90.68891081,29.79219482,20.77000822,1709.427867,53.25606247,818.3840115,198.5454172
Serpentes,Viperidae,Trimeresurus,Trimeresurus gramineus,25.73953308,211.6219941,35.14998898,16.90760965,1506.505802,104.9201156,1246.4147,8.848969413
Serpentes,Viperidae,Trimeresurus,Trimeresurus malabaricus,24.51784037,160.6402947,33.09694142,16.96031952,1754.500975,101.5731721,1396.999866,18.75557491
Serpentes,Viperidae,Trimeresurus,Trimeresurus puniceus,25.24872614,34.43934807,28.55456601,22.20097501,2725.641911,37.91271743,1027.002316,346.4548375
Serpentes,Viperidae,Trimeresurus,Trimeresurus wiroti,26.01887425,61.2246545,29.71706512,22.34222199,2436.788217,40.9767953,1068.599714,323.6835868
Serpentes,Viperidae,Trimeresurus,Trimeresurus borneensis,25.90053712,41.50433418,29.2877207,22.92571261,3132.049511,26.24090619,1125.079398,524.9765475
Serpentes,Viperidae,Ovophis,Ovophis okinavensis,22.08334922,432.7260883,28.61833492,14.82850334,2559.97871,33.22434064,461.76,68.68
Serpentes,Viperidae,Trimeresurus,Trimeresurus gracilis,15.78915679,408.8199954,23.7687876,6.880031905,2626.538879,57.20036463,1227.726755,262.9275296
Serpentes,Viperidae,Gloydius,Gloydius shedaoensis,11.33333333,930.7,25.36666667,-4.2,599.6666667,100.6666667,800.0381618,39.53737252
Serpentes,Viperidae,Gloydius,Gloydius intermedius,2.977399842,1260.148989,25.27673524,-21.19757533,376.4033536,88.31075593,951.2197867,47.17061611
Serpentes,Viperidae,Gloydius,Gloydius halys,3.232606659,1255.724612,25.89564689,-20.08267386,297.1529538,68.69044751,769.6588617,4.212637982
Serpentes,Viperidae,Gloydius,Gloydius strauchi,4.527194519,718.3130164,18.51788056,-11.94580001,706.6413458,86.94606718,953.9281387,90.84893402
Serpentes,Viperidae,Gloydius,Gloydius ussuriensis,2.07759932,1383.303565,24.25366214,-23.84365802,697.9209644,86.24798946,434.4677155,60.56885988
Serpentes,Viperidae,Gloydius,Gloydius tsushimaensis,15.29267803,715.7722166,26.95767302,2.906820461,2172.740221,52.47241725,949.3447575,19.4011847
Serpentes,Viperidae,Gloydius,Gloydius blomhoffii,11.32223526,850.0940972,26.48865651,-4.235072502,1514.561955,54.81477443,745.0625041,33.03839
Serpentes,Viperidae,Gloydius,Gloydius brevicaudus,12.83433013,830.151055,27.58410677,-4.5037608,1057.920672,76.71363997,989.8994108,41.76296405
Serpentes,Viperidae,Bothriechis,Bothriechis nigroviridis,18.75409064,42.16894252,22.39713557,16.17414165,3218.875417,49.58740436,1286.295468,270.7604473
Serpentes,Viperidae,Bothriechis,Bothriechis lateralis,18.67949495,40.15871212,22.30828283,15.95141414,3572.312121,41.13139731,1329.075589,355.8034512
Serpentes,Viperidae,Bothriechis,Bothriechis guifarroi,22.17199074,139.8969907,27.55023148,16.8337963,2248.863426,42.11574074,951.8263889,228.1064815
Serpentes,Viperidae,Bothriechis,Bothriechis rowleyi,20.44066306,166.5604195,27.05683356,13.3432341,1927.861976,63.92963464,961.85318,136.8890392
Serpentes,Viperidae,Bothriechis,Bothriechis aurifer,18.59923903,140.7232319,24.8656222,12.24228588,2541.419875,59.92658908,1146.228588,218.8325873
Serpentes,Viperidae,Bothriechis,Bothriechis marchi,23.1556368,140.4240469,28.77202119,17.36953667,1755.03544,52.74654928,742.135119,134.3051556
Serpentes,Viperidae,Bothriechis,Bothriechis thalassinus,21.18151331,128.9866891,26.89408116,15.23741923,1644.606811,68.02364952,773.7421168,91.30634531
Serpentes,Viperidae,Bothriechis,Bothriechis bicolor,15.84735711,81.9768083,21.57804755,9.809332322,2538.426024,80.2110521,1314.952327,68.99797673
Serpentes,Viperidae,Bothriechis,Bothriechis supraciliaris,22.97082601,51.40246046,27.03391916,20.11309315,3380.221002,57.36818981,1552.79833,195.995167
Serpentes,Viperidae,Bothriechis,Bothriechis schlegelii,23.25553469,63.88789764,27.29095403,19.42239503,2681.633388,50.58459286,1085.879524,269.7292484
Serpentes,Viperidae,Metlapilcoatlus,Metlapilcoatlus occiduus,20.95294819,83.29789236,26.56262702,15.22895496,2008.783779,86.94116171,1080.352716,33.6097102
Serpentes,Viperidae,Metlapilcoatlus,Metlapilcoatlus indomitus,20.616,128.228,26.284,15.384,1447.24,50.8,684.28,132.84
Serpentes,Viperidae,Metlapilcoatlus,Metlapilcoatlus olmec,21.38270124,171.271459,27.0567144,15.14990325,2195.139319,72.43285604,1158.701625,108.2544505
Serpentes,Viperidae,Metlapilcoatlus,Metlapilcoatlus nummifer,19.48246662,220.8432158,27.06615763,10.91163306,1963.737689,75.46980918,1060.874047,130.004703
Serpentes,Viperidae,Metlapilcoatlus,Metlapilcoatlus mexicanus,23.71011852,106.307332,28.72653126,19.08258188,2365.130249,55.48692529,1040.465232,176.8382941
Serpentes,Viperidae,Porthidium,Porthidium ophryomegas,25.92450004,73.79334769,30.79290377,21.81108499,1911.560755,83.8925506,917.3399873,170.8226393
Serpentes,Viperidae,Porthidium,Porthidium dunni,24.61420307,113.2555414,30.12878878,18.65870724,1019.652895,103.0938824,770.2716873,67.76488814
Serpentes,Viperidae,Porthidium,Porthidium hespere,26.51372549,125.3176471,33.20392157,18.95490196,875.627451,107.1176471,730.1704799,61.35002395
Serpentes,Viperidae,Porthidium,Porthidium yucatanicum,25.89706349,181.4352939,31.93412377,19.70458172,1106.04246,61.75988846,464.6042988,15.64298764
Serpentes,Viperidae,Porthidium,Porthidium arcosae,22.81887157,101.996604,25.99851693,19.18894143,634.3015583,106.9634605,725.3062729,116.8053856
Serpentes,Viperidae,Porthidium,Porthidium lansbergii,25.13154411,45.66126782,28.98696659,21.40803925,1801.541648,52.71053579,540.3296383,55.76424033
Serpentes,Viperidae,Porthidium,Porthidium porrasi,26.19230769,64.85384615,29.78461538,23.96923077,3717.692308,47.23076923,788.050931,98.84307998
Serpentes,Viperidae,Porthidium,Porthidium nasutum,24.16327615,75.20786902,28.12358016,20.44326526,3111.7072,46.56143162,1141.657953,284.1344362
Serpentes,Viperidae,Cerrophidion,Cerrophidion godmani,18.55641722,118.5544965,24.79916697,12.16569097,1924.770956,77.2874325,968.7000644,97.22120459
Serpentes,Viperidae,Cerrophidion,Cerrophidion wilsoni,21.80468671,105.6173126,27.59672582,15.98603405,1439.496632,81.76921405,751.8216588,47.83382832
Serpentes,Viperidae,Cerrophidion,Cerrophidion petlalcalensis,15.05,191.5,22.5,6.675,1613.25,80.75,860.5,81.75
Serpentes,Viperidae,Cerrophidion,Cerrophidion tzotzilorum,15.14082857,148.4862857,21.90288571,8.135857143,1601.134571,73.72971429,820.4854286,94.96114286
Serpentes,Viperidae,Atropoides,Atropoides picadoi,19.45379005,40.87021512,23.03332102,16.70914043,3406.743052,37.70510572,1227.559874,370.9710091
Serpentes,Viperidae,Bothrocophias,Bothrocophias lojanus,12.79120823,35.30992288,18.62231362,7.277609254,902.4151671,40.18457584,451.1272988,97.21344945
Serpentes,Viperidae,Bothrocophias,Bothrocophias hyoprora,24.78999574,51.9430056,28.99730466,20.65157928,2459.357545,42.93965328,942.661181,275.4116524
Serpentes,Viperidae,Bothrocophias,Bothrocophias microphthalmus,22.95355233,61.20036965,27.10311019,18.26019747,2307.107536,42.26898628,388.7187661,128.5699229
Serpentes,Viperidae,Bothrops,Bothrops itapetiningae,23.36604881,172.1970694,30.03359351,15.27387281,1453.796555,66.81803381,768.5846704,95.58720343
Serpentes,Viperidae,Bothrops,Bothrops alternatus,20.044397,361.3762854,28.85848856,9.806757948,1253.435889,46.79248377,807.6666667,338
Serpentes,Viperidae,Bothrops,Bothrops fonsecai,20.13075647,207.5327414,26.44848111,12.11184917,1528.85881,64.82207759,475.2530584,26.00080197
Serpentes,Viperidae,Bothrops,Bothrops cotiara,18.53428099,313.9798515,26.08283278,9.348456024,1747.713906,20.37487225,745.6972726,273.9593634
Serpentes,Viperidae,Bothrops,Bothrops ammodytoides,13.16904375,535.7055636,25.52511882,0.888164613,379.7518875,48.47588372,512.960064,137.3583722
Serpentes,Viperidae,Bothrops,Bothrops bilineatus,24.69839019,70.94813203,29.41436598,20.40080648,2279.742887,50.07539598,964.6043619,214.4616289
Serpentes,Viperidae,Bothrops,Bothrops chloromelas,22.76808579,54.38202678,26.68464926,18.05779032,2101.831942,36.00622816,830.5026087,253.7686957
Serpentes,Viperidae,Bothrops,Bothrops taeniatus,24.77646659,58.23983532,29.29251663,20.88396464,2399.47489,48.45622329,992.4482084,238.6458197
Serpentes,Viperidae,Bothrops,Bothrops pulcher,22.21245628,60.29481791,26.84582965,17.37474426,2143.432716,22.35700426,689.5196869,419.5645781
Serpentes,Viperidae,Bothrops,Bothrops jararaca,21.56757084,219.7633661,28.33463366,13.56818109,1375.617546,54.90226807,733.8337549,68.41438297
Serpentes,Viperidae,Bothrops,Bothrops alcatraz,23.03333333,207.3,27.43333333,18.4,2265.333333,30,753.4757977,100.0289607
Serpentes,Viperidae,Bothrops,Bothrops neuwiedi,22.22203774,184.6192408,28.7417707,14.61630479,1296.027264,64.08078665,635.6722859,95.93196343
Serpentes,Viperidae,Bothrops,Bothrops marmoratus,24.27648931,120.4789746,31.34001757,17.62377777,1475.495409,83.74976119,822.6490328,17.65023881
Serpentes,Viperidae,Bothrops,Bothrops pauloensis,23.8212137,167.5147916,30.402554,15.75717843,1456.040055,67.04272446,732.5049272,60.46540633
Serpentes,Viperidae,Bothrops,Bothrops mattogrossensis,23.77004593,156.1886675,30.28819076,16.44054998,1592.594779,64.87873716,758.7464517,68.05706483
Serpentes,Viperidae,Bothrops,Bothrops pubescens,18.26577755,412.4057034,27.69425407,8.07988378,1432.559515,14.73214142,433.754997,285.7560717
Serpentes,Viperidae,Bothrops,Bothrops diporus,18.05011296,427.4403923,27.95234722,6.582349753,994.6586453,52.55268137,570.4467917,314.0243493
Serpentes,Viperidae,Bothrops,Bothrops lutzi,25.18967846,125.9569043,32.08379211,19.19509165,1061.832554,81.28259307,585.9141012,23.89843609
Serpentes,Viperidae,Bothrops,Bothrops erythromelas,25.69001336,122.0702303,32.3982464,19.6694153,818.1980658,82.41699458,390.3028821,115.3851215
Serpentes,Viperidae,Bothrops,Bothrops brazili,24.83730274,59.37266425,29.43142922,20.85322499,2373.009333,49.4023522,955.7189009,219.4548245
Serpentes,Viperidae,Bothrops,Bothrops jararacussu,22.25521083,214.7477316,28.98604014,14.03902402,1387.148518,57.53473442,619.4997017,142.8573017
Serpentes,Viperidae,Bothrops,Bothrops osbornei,18.71010287,51.23763485,23.90096073,13.12899902,1034.823007,75.86126666,543.3665444,96.7000984
Serpentes,Viperidae,Bothrops,Bothrops punctatus,23.1210877,24.78279039,25.78208756,20.68061814,4439.388483,26.55501902,1439.842046,717.5877317
Serpentes,Viperidae,Bothrops,Bothrops asper,24.50265688,81.87956481,28.96532664,20.23241103,2086.934049,56.2172963,167.4192588,40.02227952
Serpentes,Viperidae,Bothrops,Bothrops caribbaeus,26.04104348,79.3173913,27.62573913,24.31547826,2266.102609,40.24,987.5089085,229.7492061
Serpentes,Viperidae,Bothrops,Bothrops lanceolatus,25.8657299,85.95698673,27.5412178,24.05214676,2445.030445,38.17408275,641.5018239,119.0354154
Serpentes,Viperidae,Bothrops,Bothrops marajoensis,26.47475139,63.79642687,30.84907604,23.38001251,2487.492684,65.5806942,1223.1453,139.2651539
Serpentes,Viperidae,Bothrops,Bothrops moojeni,24.54185655,138.9469163,31.01313646,18.13972616,1515.076528,68.12369219,744.2702725,64.45573881
Serpentes,Viperidae,Bothrops,Bothrops leucurus,23.93056675,146.875974,29.66647058,18.17091764,995.0909507,54.36112062,938.3099141,300.5323966
Serpentes,Viperidae,Bothrops,Bothrops atrox,24.33443559,63.37968386,29.02395352,20.23793302,2291.755086,51.27914821,890.6883284,180.4729654
Serpentes,Viperidae,Bothrops,Bothrops pictus,11.80103296,94.76112314,16.68656108,5.32535623,546.1756491,97.6935916,307.3059298,24.83765931
Serpentes,Viperidae,Bothrocophias,Bothrocophias campbelli,17.93069564,32.88482569,22.36592509,13.18497811,1544.63175,70.06975839,788.6766013,104.7389979
Serpentes,Viperidae,Mixcoatlus,Mixcoatlus barbouri,16.62935629,108.6167487,24.62189422,8.81299713,1354.017015,105.7138171,908.4272679,181.9259157
Serpentes,Viperidae,Mixcoatlus,Mixcoatlus browni,16.4205554,108.4328342,24.4135584,8.591859515,1360.391233,105.4421454,957.1513688,198.0564498
Serpentes,Viperidae,Mixcoatlus,Mixcoatlus melanurus,16.29929036,164.61849,24.47955845,7.733372758,636.1188646,88.39562389,341.6013465,126.6960663
Serpentes,Viperidae,Ophryacus,Ophryacus undulatus,16.49326187,156.3459781,23.8175264,8.559808979,1360.080761,85.98641896,445.6697123,110.9459829
Serpentes,Viperidae,Lachesis,Lachesis melanocephala,24.1575409,57.15792434,28.09846626,21.55662065,3755.708589,54.87960123,299.6328452,75.52968847
Serpentes,Viperidae,Lachesis,Lachesis stenophrys,24.56720612,39.52146752,27.62040327,22.19507234,3186.256322,41.42147852,1329.409148,43.81199423
Serpentes,Viperidae,Lachesis,Lachesis muta,24.8244369,73.07304874,29.78968935,20.50379812,2182.9548,53.75629961,264.0858314,110.4245244
Serpentes,Viperidae,Lachesis,Lachesis acrochorda,25.22596659,30.58067018,28.37445833,22.23475161,3103.379597,43.08194794,209.7542566,62.33671486
Serpentes,Viperidae,Agkistrodon,Agkistrodon piscivorus,18.05064856,697.6950715,31.60812803,3.153133222,1214.580104,24.15822095,407.9345341,208.9584933
Serpentes,Viperidae,Agkistrodon,Agkistrodon taylori,23.39956255,365.2993823,31.90268737,12.58098284,909.9952847,73.84549521,509.6085666,56.77790967
Serpentes,Viperidae,Agkistrodon,Agkistrodon bilineatus,24.88242573,136.9767857,30.81342604,18.30295196,1549.360272,97.48261694,933.9054678,22.92414665
Serpentes,Viperidae,Agkistrodon,Agkistrodon contortrix,15.62487116,779.42844,30.81947073,-0.357483134,1128.50837,22.73279012,366.6800061,198.4335991
Serpentes,Viperidae,Sistrurus,Sistrurus catenatus,13.28873087,880.03579,30.57570345,-4.426079727,766.7990002,38.12123465,286.8130436,102.3391167
Serpentes,Viperidae,Sistrurus,Sistrurus miliarius,18.24516277,674.6328225,31.25753303,3.805416059,1300.97313,23.2412711,436.9337714,225.0206384
Serpentes,Viperidae,Crotalus,Crotalus polystictus,17.54447909,216.1709661,27.65665627,7.230373946,802.874838,102.776919,541.4992769,20.32749845
Serpentes,Viperidae,Crotalus,Crotalus enyo,22.12900228,433.930871,33.07342974,11.6392493,150.0926871,90.78309054,103.8743331,0.676829362
Serpentes,Viperidae,Crotalus,Crotalus cerastes,20.57728878,751.4086187,38.11127222,4.554009984,189.3770129,61.57878131,96.86457925,8.413819516
Serpentes,Viperidae,Crotalus,Crotalus pusillus,19.00457726,176.4313994,29.01379009,9.157142857,982.0002915,103.0323615,643.4241983,15.79562682
Serpentes,Viperidae,Crotalus,Crotalus aquilus,18.0287622,262.9633356,27.458682,7.622898831,716.7927336,83.13180017,413.8509808,39.72886269
Serpentes,Viperidae,Crotalus,Crotalus triseriatus,14.74653097,190.9839673,23.13983688,5.503985469,955.1658297,85.89633864,549.0762546,42.0013
Serpentes,Viperidae,Crotalus,Crotalus lepidus,17.98605737,543.7160213,31.65725728,2.941117787,452.854035,79.71712327,276.5998634,25.16466572
Serpentes,Viperidae,Crotalus,Crotalus ravus,14.84323011,176.4223539,22.65941651,6.203407348,939.7666434,82.63670218,507.5654287,43.72265259
Serpentes,Viperidae,Crotalus,Crotalus ruber,20.48269824,475.2524391,32.83788744,9.243067366,190.5878207,84.77888578,116.9391556,2.713183674
Serpentes,Viperidae,Crotalus,Crotalus atrox,19.00450085,660.7777614,33.83367821,3.222274653,478.4555884,61.77678101,231.7848295,47.92257828
Serpentes,Viperidae,Crotalus,Crotalus catalinensis,24.59722222,430.7333333,32.40833333,16.63333333,207.8333333,109.5833333,169.25,0.111111111
Serpentes,Viperidae,Crotalus,Crotalus scutulatus,18.54742074,594.2451732,33.41427175,3.351595655,354.4572838,73.02663142,205.1417424,19.10154435
Serpentes,Viperidae,Crotalus,Crotalus viridis,10.37817947,883.5484969,29.82578196,-7.288636598,397.7312192,56.81901229,194.7766594,38.7652341
Serpentes,Viperidae,Crotalus,Crotalus oreganus,10.10054332,789.2290286,29.44686503,-5.004601358,445.4117767,42.8629276,200.7727018,38.49242563
Serpentes,Viperidae,Crotalus,Crotalus cerberus,18.75072692,484.2667679,31.8095547,7.334230316,191.2084046,77.69197877,102.8295341,2.819050428
Serpentes,Viperidae,Crotalus,Crotalus adamanteus,20.01586353,545.856139,30.3455178,7.462064754,1375.313096,33.16827488,513.8120154,208.5394678
Serpentes,Viperidae,Crotalus,Crotalus mitchellii,19.46972796,695.4326803,36.16812777,4.566016484,187.0027341,63.8228491,96.83359933,8.384722808
Serpentes,Viperidae,Crotalus,Crotalus tigris,21.94994037,629.5146435,36.68742628,6.922569118,358.2682046,87.09860636,247.9591253,11.41293997
Serpentes,Viperidae,Crotalus,Crotalus stejnegeri,17.19014325,338.6884959,26.75315702,5.347019284,1142.232287,94.74115702,763.5764738,34.45707989
Serpentes,Viperidae,Crotalus,Crotalus ericsmithi,22.51666667,89.01666667,28.425,16.5,1021.583333,105.9166667,665.4166667,7.583333333
Serpentes,Viperidae,Crotalus,Crotalus lannomi,20.45,172.5928571,29.16428571,10.89285714,1051.928571,100.7142857,684.7857143,14.21428571
Serpentes,Viperidae,Crotalus,Crotalus horridus,14.90042329,797.0073972,30.28473719,-1.216805962,1167.928194,22.06438097,379.1346196,202.3614657
Serpentes,Viperidae,Crotalus,Crotalus willardi,15.36290736,538.1869273,29.88531922,0.860163259,616.0233726,91.18135823,420.0564886,26.91646672
Serpentes,Viperidae,Crotalus,Crotalus tzabcan,25.69007895,173.2990066,31.54483179,19.69781217,1267.430791,60.61283907,600.9293159,96.86829078
Serpentes,Viperidae,Crotalus,Crotalus simus,24.77299487,95.36884441,30.13048868,19.7779979,1738.477315,86.40345703,961.0985765,39.14830369
Serpentes,Viperidae,Crotalus,Crotalus durissus,23.26127375,156.4520515,29.52168441,16.93937496,1690.143302,60.91238017,759.5040477,132.723645
Serpentes,Viperidae,Crotalus,Crotalus culminatus,23.87152514,117.2874058,31.11797265,16.7095424,1069.018197,106.882208,700.9253207,12.11243934
Serpentes,Viperidae,Crotalus,Crotalus totonacus,22.88135872,353.4732291,31.08451395,12.36754616,901.490929,75.87849734,511.3385713,52.37953705
Serpentes,Viperidae,Crotalus,Crotalus molossus,17.73484955,553.8666405,31.80178172,3.005399135,469.9140204,77.63236416,283.8761886,25.79587948
Serpentes,Viperidae,Crotalus,Crotalus basiliscus,23.69328105,265.0372389,31.41104155,14.272076,932.108703,112.2640896,693.7386372,12.08849162
Serpentes,Viperidae,Crotalus,Crotalus transversus,11.40078125,169.1632813,19.91328125,1.981510417,1194.992188,97.26041667,746.9895833,35.74479167
Serpentes,Viperidae,Crotalus,Crotalus tancitarensis,12.49003831,173.9298851,22.26934866,2.631800766,1273.191571,104.5440613,839.3180077,20.57471264
Serpentes,Viperidae,Crotalus,Crotalus intermedius,16.56355156,169.2318993,24.3716021,8.162625735,1031.793603,84.16661446,559.8734468,48.09199123
Serpentes,Viperidae,Crotalus,Crotalus pricei,16.41003633,458.3554731,29.17141851,2.913437639,693.7562139,89.66369198,462.21998,30.8173365
Serpentes,Viperidae,Ovophis,Ovophis convictus,24.13733992,201.9320435,30.07061135,17.08244213,1931.757172,67.41806624,1180.244503,206.9996718
Serpentes,Viperidae,Ovophis,Ovophis tonkinensis,23.96822912,333.7229666,29.69205967,15.60234129,1738.852482,72.91441527,981.825873,7.021326459
Serpentes,Viperidae,Ovophis,Ovophis zayuensis,2.484788078,620.0157853,13.38427521,-11.59355284,984.2647813,66.10472711,935.931093,265.0419814
Serpentes,Viperidae,Ovophis,Ovophis monticola,15.59172457,596.9491341,26.55165625,1.559211283,1513.809535,74.67937632,242.9894047,17.06509589
Serpentes,Viperidae,Protobothrops,Protobothrops sieversorum,21.35529972,270.8029408,27.171183,13.07564704,2163.397955,76.25647038,798.0934718,446.7700297
Serpentes,Viperidae,Protobothrops,Protobothrops kaulbacki,4.331253186,595.5301814,14.81368008,-9.306866107,1069.213306,66.30037772,266.1101835,61.87087639
Serpentes,Viperidae,Protobothrops,Protobothrops mangshanensis,20.43076923,673.7923077,32.25384615,5.253846154,1419.769231,49.46153846,386.3998478,0.002470738
Serpentes,Viperidae,Protobothrops,Protobothrops elegans,23.55756677,353.1164688,28.84436202,17.28768546,2416.896142,21.47774481,617.5254864,6.794037562
Serpentes,Viperidae,Protobothrops,Protobothrops maolanensis,17.90769231,633.3692308,28.37692308,3.546153846,1724.615385,68.38461538,936.8234578,96.0186605
Serpentes,Viperidae,Protobothrops,Protobothrops mucrosquamatus,17.24306341,661.2656552,29.51861782,2.074645647,1348.361509,75.98866697,828.6666667,154.25
Serpentes,Viperidae,Protobothrops,Protobothrops flavoviridis,22.08040025,432.877986,28.61759848,14.82341169,2560.136595,33.2474587,383.5380519,56.9046154
Serpentes,Viperidae,Protobothrops,Protobothrops tokarensis,19.87272727,511.5974026,27.72337662,11.34415584,4264.363636,41.02597403,989.9183609,411.4444091
Serpentes,Viperidae,Protobothrops,Protobothrops cornutus,22.09068585,492.2588039,30.42125623,10.38508062,1701.417953,73.14948044,550.4090328,106.5621361
Serpentes,Viperidae,Protobothrops,Protobothrops dabieshanensis,10.43333333,822.7416667,25.1,-6.2,1732.75,55.83333333,236.195179,2.059458172
Serpentes,Viperidae,Protobothrops,Protobothrops xiangchengensis,14.44694282,440.4006114,23.05041501,1.983747276,1119.832704,86.94553723,798.915904,57.2726442
Serpentes,Viperidae,Protobothrops,Protobothrops jerdonii,16.28393618,598.5430236,27.52024904,1.963345877,1396.372841,78.67810329,790.8884096,24.73708246
Serpentes,Viperidae,Atheris,Atheris chlorechis,25.79647251,132.0960125,32.8620346,20.33756303,1698.276651,70.37863508,876.4597991,47.21316537
Serpentes,Viperidae,Atheris,Atheris hispida,21.08064283,47.73278548,25.65291196,17.46894923,1666.262443,35.72553181,611.4056543,204.5433381
Serpentes,Viperidae,Atheris,Atheris squamigera,23.42275306,71.2997492,28.74064696,19.28251111,1741.494802,48.05301319,716.1140208,123.3739059
Serpentes,Viperidae,Atheris,Atheris desaixi,20.75714286,81.8952381,27.6047619,14.24285714,1074.142857,81.28571429,605.4761905,83.19047619
Serpentes,Viperidae,Atheris,Atheris nitschei,20.20776806,67.28620441,26.0942538,15.80708074,1336.968043,46.74373073,532.6377386,107.3237749
Serpentes,Viperidae,Atheris,Atheris ceratophora,22.86058674,154.5802865,29.50107615,15.93676057,1294.736651,76.67962163,776.4692577,61.53759682
Serpentes,Viperidae,Atheris,Atheris matildae,18.25006488,184.00918,27.06513883,9.541588815,1283.36256,93.95150513,767.7799403,14.18207474
Serpentes,Viperidae,Atheris,Atheris barbouri,17.63208079,168.7835868,25.91742896,9.355586543,1157.813704,96.46935181,687.4206787,9.888973697
Serpentes,Viperidae,Bitis,Bitis arietans,23.34746786,223.4961873,32.5088047,14.18265332,867.3534761,91.64815328,507.9310212,18.70570834
Serpentes,Viperidae,Bitis,Bitis worthingtoni,17.13503677,109.3269084,25.24533984,10.48929115,993.017436,45.13314735,428.4253741,123.3247527
Serpentes,Viperidae,Bitis,Bitis schneideri,18.99016312,301.0221979,28.75761688,8.847476851,65.04025489,52.20810047,29.94999072,5.811882617
Serpentes,Viperidae,Bitis,Bitis caudalis,20.34685799,424.8518816,31.71598642,6.314527161,303.8357602,91.95767642,195.1167283,5.639742751
Serpentes,Viperidae,Bitis,Bitis peringueyi,21.88518631,209.7722893,29.20059325,13.0251704,160.4860585,113.4787501,126.2162476,0.85822478
Serpentes,Viperidae,Bitis,Bitis xeropaga,18.85486,389.109425,30.8966723,6.284700874,82.67038714,60.46772753,43.28040691,7.189903693
Serpentes,Viperidae,Bitis,Bitis cornuta,18.64742594,351.5178217,29.55576091,7.645667517,104.7090333,60.94649017,52.44491498,8.207373961
Serpentes,Viperidae,Bitis,Bitis rubida,15.84271461,488.9867355,29.56891856,2.596042048,221.5667442,37.41601695,91.3055687,32.84359507
Serpentes,Viperidae,Bitis,Bitis armata,17.35230016,337.9838934,26.43074497,8.6754323,412.1855356,60.50821098,190.3597607,35.17650897
Serpentes,Viperidae,Bitis,Bitis atropos,18.78187217,306.5474894,27.19853052,8.780453284,797.0633262,57.67841456,395.2026143,65.15796057
Serpentes,Viperidae,Bitis,Bitis parviocula,16.85650972,95.48521206,23.87104382,10.848965,1462.98589,61.66321071,699.8746559,79.86458594
Serpentes,Viperidae,Bitis,Bitis nasicornis,23.64559023,73.49338293,28.62097586,19.46704729,1748.022717,50.35541662,741.9916631,114.5489424
Serpentes,Viperidae,Bitis,Bitis rhinoceros,25.45086681,113.5808784,31.66537997,20.57405526,1994.147144,67.67679866,1063.581477,71.20300573
Serpentes,Viperidae,Bitis,Bitis gabonica,23.07119255,102.141787,29.23479323,17.76586337,1558.647257,61.3709043,695.3827602,82.15769683
Serpentes,Viperidae,Echis,Echis ocellatus,27.20965713,224.5711813,37.31535915,17.77582851,987.0341567,108.0686405,244.3335971,0.247922582
Serpentes,Viperidae,Echis,Echis jogeri,28.8838067,298.5760973,40.4882665,17.58527421,822.2715972,129.2993418,61.59879364,2.30428793
Serpentes,Viperidae,Echis,Echis khosatzkii,25.70411311,379.5683144,36.74129711,14.08562507,76.67513357,89.44197404,692.8196363,0.01697541
Serpentes,Viperidae,Echis,Echis borkini,24.8328858,286.8666558,34.25928242,15.07055353,228.6942841,83.33037897,152.1888412,47.75805114
Serpentes,Viperidae,Echis,Echis pyramidum,25.44988908,410.0500764,37.1163326,13.37756972,174.5708593,125.628818,77.31170305,2.522066502
Serpentes,Viperidae,Echis,Echis leucogaster,28.8842525,404.7375085,40.87679409,15.01122172,249.4864578,146.7934724,43.54958055,3.465029696
Serpentes,Viperidae,Echis,Echis omanensis,27.0006511,539.3955919,40.51456402,13.78381532,109.5467696,104.7573394,664.4118923,7.715704757
Serpentes,Viperidae,Echis,Echis coloratus,25.43278786,550.9855046,39.13444948,10.80492142,89.4080333,108.3401322,482.3406169,11.84798939
Serpentes,Viperidae,Echis,Echis carinatus,22.86379151,643.4364482,38.28795989,6.864416795,616.0118527,106.8197543,136.0576775,8.429493376
Serpentes,Viperidae,Proatheris,Proatheris superciliaris,23.88121733,253.3122737,31.73037448,14.9829067,1140.410261,84.52746459,300.3476752,0
Serpentes,Viperidae,Cerastes,Cerastes cerastes,24.95506612,647.5024037,40.32862521,8.297321535,41.61232132,148.9938702,34.61492142,0.626725978
Serpentes,Viperidae,Cerastes,Cerastes gasperettii,26.01532899,670.2492396,41.67623158,9.717451584,93.59993219,105.5066302,63.41039672,1.274194799
Serpentes,Viperidae,Cerastes,Cerastes vipera,25.07727186,641.5808425,40.43751018,8.475001817,53.98776016,145.2006494,47.98118102,0.564581554
Serpentes,Viperidae,Causus,Causus resimus,24.12295921,134.7821592,32.16648837,17.4693033,1161.770339,76.68192026,593.8675151,36.14718136
Serpentes,Viperidae,Causus,Causus defilippii,22.07433938,234.6043546,30.34513161,12.72857475,941.5415717,94.7123106,581.677546,19.53013312
Serpentes,Viperidae,Causus,Causus rhombeatus,22.11845148,170.1350653,30.16962153,14.45064153,1187.978037,76.65875055,600.5104226,44.74472204
Serpentes,Viperidae,Macrovipera,Macrovipera schweizeri,17.81545455,512.6706818,25.93,10.14613636,440.5522727,84.47954545,277.2913181,25.79777881
Serpentes,Viperidae,Macrovipera,Macrovipera lebetinus,15.36108945,895.1397332,34.73264701,-2.779000361,366.2622675,80.92025849,450.8137737,147.5720309
Serpentes,Viperidae,Montivipera,Montivipera xanthina,13.03562892,740.4608085,29.58068972,-0.683846764,633.7231775,58.95233624,318.3022095,21.68048223
Serpentes,Viperidae,Montivipera,Montivipera bornmuelleri,11.67489668,677.4535246,27.24686504,-1.864564884,490.1258708,89.24205928,464.8922121,302.0119198
Serpentes,Viperidae,Montivipera,Montivipera albizona,7.796717261,835.6300388,26.17476174,-7.918849276,483.4098129,50.42710907,393.4811649,290.2289037
Serpentes,Viperidae,Montivipera,Montivipera wagneri,5.454202279,874.1218661,23.61350902,-12.27834758,561.8834283,40.64767331,158.836391,22.00894543
Serpentes,Viperidae,Montivipera,Montivipera raddei,8.572685116,898.5784072,27.99179719,-9.130298346,430.3807641,57.85691422,392.6653792,285.7001404
Serpentes,Viperidae,Montivipera,Montivipera latifii,12.65516779,888.713026,31.41405311,-4.976440035,343.9946892,66.43665013,364.3679275,235.1567156
Serpentes,Viperidae,Daboia,Daboia mauritanica,17.07165541,643.9405099,33.94829774,3.133298632,320.0362529,53.40602407,135.4732313,15.54098367
Serpentes,Viperidae,Daboia,Daboia palaestinae,17.49850435,580.2024972,30.46845406,5.172865658,561.0020607,101.7687177,375.6583058,0.417938889
Serpentes,Viperidae,Daboia,Daboia russelii,24.61595762,434.4124236,36.52282364,11.27155673,1191.902757,115.3466503,902.2002824,22.75711857
Serpentes,Viperidae,Vipera,Vipera transcaucasiana,8.746086558,749.0950431,24.1834404,-5.9152941,789.9975874,30.06241674,288.4817353,124.5765223
Serpentes,Viperidae,Vipera,Vipera ammodytes,10.48617109,747.6334715,25.86322981,-3.638581915,811.2948882,31.49260256,304.4799715,121.679886
Serpentes,Viperidae,Vipera,Vipera barani,8.505657965,722.8932207,22.21935433,-5.425757904,925.3814995,27.72331845,324.5671342,142.6058508
Serpentes,Viperidae,Vipera,Vipera berus,2.107424674,1108.728609,22.19843515,-17.3159222,567.9942466,47.91034272,245.2781647,71.51146297
Serpentes,Viperidae,Vipera,Vipera seoanei,11.42290738,454.5046174,22.89344786,2.159614419,1180.092941,35.61979032,435.1752842,125.9595475
Serpentes,Viperidae,Vipera,Vipera ursinii,6.371295699,1140.24846,27.45899546,-13.40801829,375.7880728,31.49449298,142.8165258,57.51347076
Serpentes,Viperidae,Vipera,Vipera eriwanensis,8.594124446,853.9826253,26.88913767,-8.661979904,421.071137,54.78465395,193.9229883,34.60202346
Serpentes,Viperidae,Vipera,Vipera renardi,4.973235914,1179.440918,26.47919261,-15.48246157,367.4137112,34.8328896,145.4607382,52.51669066
Serpentes,Viperidae,Vipera,Vipera dinniki,6.75571977,802.622274,22.81044146,-8.490889315,876.3048533,32.81214697,330.7551686,135.5615026
Serpentes,Viperidae,Vipera,Vipera lotievi,2.494354215,785.7811043,18.27288447,-12.58393673,984.9205154,34.41634928,364.585358,156.0936538
Serpentes,Viperidae,Vipera,Vipera orlovi,11.30858457,802.7467552,27.30766479,-2.710219724,921.2038835,21.78078692,326.9299949,178.9218191
Serpentes,Viperidae,Vipera,Vipera kaznakovi,9.950694939,793.751779,25.57075917,-4.446091677,1163.194987,20.30174422,384.511763,219.0219322
Serpentes,Viperidae,Vipera,Vipera latastei,14.41111913,587.5589948,29.41625798,2.726393641,611.2498971,44.54698191,243.9095974,41.04320868
Serpentes,Viperidae,Vipera,Vipera monticola,13.45792932,629.7964789,30.83642778,-0.999514786,421.4946167,55.23155203,175.9496426,16.30100321
Serpentes,Viperidae,Vipera,Vipera aspis,11.4497479,601.3327349,25.04270916,0.153305991,901.2811629,22.37116258,298.6112733,156.6811395
Serpentes,Viperidae,Pseudocerastes,Pseudocerastes urarachnoides,18.12648661,962.4598727,39.88268491,-0.928324654,483.7123456,92.90217502,747.0921868,48.03137669
Serpentes,Viperidae,Pseudocerastes,Pseudocerastes persicus,20.37929603,843.5242105,38.99367604,1.60012944,161.295249,97.37224392,770.3454146,60.17266688
Serpentes,Viperidae,Pseudocerastes,Pseudocerastes fieldi,20.77727583,791.6689926,38.509415,3.370696313,98.52613902,87.55304154,989.8276958,217.9974066
Serpentes,Viperidae,Eristicophis,Eristicophis macmahoni,21.19160215,855.9084577,39.95581228,1.808485061,131.6261148,100.3319948,184.0496477,28.49824222
Serpentes,Pareidae,Asthenodipsas,Asthenodipsas laevis,25.3174588,36.06833001,28.70669579,22.18684642,2863.345017,29.54410506,1019.431026,445.0013773
Serpentes,Pareidae,Asthenodipsas,Asthenodipsas vertebralis,25.20006155,30.51485722,28.50356561,22.19677232,2896.666677,25.60459536,975.0658394,468.85648
Serpentes,Pareidae,Asthenodipsas,Asthenodipsas tropidonotus,23.2,38.6,26.896,20.092,2357.84,26.28,809.04,369.76
Serpentes,Pareidae,Asthenodipsas,Asthenodipsas lasgalenensis,23.94933793,47.25463448,27.74233103,19.81863448,2807.08469,28.26206897,1000.071724,445.3390345
Serpentes,Pareidae,Pareas,Pareas hamptoni,20.75610475,331.3752477,27.8609809,10.66481533,1667.487146,83.04433656,394.6732658,113.8338974
Serpentes,Pareidae,Pareas,Pareas margaritophorus,22.33376266,322.2433884,29.8200579,12.06097427,1834.43524,80.66370198,1032.402497,202.6328831
Serpentes,Pareidae,Pareas,Pareas boulengeri,16.13903092,710.9005225,29.04953909,1.128143513,1368.373438,63.02431123,184.8918081,10.33159457
Serpentes,Pareidae,Pareas,Pareas formosensis,19.22816785,413.2162257,26.8736857,10.37391276,2349.303118,65.41428696,35.82907543,1.975657297
Serpentes,Pareidae,Pareas,Pareas stanleyi,17.19937461,730.500215,30.70588649,1.902102877,1688.038305,59.15075829,690.2917235,102.1574576
Serpentes,Pareidae,Pareas,Pareas monticola,16.81413722,438.6737456,25.06653123,4.236756079,1697.845379,81.75621092,96.45024906,34.19980053
Serpentes,Pareidae,Pareas,Pareas carinatus,24.97907413,122.4312209,29.72869132,19.4481102,2348.892247,55.44342769,125.1207321,3.821445102
Serpentes,Pareidae,Pareas,Pareas nuchalis,25.34860055,29.87622452,28.75221156,22.22056535,3103.285474,22.16793515,132.9013838,69.08071513
Serpentes,Pareidae,Aplopeltura,Aplopeltura boa,25.37247312,43.18616017,28.75466113,22.23645741,2787.797067,33.20272699,1032.773318,409.0275726
Serpentes,Xenodermidae,Stoliczkia,Stoliczkia borneensis,25.37311649,47.40876624,29.03252222,21.91445357,2945.001231,28.04669051,1103.043848,494.1409406
Serpentes,Xenodermidae,Xenodermus,Xenodermus javanicus,25.27507617,34.96010374,28.66699195,22.14099636,2882.023517,28.64433186,1016.246438,453.764352
Serpentes,Xenodermidae,Parafimbrios,Parafimbrios lao,21.38518519,338.3444444,27.56296296,11.54074074,1288.111111,80.22222222,1005.268113,279.0498227
Serpentes,Xenodermidae,Fimbrios,Fimbrios klossi,22.6248689,163.6539661,28.02805509,16.08049452,2102.059774,72.82567209,416.3726953,70.05310287
Serpentes,Xenodermidae,Achalinus,Achalinus rufescens,20.12772125,591.3331638,30.42815789,6.665500013,1653.549023,64.07645121,836.6285967,114.5960568
Serpentes,Xenodermidae,Achalinus,Achalinus meiguensis,7.760031241,606.8641712,19.15163928,-6.037550465,990.0158272,86.50292596,594.1145861,21.34146706
Serpentes,Acrochordidae,Acrochordus,Acrochordus javanicus,25.51015167,72.59968825,29.69502949,21.09582339,2522.738306,42.62807001,973.8701542,340.4272023
Serpentes,Acrochordidae,Acrochordus,Acrochordus granulatus,26.72463993,145.9215468,31.47088516,21.30910841,2084.904862,77.68252739,1164.252661,162.2891136
Serpentes,Acrochordidae,Acrochordus,Acrochordus arafurae,26.4633147,216.7187514,33.7387288,17.95719876,1320.362708,101.7849457,817.8900351,59.49704719
Serpentes,Bolyeriidae,Casarea,Casarea dussumieri,24.75,183.1,27.75,21.7,1505.5,52.5,706.5,155.5
Serpentes,Xenophidiidae,Xenophidion,Xenophidion schaeferi,27.12837838,40.12027027,30.03513514,23.98243243,2291.391892,24.91891892,804.527027,398.6486486
Serpentes,Boidae,Eryx,Eryx muelleri,27.40239538,391.9711675,39.57425829,14.42913959,513.9310209,136.2223882,105.2540778,25.94878721
Serpentes,Boidae,Eryx,Eryx jayakari,26.26093037,713.7993216,42.66783441,9.282743138,113.5532138,113.5098977,186.0141336,16.01784147
Serpentes,Boidae,Eryx,Eryx miliaris,9.605793388,1152.20259,31.51081442,-11.74870691,235.677184,59.02041403,589.7942458,14.24223777
Serpentes,Boidae,Eryx,Eryx tataricus,12.22337267,1076.403789,33.50651753,-9.329353701,187.4360733,83.1876967,378.9490865,2.274495884
Serpentes,Boidae,Eryx,Eryx elegans,17.00852586,892.4114819,36.49220554,-1.633357704,268.8628308,86.00774279,868.9172755,18.89037342
Serpentes,Boidae,Eryx,Eryx johnii,22.79987888,588.6227441,37.45162851,7.38452725,757.219902,108.3942268,81.84336847,0.57475072
Serpentes,Boidae,Eryx,Eryx conicus,24.94318981,439.7481484,37.05731672,11.36826279,1109.599749,117.901829,319.438688,14.74955861
Serpentes,Boidae,Eryx,Eryx jaculus,16.96485196,810.6739796,34.96743366,0.485328064,360.3332305,76.59058187,148.004415,8.277943659
Serpentes,Boidae,Eryx,Eryx colubrinus,25.95333711,223.0006337,35.41045311,16.52514288,451.6203103,114.7883217,884.7669155,162.775495
Serpentes,Boidae,Corallus,Corallus cropanii,20.07999207,251.2071974,26.45043836,12.39267733,1713.628752,42.16793304,713.5936626,205.0652737
Serpentes,Boidae,Corallus,Corallus hortulana,24.55501123,91.49389605,29.87614128,19.56736773,1942.653661,58.50465409,859.3812782,158.4260804
Serpentes,Boidae,Corallus,Corallus cookii,25.23791469,71.81232227,26.75450237,23.60781991,2245.120853,39.76066351,831.6184834,253.5853081
Serpentes,Boidae,Corallus,Corallus grenadensis,26.01974359,65.66923077,27.54794872,24.48615385,1902.179487,46.35128205,767.8025641,178.274359
Serpentes,Boidae,Corallus,Corallus ruschenbergerii,25.01502118,42.67635271,27.93024023,22.89928718,2721.640877,57.96411811,1166.203432,117.8159103
Serpentes,Boidae,Corallus,Corallus annulatus,23.83488415,44.31347085,27.14983669,21.04079459,2991.619926,41.94400839,1155.12922,316.9986391
Serpentes,Boidae,Corallus,Corallus caninus,25.13345472,74.39120601,30.34080916,21.57386994,2200.778027,51.33011655,994.7927118,218.7671568
Serpentes,Boidae,Corallus,Corallus batesii,24.65367301,66.94064407,29.43560927,20.46077348,2290.725487,52.14294269,969.4057373,207.9670588
Serpentes,Boidae,Eunectes,Eunectes notaeus,22.97346969,330.2191786,31.26721795,12.96621254,1192.561806,49.19795868,859.2002741,148.9097988
Serpentes,Boidae,Eunectes,Eunectes murinus,24.66241849,94.441554,30.08334434,19.59198098,1921.463137,59.65388681,687.1927962,2.481651445
Serpentes,Boidae,Epicrates,Epicrates maurus,24.65054817,63.90641816,29.35727953,21.02972054,2277.841641,52.24369582,772.3596742,62.82390878
Serpentes,Boidae,Epicrates,Epicrates cenchria,24.48794146,74.37935603,29.39831107,20.08593021,2157.227589,53.42863379,554.6654301,28.64948062
Serpentes,Boidae,Epicrates,Epicrates crassus,24.16730119,147.4112241,30.73222433,17.22302572,1599.115852,66.79350581,920.53335,191.0794792
Serpentes,Boidae,Epicrates,Epicrates assisi,25.66609559,118.3656299,32.37373055,19.97752992,992.2696087,81.16309691,392.5767471,26.93305918
Serpentes,Boidae,Epicrates,Epicrates alvarezi,21.36817681,426.4780851,31.06162421,9.638484404,767.5591013,75.95065676,740.5325222,194.8129068
Serpentes,Boidae,Chilabothrus,Chilabothrus subflavus,25.69614685,100.6861584,28.43143708,22.84278154,1566.336365,47.6231189,692.8187531,163.8622457
Serpentes,Boidae,Chilabothrus,Chilabothrus gracilis,23.4612351,129.2772332,28.35198008,18.15888427,1349.241308,43.18940296,521.443051,159.8375108
Serpentes,Boidae,Chilabothrus,Chilabothrus fordii,24.25595372,140.1091357,29.73971447,18.40137006,1222.650404,45.97985206,484.5937887,130.0103618
Serpentes,Boidae,Chilabothrus,Chilabothrus strigilatus,25.58272171,214.0741284,29.22348624,22.02510703,1074.278287,56.31804281,494.3388379,100.3525994
Serpentes,Boidae,Chilabothrus,Chilabothrus striatus,24.10410172,127.7131818,28.76797134,19.09065898,1365.687782,41.80252466,525.1616311,166.6649042
Serpentes,Boidae,Chilabothrus,Chilabothrus exsul,24.85822637,255.150175,29.2050175,20.51190198,1234.667445,41.83313886,489.6779463,165.8179697
Serpentes,Boidae,Chilabothrus,Chilabothrus chrysogaster,26.5189547,156.3996516,29.22216028,23.85888502,788.845993,47.52752613,356.8132404,91.6738676
Serpentes,Boidae,Chilabothrus,Chilabothrus monensis,26.546875,111.6566964,28.61339286,24.41607143,1231.866071,36.39732143,482.6607143,162.4642857
Serpentes,Boidae,Chilabothrus,Chilabothrus inornatus,25.95802099,111.6946402,28.03871814,23.82151424,1913.467391,27.92991004,627.6023238,262.143928
Serpentes,Boidae,Chilabothrus,Chilabothrus angulifer,25.03583411,179.8485346,29.63588373,19.76197931,1394.513404,58.02199438,618.6956618,114.7429212
Serpentes,Boidae,Boa,Boa constrictor,24.01791654,121.6473814,29.72130672,18.4122926,1825.488513,60.44616868,816.1697753,144.8068257
Serpentes,Boidae,Candoia,Candoia aspera,24.82297976,33.93784554,27.57854305,22.04131621,3187.120431,25.18977472,1093.738181,541.7283555
Serpentes,Boidae,Candoia,Candoia carinata,24.93283733,34.2085001,27.74871434,22.17373854,3240.948782,25.87362626,1121.700317,546.5536699
Serpentes,Boidae,Candoia,Candoia superciliosa,26.49115552,30.60900277,27.72590028,25.178611,3335.783934,28.56113969,1246.540166,619.9212505
Serpentes,Boidae,Candoia,Candoia bibroni,25.93247987,46.80935371,27.2396242,24.58269668,3701.333058,16.42783399,1135.754078,737.9851332
Serpentes,Boidae,Ungaliophis,Ungaliophis continentalis,21.39871231,97.16598578,27.61718931,15.56834709,1340.347414,84.74381894,723.2076967,30.98725386
Serpentes,Boidae,Exiliboa,Exiliboa placata,16.91478817,177.8655209,24.73061551,8.698134825,1721.875033,79.72954969,889.5830596,292.1966461
Serpentes,Boidae,Lichanura,Lichanura trivirgata,20.79903712,619.0510114,35.80248871,6.878100596,219.6925128,77.56209344,228.647317,0
Serpentes,Boidae,Charina,Charina umbratica,15.93229572,659.9490272,33.60849165,1.213870451,323.9949645,72.61512932,174.1080339,10.15312428
Serpentes,Boidae,Charina,Charina bottae,7.528868139,763.5960212,26.56629721,-6.602603003,601.4449394,41.52321438,264.7147142,57.49232481
Serpentes,Boidae,Calabaria,Calabaria reinhardtii,23.94707942,74.65452261,28.81385485,19.79015459,1750.853983,50.29537483,741.085475,116.7837277
Serpentes,Boidae,Sanzinia,Sanzinia madagascariensis,22.85610213,204.205768,28.60272598,15.70297262,1585.615587,88.08272164,903.4047003,107.2310079
Serpentes,Boidae,Acrantophis,Acrantophis dumerili,22.42938441,231.1633089,29.18283973,13.80954419,904.1225551,104.0741644,638.1656069,30.5476066
Serpentes,Boidae,Acrantophis,Acrantophis madagascariensis,24.28650671,145.1847449,29.44555124,18.09918511,1814.878529,97.26061617,1162.465553,87.60318807
Serpentes,Loxocemidae,Loxocemus,Loxocemus bicolor,25.25238559,87.85476252,30.64342573,20.08780136,1578.240133,93.1875415,1067.471914,269.280552
Serpentes,Pythonidae,Antaresia,Antaresia maculosa,22.28183723,351.3275155,30.9727447,11.9438838,918.8543294,70.97589324,531.2767814,61.66893949
Serpentes,Pythonidae,Morelia,Morelia viridis,24.4652582,45.78630973,27.68716973,21.38397716,3137.487182,29.70295739,205.6657251,24.97167011
Serpentes,Pythonidae,Antaresia,Antaresia perthensis,24.77659249,571.5486054,37.56479957,10.04031952,269.120765,72.8431158,156.3444247,10.56654941
Serpentes,Pythonidae,Morelia,Morelia carinata,27.2099227,174.690311,32.71502786,19.54680928,1177.571634,115.3226676,296.2470185,3.518243004
Serpentes,Pythonidae,Morelia,Morelia bredli,23.24427327,597.5708404,35.82144401,7.354876089,319.5258926,61.99532149,201.5114719,24.70314155
Serpentes,Pythonidae,Morelia,Morelia spilota,22.45845972,484.8544276,33.91570061,9.600425589,534.2764408,59.9026247,162.525124,13.99807412
Serpentes,Pythonidae,Antaresia,Antaresia stimsoni,23.67589659,558.9083292,36.15259042,9.057704817,323.1363472,65.67576546,190.3069607,21.07546491
Serpentes,Pythonidae,Antaresia,Antaresia childreni,26.70937982,303.0594032,35.50076827,15.51589167,843.1928274,110.8811814,615.3914809,5.886430179
Serpentes,Pythonidae,Simalia,Simalia clastolepis,25.73651138,66.87681473,27.39371614,23.80747562,2983.230769,52.96424702,1470.131094,344.2242687
Serpentes,Pythonidae,Simalia,Simalia kinghorni,24.65308738,187.6733377,30.55039837,18.25222033,1498.042979,103.6609303,1021.547812,38.78734732
Serpentes,Pythonidae,Simalia,Simalia nauta,27.12,75.26,28.67333333,25.31333333,2621.4,56.53333333,1168.6,164.4666667
Serpentes,Pythonidae,Simalia,Simalia tracyae,25.43376666,22.71551976,26.98012811,23.94224954,2324.099618,19.33295653,750.5830154,428.0675898
Serpentes,Pythonidae,Simalia,Simalia amethistina,24.09098151,68.00133669,27.62518619,20.56252009,2823.172812,42.21027865,1060.610578,428.8738599
Serpentes,Pythonidae,Simalia,Simalia boeleni,19.74408617,37.5812397,22.97669931,16.59134332,3211.704331,23.8279088,1064.219829,560.4479004
Serpentes,Pythonidae,Simalia,Simalia oenpelliensis,26.41460824,196.2521371,34.88508133,17.67174047,1296.944225,108.0984401,880.4295243,3.317563754
Serpentes,Pythonidae,Bothrochilus,Bothrochilus albertisii,25.50003169,20.61214894,27.8426754,23.04879452,2680.258562,26.66790848,912.4618287,433.6299148
Serpentes,Pythonidae,Bothrochilus,Bothrochilus boa,24.22081225,33.62071749,26.11975288,22.35337806,4275.575435,34.28434438,1726.146019,656.0700059
Serpentes,Pythonidae,Aspidites,Aspidites melanocephalus,25.40976008,392.4281876,35.24787379,13.00045176,677.8746188,96.36689677,473.3116746,17.38650878
Serpentes,Pythonidae,Aspidites,Aspidites ramsayi,23.10535198,595.6849184,36.06907314,7.967858323,282.544209,55.224953,143.2160664,25.76573641
Serpentes,Pythonidae,Liasis,Liasis fuscus,26.05951376,265.5837993,34.1379198,16.16422833,1012.16573,106.3963349,104.7010854,26.52045938
Serpentes,Pythonidae,Liasis,Liasis olivaceus,26.28420099,359.5216907,35.86577716,14.29827299,729.5096341,104.5639645,211.2535824,21.59825998
Serpentes,Pythonidae,Liasis,Liasis papuanus,25.53893716,47.81795436,28.78146471,22.50335387,3245.656317,28.44079407,598.4050417,18.49917994
Serpentes,Pythonidae,Malayopython,Malayopython reticulatus,25.47025747,86.21714319,29.78500534,20.84065108,2460.775148,52.73727878,698.3647577,12.11638763
Serpentes,Pythonidae,Malayopython,Malayopython timoriensis,24.075,59.87916667,26.025,22.25416667,1738,91.41666667,1079.115826,218.0751147
Serpentes,Pythonidae,Python,Python bivittatus,22.50196087,336.0872921,30.14110255,12.01572534,1875.308825,80.92701416,335.3803726,0.391858573
Serpentes,Pythonidae,Python,Python molurus,25.0914559,439.0700627,37.46516248,11.61246756,1038.321704,118.0214679,1038.948731,481.4213293
Serpentes,Pythonidae,Python,Python anchietae,21.28531623,309.9272961,31.96303087,8.262045873,457.9154291,112.5103899,195.9822396,37.52231809
Serpentes,Pythonidae,Python,Python sebae,24.92953893,149.2200699,32.85317432,17.95372388,1231.60909,83.24775066,746.834974,46.78523166
Serpentes,Pythonidae,Python,Python curtus,22.97784365,31.93492696,25.99894256,20.28943824,3042.4313,26.58974474,935.9966159,431.8649182
Serpentes,Pythonidae,Python,Python brongersmai,25.86325437,44.59981669,29.42460519,22.82016356,2586.990271,27.66567964,1083.328343,59.24599247
Serpentes,Pythonidae,Python,Python regius,25.62829473,155.6849495,33.83395698,18.76131638,1384.109122,81.12382022,829.129933,19.5361966
Serpentes,Xenopeltidae,Xenopeltis,Xenopeltis unicolor,23.87352222,192.4264742,29.64120103,16.69196223,2189.636448,62.06224225,1034.962743,199.3558644
Serpentes,Cylindrophiidae,Cylindrophis,Cylindrophis ruffus,24.94897571,135.5753098,30.02013312,19.04191497,2379.943884,54.5546507,1050.832212,250.3302513
Serpentes,Anomochilidae,Anomochilus,Anomochilus leonardi,25.22206029,57.66520264,29.35921342,20.77242963,2387.768417,29.14893192,871.6268716,373.9299261
Serpentes,Cylindrophiidae,Cylindrophis,Cylindrophis maculatus,25.75942456,82.13262115,30.14965024,21.40461178,1992.825721,52.66964201,906.4526003,212.9401766
Serpentes,Uropeltidae,Uropeltis,Uropeltis phipsonii,25.25748319,233.9849216,36.10206982,15.06280811,1452.345707,122.992275,1300.398868,2.560237056
Serpentes,Uropeltidae,Uropeltis,Uropeltis macrolepis,25.10408417,250.1391051,36.17527601,14.41867921,1332.749369,123.2838446,1173.181537,2.973743176
Serpentes,Uropeltidae,Uropeltis,Uropeltis liura,25.78863976,153.6190648,33.36985366,18.90960343,1395.295484,74.35250697,827.2662348,44.72760154
Serpentes,Uropeltidae,Uropeltis,Uropeltis ellioti,25.99229327,251.1288177,35.84429008,16.57615325,1402.58399,101.5109149,1038.448913,16.04135628
Serpentes,Uropeltidae,Teretrurus,Teretrurus rhodogaster,26.08652613,159.2605466,33.98579431,19.03633184,1285.812091,76.58105045,787.6174147,38.18055825
Serpentes,Uropeltidae,Rhinophis,Rhinophis philippinus,23.70989554,67.29188984,28.13604938,19.26978158,2535.682621,40.39620133,1018.047673,286.2303894
Serpentes,Uropeltidae,Rhinophis,Rhinophis saffragamus,24.46873845,78.04455737,28.42857383,20.23513355,1724.142029,42.62825466,760.9491853,236.5220897
Serpentes,Uropeltidae,Rhinophis,Rhinophis blythii,23.11913892,68.5561269,27.45640579,18.7106676,2532.283946,40.23827785,1017.7232,295.7679972
Serpentes,Uropeltidae,Rhinophis,Rhinophis erangaviraji,27.4,51.35833333,30.25833333,24.55833333,2781.416667,41.33333333,1039.333333,287.6666667
Serpentes,Uropeltidae,Rhinophis,Rhinophis drummondhayi,22.25991903,86.78955466,26.41748988,17.6211336,1744.041296,45.54089069,775.1263158,223.2574899
Serpentes,Uropeltidae,Rhinophis,Rhinophis homolepis,23.80098538,66.23241912,28.17492199,19.41867302,2556.210872,40.15848251,1019.789128,287.4618164
Serpentes,Uropeltidae,Rhinophis,Rhinophis dorsimaculatus,27.57692308,88.63076923,31.34615385,23.88461538,1241.769231,74.84615385,717.4615385,68.53846154
Serpentes,Uropeltidae,Rhinophis,Rhinophis phillipsi,21.31818182,91.9,26.24545455,16.25454545,2334.181818,49.36363636,1155,336.1818182
Serpentes,Uropeltidae,Rhinophis,Rhinophis melanogaster,22.06427942,83.90815337,26.68047598,17.20495813,1950.452182,43.60555311,864.3715293,263.9510798
Serpentes,Uropeltidae,Rhinophis,Rhinophis travancoricus,27.55833333,90.05,31.64166667,23.75,1776.083333,62.33333333,829.3333333,71.91666667
Serpentes,Uropeltidae,Rhinophis,Rhinophis oxyrhynchus,27.38583205,117.6602088,31.68034293,23.12648494,1412.116993,75.74715322,848.4419433,109.3664981
Serpentes,Uropeltidae,Melanophidium,Melanophidium punctatum,25.24410924,141.7360432,32.85615539,18.72144596,1719.744152,79.31068064,288.408216,46.11945283
Serpentes,Aniliidae,Anilius,Anilius scytale,24.93760383,71.6306283,29.90026416,20.60461751,2238.55332,53.98091993,961.550025,194.4622459
Serpentes,Tropidophiidae,Tropidophis,Tropidophis taczanowskyi,16.42526719,56.42377842,21.68538367,10.40032546,1611.011034,41.45912926,609.7093981,203.122688
Serpentes,Tropidophiidae,Tropidophis,Tropidophis feicki,24.76492241,194.848907,29.22606184,19.41492808,1434.663609,52.2069317,598.816174,133.0807566
Serpentes,Tropidophiidae,Tropidophis,Tropidophis melanurus,25.04296471,168.9097265,29.85282977,19.58893042,1330.613419,57.88039775,592.6655429,108.1676399
Serpentes,Tropidophiidae,Tropidophis,Tropidophis canus,26.8037037,143.8407407,29.31481481,24.30740741,669.962963,52.55555556,321.7407407,78.03703704
Serpentes,Tropidophiidae,Tropidophis,Tropidophis wrighti,25.15071412,149.3259198,30.13797989,19.69063643,1281.029022,59.7683958,560.9896024,87.00337066
Serpentes,Tropidophiidae,Tropidophis,Tropidophis pardalis,25.08167994,195.2152635,29.94323709,19.35466516,1404.339849,58.80614791,629.5609476,117.2303404
Serpentes,Tropidophiidae,Tropidophis,Tropidophis haetianus,24.0753963,127.9913205,28.75804303,19.0404207,1370.064316,41.65336548,525.7998183,167.8652876
Serpentes,Tropidophiidae,Tropidophis,Tropidophis greenwayi,26.4838565,149.603139,29.08542601,23.91704036,683.8878924,37.85650224,274.793722,93.28026906
Serpentes,Tropidophiidae,Trachyboa,Trachyboa gularis,22.825,126.2083333,26.35,18.9,456.5833333,108.6666667,342.5,4.666666667
Serpentes,Tropidophiidae,Trachyboa,Trachyboa boulengeri,24.33886389,29.97334533,26.94129413,21.6590439,2874.352935,43.99675968,1082.192699,350.3227323
Serpentes,Anomalepididae,Typhlophis,Typhlophis squamosus,25.24564579,67.1701292,30.07529696,21.74737657,2294.184574,52.83701724,1040.000119,216.8826752
Serpentes,Anomalepididae,Liotyphlops,Liotyphlops albirostris,24.0349303,35.04171785,28.08476184,20.22028533,1986.792192,50.93848176,104.7935349,36.12861287
Serpentes,Typhlopidae,Madatyphlops,Madatyphlops rajeryi,18.73324573,246.6997372,25.07516426,11.11760841,1813.835742,68.47437582,1083.708305,296.4716752
Serpentes,Typhlopidae,Madatyphlops,Madatyphlops andasibensis,18.52334495,238.4526132,24.56933798,11.71986063,1939.627178,68.68989547,935.3955432,46.94986072
Serpentes,Typhlopidae,Madatyphlops,Madatyphlops arenarius,24.00048766,217.1624889,30.95062588,15.03489543,924.6322954,111.9097429,511.1009402,38.90420081
Serpentes,Typhlopidae,Madatyphlops,Madatyphlops comorensis,23.50877294,110.6462729,25.36680046,21.22729358,2313.701835,58.69208716,1067.830054,179.6733474
Serpentes,Typhlopidae,Madatyphlops,Madatyphlops microcephalus,19.6,106.2,23.69545455,14.77727273,1983.363636,109.1363636,1173.857505,184.7146415
Serpentes,Typhlopidae,Anilios,Anilios bituberculatus,20.04274144,549.1800978,32.74752556,6.703380288,349.1685633,34.31057663,137.8885426,51.53662907
Serpentes,Typhlopidae,Anilios,Anilios nigrescens,15.34720132,465.2290884,26.76984452,4.750217685,747.228098,23.30517127,259.1033116,126.5415529
Serpentes,Typhlopidae,Anilios,Anilios wiedii,21.78289218,398.8026858,31.71123218,10.70986141,805.3733989,63.1577826,458.3610994,59.21983295
Serpentes,Typhlopidae,Anilios,Anilios diversus,25.28641864,397.9324026,35.1481398,12.84849596,674.0725671,94.04815412,462.7996391,19.62476077
Serpentes,Typhlopidae,Anilios,Anilios ammodytes,25.41109762,539.8059992,37.67237947,11.05042956,299.2325122,82.51093521,190.2135999,7.615674366
Serpentes,Typhlopidae,Anilios,Anilios affinis,22.24196263,347.7769932,31.1701432,11.81803021,911.4710719,73.72447601,550.0864228,60.33818865
Serpentes,Typhlopidae,Anilios,Anilios howi,27.35009051,170.7739333,32.47579519,20.03563486,1126.17533,116.4168606,870.2071373,5.43056633
Serpentes,Typhlopidae,Anilios,Anilios guentheri,27.07409101,301.2842883,36.04174597,15.79571474,858.847189,110.2589298,618.1641199,5.065293223
Serpentes,Typhlopidae,Anilios,Anilios unguirostris,21.19526958,434.1569397,31.91829277,9.600576691,676.0974149,58.87149895,370.0331886,56.66776979
Serpentes,Typhlopidae,Anilios,Anilios troglodytes,28.05245925,313.2291283,37.82681786,15.79736357,710.4249468,122.9124026,597.1247342,7.041530829
Serpentes,Typhlopidae,Anilios,Anilios kimberleyensis,27.07592772,194.5340587,33.66665533,18.51231786,1103.819458,112.186905,816.6269672,5.488925588
Serpentes,Typhlopidae,Anilios,Anilios ganei,25.69019116,556.8514508,38.51188328,11.03200573,288.7038786,84.80851272,188.5751132,5.575275996
Serpentes,Typhlopidae,Anilios,Anilios ligatus,21.17880943,515.9164564,33.03446058,8.177349021,516.9042141,42.62266134,250.0265441,55.16321386
Serpentes,Typhlopidae,Anilios,Anilios splendidus,24.61995713,349.7829721,32.80864492,15.51893308,275.2374375,77.99690402,142.9666587,5.120028578
Serpentes,Typhlopidae,Anilios,Anilios pinguis,16.33972306,420.4771306,28.27573078,6.918214417,526.644954,51.95479588,252.954601,48.73727473
Serpentes,Typhlopidae,Anilios,Anilios bicolor,17.71759145,488.4227572,30.33727959,6.477444885,298.8318789,24.08810295,101.5535349,50.23991046
Serpentes,Typhlopidae,Anilios,Anilios endoterus,22.45416422,615.2993443,35.80192668,7.16545338,236.0724311,44.00767294,106.9264285,26.8151545
Serpentes,Typhlopidae,Anilios,Anilios hamatus,23.44282566,570.1810987,36.4534928,9.203326501,264.6025641,64.38174952,141.5374042,15.80296175
Serpentes,Typhlopidae,Anilios,Anilios pilbarensis,27.11910887,425.5091902,36.91356983,14.60539612,325.8256229,98.47774474,233.7752576,5.211465321
Serpentes,Typhlopidae,Anilios,Anilios centralis,22.49594942,631.4867249,35.86180511,6.428726409,283.0106561,50.36994479,126.6265888,26.21459751
Serpentes,Typhlopidae,Anilios,Anilios waitii,21.78346566,563.4854806,34.87968725,7.943874817,291.7222345,54.26167157,142.5264907,24.15657484
Serpentes,Typhlopidae,Anilios,Anilios australis,17.52314267,427.3471145,29.21630331,7.626550606,459.4543427,51.25637049,220.9521831,44.73486338
Serpentes,Typhlopidae,Anilios,Anilios longissimus,25.78720627,281.3357702,31.04308094,19.5156658,259.6031332,82.7232376,142.7284595,0
Serpentes,Typhlopidae,Anilios,Anilios grypus,25.9538046,463.9544949,36.85480219,12.07374542,456.9970089,95.64722285,328.5361486,10.77393754
Serpentes,Typhlopidae,Anilios,Anilios leptosoma,21.43911358,484.5237292,34.18278907,9.672328677,303.9372486,71.93022746,171.2854714,17.37985446
Serpentes,Typhlopidae,Anilios,Anilios proximus,19.37797568,495.353725,30.84730615,7.281821668,607.4374285,36.13206602,266.1532492,80.35184781
Serpentes,Typhlopidae,Anilios,Anilios silvia,21.29160517,333.5927468,28.47938192,12.19815498,1357.170203,43.04762454,579.7920895,142.3575876
Serpentes,Typhlopidae,Acutotyphlops,Acutotyphlops kunuaensis,25.91086711,38.11081867,27.36000323,24.35498143,3158.258679,17.85741967,1001.445503,621.7497174
Serpentes,Typhlopidae,Acutotyphlops,Acutotyphlops subocularis,24.66014044,34.09980509,26.67138288,22.7357789,4301.417337,36.9208856,1777.182493,635.2101554
Serpentes,Typhlopidae,Ramphotyphlops,Ramphotyphlops lineatus,25.27279871,35.41699674,28.67031125,22.13241383,2881.173257,28.89147054,1328.212121,698.1493506
Serpentes,Typhlopidae,Ramphotyphlops,Ramphotyphlops acuticaudus,27.33679654,19.74069264,28.43809524,26.3025974,3930.720779,21.53246753,94.60900706,48.48322214
Serpentes,Typhlopidae,Indotyphlops,Indotyphlops albiceps,26.26234708,96.79141693,31.06359582,20.95258511,2225.17199,64.84098994,497.8307235,5.396462274
Serpentes,Typhlopidae,Indotyphlops,Indotyphlops pammeces,28.72772625,203.5537936,35.23977584,22.26078309,978.0904983,81.38515281,848.9571248,151.1133567
Serpentes,Typhlopidae,Indotyphlops,Indotyphlops braminus,24.97404514,456.1986257,37.23125639,11.19779029,1137.346327,115.0278614,688.0835913,219.5254052
Serpentes,Typhlopidae,Malayotyphlops,Malayotyphlops luzonensis,25.39897179,114.0496309,29.34208852,21.35521743,2456.369587,68.05536593,1504.090909,63.77272727
Serpentes,Typhlopidae,Malayotyphlops,Malayotyphlops ruber,25.3452952,83.52358613,28.93416646,21.90054468,2423.722151,52.13894686,939.239159,141.0249671
Serpentes,Typhlopidae,Argyrophis,Argyrophis muelleri,25.59463135,54.18166735,29.44182088,21.78030435,2647.589796,40.44892358,1023.433276,353.7268533
Serpentes,Typhlopidae,Argyrophis,Argyrophis diardii,22.03382216,294.8581198,29.37759026,12.19968947,1929.0934,78.69388256,1083.842703,89.30322324
Serpentes,Typhlopidae,Xerotyphlops,Xerotyphlops vermicularis,14.44964153,818.6096892,32.19716707,-1.906290588,463.8675878,70.56178571,229.1056062,29.36334483
Serpentes,Typhlopidae,Xerotyphlops,Xerotyphlops socotranus,24.83213046,119.5189914,27.98080037,22.7777932,305.5357391,143.413139,300.3476752,0
Serpentes,Typhlopidae,Afrotyphlops,Afrotyphlops fornasinii,22.64763872,271.8643647,29.5411842,13.57604794,771.8541005,62.26887016,376.956304,60.49670753
Serpentes,Typhlopidae,Afrotyphlops,Afrotyphlops bibronii,16.87748298,385.4190843,26.54560638,3.730312284,715.2386277,68.16164587,351.0225654,32.45924328
Serpentes,Typhlopidae,Afrotyphlops,Afrotyphlops punctatus,26.26253774,193.1456614,35.62236535,17.92252999,1133.139361,94.01363176,673.2333572,24.22962809
Serpentes,Typhlopidae,Afrotyphlops,Afrotyphlops congestus,23.38822827,65.50813049,27.91365278,19.38853233,1769.708406,47.28562432,726.9489193,131.2267639
Serpentes,Typhlopidae,Afrotyphlops,Afrotyphlops lineolatus,23.87750333,131.5031447,31.77283531,17.20729245,1327.427786,74.79787513,671.8385449,38.65797796
Serpentes,Typhlopidae,Afrotyphlops,Afrotyphlops schlegelii,21.74920226,314.7675381,31.3815239,9.366171468,563.7804013,98.02418916,360.8407375,11.30888861
Serpentes,Typhlopidae,Afrotyphlops,Afrotyphlops mucruso,22.03699918,202.6187213,30.59722525,13.29722739,1062.377748,92.9948157,616.7910788,11.38423289
Serpentes,Typhlopidae,Afrotyphlops,Afrotyphlops elegans,25.72444444,97.84055556,27.82111111,23.89555556,1954.027778,57.11111111,925.7,120.0166667
Serpentes,Typhlopidae,Afrotyphlops,Afrotyphlops angolensis,22.66358222,82.55317531,28.82672848,17.45602792,1543.810269,57.78231504,663.670857,84.93800946
Serpentes,Typhlopidae,Afrotyphlops,Afrotyphlops obtusus,22.1782997,250.8535171,30.73904038,12.66612427,1014.700507,100.1388001,666.2322872,31.65487852
Serpentes,Typhlopidae,Rhinotyphlops,Rhinotyphlops unitaeniatus,24.9238321,120.0109109,31.26840198,18.96476374,667.5968015,80.58988061,386.9900966,37.33527067
Serpentes,Typhlopidae,Rhinotyphlops,Rhinotyphlops lalandei,18.30333753,412.0332335,29.21219065,5.070300882,503.5874922,72.0089072,275.3231224,22.46878775
Serpentes,Typhlopidae,Letheobia,Letheobia newtoni,24.2150333,113.8543292,26.49828735,22.00837298,1064.219791,67.08753568,282.74444,11.37858749
Serpentes,Typhlopidae,Letheobia,Letheobia feae,24.13753754,113.5902903,26.41771772,21.93603604,1061.702703,67.08108108,112.5772328,11.01996199
Serpentes,Typhlopidae,Letheobia,Letheobia simoni,19.18236863,599.4379503,33.20558447,5.4393432,325.093482,106.885773,137.4892239,58.75790084
Serpentes,Typhlopidae,Letheobia,Letheobia episcopus,18.2972973,905.1806306,38.66621622,1.392342342,377.7387387,76.68018018,127.9062868,8.723291543
Serpentes,Typhlopidae,Cubatyphlops,Cubatyphlops arator,25.01818182,216.3818182,29.46363636,19.73636364,1391.545455,54.18181818,577.2727273,128.4545455
Serpentes,Typhlopidae,Cubatyphlops,Cubatyphlops perimychus,25.87083333,127.9666667,28.99583333,22.59166667,846.0833333,56.41666667,439.75,84.33333333
Serpentes,Typhlopidae,Cubatyphlops,Cubatyphlops anousius,25.75714286,129.3785714,28.82142857,22.57142857,990.4285714,55.21428571,513.7142857,105.3571429
Serpentes,Typhlopidae,Cubatyphlops,Cubatyphlops notorachius,23.70740741,126.0851852,26.36296296,20.98148148,926.0740741,48.74074074,456.7777778,129.6296296
Serpentes,Typhlopidae,Cubatyphlops,Cubatyphlops contorhinus,25.11818182,129.7272727,27.63636364,22.61818182,1004.363636,48,470.0909091,142.6363636
Serpentes,Typhlopidae,Cubatyphlops,Cubatyphlops anchaurus,26.35,132.3833333,28.9,23.84166667,931.1666667,48.25,435.5833333,129.5833333
Serpentes,Typhlopidae,Cubatyphlops,Cubatyphlops biminiensis,25.14710551,176.854594,29.99989357,19.68225341,1319.961661,58.24739797,590.6989441,108.3796782
Serpentes,Typhlopidae,Cubatyphlops,Cubatyphlops caymanensis,27.00391304,121.6713043,29.42782609,24.68347826,1452.573913,56.02608696,664.7869565,92.45652174
Serpentes,Typhlopidae,Antillotyphlops,Antillotyphlops hypomethes,26.68971591,112.6073295,28.778125,24.53647727,1718.425568,32.24602273,597.3511364,223.7590909
Serpentes,Typhlopidae,Antillotyphlops,Antillotyphlops platycephalus,25.40500922,109.6267809,27.45422314,23.2985688,1641.896346,35.4973436,602.8776971,206.8864795
Serpentes,Typhlopidae,Antillotyphlops,Antillotyphlops richardi,25.56885274,110.3531407,27.62748745,23.45358193,1593.418325,36.10434331,591.6967468,198.5051047
Serpentes,Typhlopidae,Antillotyphlops,Antillotyphlops naugus,26.68055556,115.1611111,28.78055556,24.48888889,1208.222222,37.36111111,486.7222222,154.8333333
Serpentes,Typhlopidae,Antillotyphlops,Antillotyphlops catapontus,25.51079561,109.6012999,27.55916843,23.40383516,1621.410067,36.36139025,602.5559141,200.876187
Serpentes,Typhlopidae,Antillotyphlops,Antillotyphlops granti,26.64017699,109.1785841,28.67504425,24.5419469,1274.909735,49.32035398,570.3486726,121.4336283
Serpentes,Typhlopidae,Antillotyphlops,Antillotyphlops dominicanus,25.41305483,96.05801567,27.22574413,23.46971279,1956.048042,37.41618799,716.9723238,222.1086162
Serpentes,Typhlopidae,Antillotyphlops,Antillotyphlops guadeloupensis,25.776566,100.2637584,27.64278523,23.78310962,1621.190157,36.15771812,600.5749441,184.9127517
Serpentes,Typhlopidae,Antillotyphlops,Antillotyphlops geotomus,26.49186747,108.9319277,28.4746988,24.39533133,1217.612952,35.03162651,457.6400602,157.4894578
Serpentes,Typhlopidae,Antillotyphlops,Antillotyphlops monastus,26.2129065,108.1128049,28.18932927,24.12682927,1273.295732,34.83231707,475.9583333,161.8973577
Serpentes,Typhlopidae,Typhlops,Typhlops schwartzi,24.27051171,121.995036,28.66930259,19.46144584,1649.715066,34.66812918,584.329626,226.0268354
Serpentes,Typhlopidae,Typhlops,Typhlops lumbricalis,25.4405624,220.5794684,29.20057781,21.78332049,1101.464561,55.0720339,493.348228,109.050077
Serpentes,Typhlopidae,Typhlops,Typhlops titanops,23.34648494,111.6239598,27.37388809,18.93041607,879.6592539,52.92682927,376.7905308,75.3472023
Serpentes,Typhlopidae,Typhlops,Typhlops eperopeus,24.16030209,118.6365995,28.41707978,19.39643687,984.4899303,56.35592564,427.0344694,86.72734314
Serpentes,Typhlopidae,Typhlops,Typhlops pusillus,24.05943197,129.554737,28.85550631,18.90416377,1366.452263,41.39339658,521.2701198,166.5708146
Serpentes,Typhlopidae,Typhlops,Typhlops sulcatus,23.86512468,119.789382,28.35530177,18.93219371,1033.485435,53.74737983,447.4208168,90.51391399
Serpentes,Typhlopidae,Typhlops,Typhlops syntherus,24.03118332,107.3261397,27.49815713,20.1528613,878.7803104,54.29922405,395.2870999,84.5271581
Serpentes,Typhlopidae,Typhlops,Typhlops capitulatus,24.44862431,118.7225863,28.97416208,19.56715858,1245.784642,48.92171086,516.4452226,112.941971
Serpentes,Typhlopidae,Typhlops,Typhlops proancylops,23.67610801,119.3876724,28.27616672,18.64437922,1093.280892,51.25829175,458.3909598,94.05576754
Serpentes,Typhlopidae,Typhlops,Typhlops jamaicensis,25.17202737,100.8476709,27.8134925,22.41173497,1741.548721,42.79360759,733.486663,202.664904
Serpentes,Typhlopidae,Typhlops,Typhlops agoralionis,25.73571429,102.3428571,27.92857143,23.53571429,1366,36.42857143,528.5714286,205.8571429
Serpentes,Typhlopidae,Typhlops,Typhlops hectus,24.02672031,123.4179315,28.502303,19.19875139,1338.90573,51.63124306,573.7561043,130.0858074
Serpentes,Typhlopidae,Typhlops,Typhlops sylleptor,24.98928571,100.4821429,27.41071429,22.55,1542.357143,42.35714286,663.5,209.4285714
Serpentes,Typhlopidae,Typhlops,Typhlops rostellatus,25.14939445,109.3851804,27.19615835,23.04603464,1681.31189,33.97330382,608.2885792,217.0388071
Serpentes,Typhlopidae,Amerotyphlops,Amerotyphlops reticulatus,24.68285929,86.94494723,30.03403474,19.78823736,1948.477749,59.89520045,870.4709335,152.5497856
Serpentes,Typhlopidae,Amerotyphlops,Amerotyphlops brongersmianus,22.75424173,160.2227981,29.12018215,16.20396621,1632.650733,62.59015386,732.7210353,131.0842347
Serpentes,Typhlopidae,Amerotyphlops,Amerotyphlops tycherus,17.38333333,127.2833333,23.03333333,11.45,2823,66,1366.166667,179.8333333
Serpentes,Typhlopidae,Amerotyphlops,Amerotyphlops tasymicris,25.99166667,65.25,27.50833333,24.44166667,2117,47.41666667,858.3333333,196.3333333
Serpentes,Xenotyphlopidae,Xenotyphlops,Xenotyphlops grandidieri,25.98421053,114.8578947,28.35614035,22.8122807,1138.087719,109.4912281,878.877193,44.42105263
Serpentes,Gerrhopilidae,Gerrhopilus,Gerrhopilus hedraeus,25.3064233,82.84015204,28.90653904,21.8598965,2370.123257,53.04483948,1057.993289,124.6241611
Serpentes,Gerrhopilidae,Gerrhopilus,Gerrhopilus mirus,23.15762224,86.69860019,27.92688399,18.21395973,1983.858485,46.42147651,151.1590909,19.14772727
Serpentes,Leptotyphlopidae,Myriopholis,Myriopholis longicauda,21.76367126,289.3165214,30.52921774,10.92870077,797.4026705,95.86831257,301.3948005,13.92800112
Serpentes,Leptotyphlopidae,Myriopholis,Myriopholis adleri,27.38208104,250.6832515,38.56361049,16.67510525,750.3437999,121.5133415,1084.524772,520.1471152
Serpentes,Leptotyphlopidae,Myriopholis,Myriopholis macrorhyncha,23.25996795,698.5328827,39.43324904,6.696482724,189.0145804,97.92927058,1158.220907,599.7347805
Serpentes,Leptotyphlopidae,Myriopholis,Myriopholis boueti,27.7833398,440.1412454,40.42878875,13.41953616,310.6511741,156.0442487,319.8635657,26.37722926
Serpentes,Leptotyphlopidae,Myriopholis,Myriopholis rouxestevae,27.97646761,252.6467105,39.18674089,17.97069838,1121.758603,116.3694332,513.9809717,132.4855746
Serpentes,Leptotyphlopidae,Myriopholis,Myriopholis blanfordi,22.09911362,766.9181802,39.18023975,3.887521293,268.7937685,108.8720968,98.83573262,31.32145053
Serpentes,Leptotyphlopidae,Myriopholis,Myriopholis algeriensis,23.04796289,735.8652832,40.83368898,5.932420654,72.88009994,70.91277907,90.57488794,39.05355528
Serpentes,Leptotyphlopidae,Leptotyphlops,Leptotyphlops kafubi,21.19239714,184.7693883,30.93351897,12.46249667,1210.141625,97.65105377,811.5187735,154.403277
Serpentes,Leptotyphlopidae,Leptotyphlops,Leptotyphlops nigroterminus,22.27175926,138.8263889,30.77783333,15.38103704,946.6887037,84.7612963,513.7675785,142.3905538
Serpentes,Leptotyphlopidae,Leptotyphlops,Leptotyphlops merkeri,22.22163134,121.8523056,29.21264286,15.60274178,989.5950559,77.51801735,1035.297199,184.0207205
Serpentes,Leptotyphlopidae,Leptotyphlops,Leptotyphlops conjunctus,16.90616279,391.7206851,26.7394584,3.782070346,700.9863644,66.40911255,762.0007192,9.989931679
Serpentes,Leptotyphlopidae,Leptotyphlops,Leptotyphlops scutifrons,20.49994316,359.7860065,30.55861553,7.490854358,616.2217391,90.54322329,481.7985806,134.4745806
Serpentes,Leptotyphlopidae,Leptotyphlops,Leptotyphlops distanti,20.26751206,348.1648069,28.94696208,7.734951104,658.0417917,76.5525487,946.603283,33.8700829
Serpentes,Leptotyphlopidae,Leptotyphlops,Leptotyphlops sylvicolus,19.09441736,285.1373629,26.62407966,9.530338209,966.9869463,50.91086861,563.7946515,98.32236294
Serpentes,Leptotyphlopidae,Leptotyphlops,Leptotyphlops nigricans,17.47534887,315.8016591,26.87919486,7.720159112,606.0975122,35.42744505,1268.617553,77.28168769
Serpentes,Leptotyphlopidae,Namibiana,Namibiana occidentalis,20.14935038,387.3370769,31.88939842,6.668189235,174.2444373,103.66867,1076.964325,191.072945
Serpentes,Leptotyphlopidae,Rhinoleptus,Rhinoleptus koniagui,26.91177465,204.5274608,36.98255163,17.95982381,1406.420314,110.0349546,1006.814802,6.174568679
Serpentes,Leptotyphlopidae,Mitophis,Mitophis asbolepis,22.8625,120.3291667,27.36666667,17.80416667,996.1666667,57.75,937.9528571,324.227893
Serpentes,Leptotyphlopidae,Mitophis,Mitophis leptepileptus,19.60909091,114.3,24.16363636,14.54545455,798.0909091,52.54545455,969.2391555,193.4634468
Serpentes,Leptotyphlopidae,Mitophis,Mitophis pyrites,22.04583133,112.8535904,26.19339759,17.42645783,699.3031325,56.01060241,425.0537171,75.07924081
Serpentes,Leptotyphlopidae,Tetracheilostoma,Tetracheilostoma carlae,25.7047619,71.32380952,27.23333333,24.08571429,1811.47619,45.71428571,745.952381,179
Serpentes,Leptotyphlopidae,Tetracheilostoma,Tetracheilostoma breuili,26.0006483,78.66677472,27.57487844,24.28233387,2188.259319,41.00324149,818.8119935,242.3435981
Serpentes,Leptotyphlopidae,Siagonodon,Siagonodon septemstriatus,25.26719352,59.67405464,29.92229908,21.78097654,2336.263179,52.04227692,1026.191834,212.7151918
Serpentes,Leptotyphlopidae,Epictia,Epictia goudotii,23.57573634,107.4287814,29.08707076,18.29737252,1782.570223,73.41501645,530.2097561,121.0390244
Serpentes,Leptotyphlopidae,Epictia,Epictia magnamaculata,27.16666667,50.32777778,28.5,25.93888889,1963.833333,59.11111111,896.9244199,90.96768784
Serpentes,Leptotyphlopidae,Epictia,Epictia columbi,25.73902439,194.7517073,29.09073171,22.54341463,1029.209756,53,989.4085854,207.7332697
Serpentes,Leptotyphlopidae,Epictia,Epictia tenella,24.89475907,70.36349467,29.73831822,21.21195088,2167.222437,53.80277924,927.0555556,98.83333333
Serpentes,Leptotyphlopidae,Rena,Rena humilis,19.79389075,628.4174298,34.83389059,4.765552881,325.5162703,77.49853081,269.8355068,89.82259634
Serpentes,Leptotyphlopidae,Rena,Rena dulcis,19.95864928,645.369436,33.53658621,4.624061573,668.5581027,43.18014634,208.1139958,33.9653995
Serpentes,Leptotyphlopidae,Rena,Rena dissecta,16.57904093,760.4896713,33.26467611,-0.791887525,414.2642738,65.09838916,361.8766802,211.5898998
Serpentes,Leptotyphlopidae,Trilepida,Trilepida macrolepis,24.93227981,57.76591596,29.4789691,21.23124453,2344.693776,50.36105836,985.1281493,220.4095301
Serpentes,Leptotyphlopidae,Tricheilostoma,Tricheilostoma bicolor,28.23625313,357.5363243,39.9230713,15.279497,466.5514114,144.4557769,397.2685569,1.034450441
Iguania,Crotaphytidae,Crotaphytus,Crotaphytus bicinctores,13.62176994,854.7600833,33.80648111,-3.114926508,223.4423751,39.61771058,89.55989887,24.93028821
Iguania,Crotaphytidae,Crotaphytus,Crotaphytus nebrius,22.50464204,646.1938024,37.80100061,7.146533452,328.8723103,83.63907758,230.5460272,10.31284686
Iguania,Crotaphytidae,Crotaphytus,Crotaphytus reticulatus,22.94087964,574.4787552,35.15505213,8.402121999,555.7020413,48.94194064,245.7642712,65.98326209
Iguania,Crotaphytidae,Crotaphytus,Crotaphytus collaris,15.88391842,764.6236144,32.5048872,-1.124865029,535.1609378,53.46069769,236.0681722,59.72576404
Iguania,Crotaphytidae,Crotaphytus,Crotaphytus dickersonae,23.71385768,538.5672795,34.02635342,12.83377596,119.5743956,80.17296561,66.18692543,0.614572693
Iguania,Crotaphytidae,Crotaphytus,Crotaphytus vestigium,19.24424846,544.5432019,33.20229847,6.84502894,180.8711618,74.62280566,95.71596157,3.313025837
Iguania,Crotaphytidae,Crotaphytus,Crotaphytus grismeri,23.54154071,676.2941492,41.46743052,8.481082399,104.8044856,58.9570941,43.86055583,2.218430034
Iguania,Crotaphytidae,Crotaphytus,Crotaphytus insularis,22.17783094,525.642185,33.51291866,12.47791069,89.70733652,72.31818182,46.1738437,0
Iguania,Crotaphytidae,Crotaphytus,Crotaphytus antiquus,23.26487342,466.9426424,35.76700949,8.179667722,215.4810127,65.56803797,109.4280063,14.05142405
Iguania,Crotaphytidae,Gambelia,Gambelia sila,16.95847742,569.8786446,33.51101597,3.737530941,254.4038945,85.79202039,92.44003426,1.440838227
Iguania,Crotaphytidae,Gambelia,Gambelia wislizenii,15.17296313,784.789815,33.61850196,-1.302399109,264.9948015,50.50053316,145.272869,1.957443297
Iguania,Crotaphytidae,Gambelia,Gambelia copeii,21.19983047,443.8973941,32.93443617,10.33481281,152.648053,84.71326202,112.6330472,0.845064378
Iguania,Polychrotidae,Polychrus,Polychrus marmoratus,24.91167917,75.37342151,30.04022716,20.44888371,2095.442507,57.1332337,124.1463192,31.02393334
Iguania,Polychrotidae,Polychrus,Polychrus femoralis,21.09428437,63.53226298,25.87295753,15.7149525,924.1486568,87.5327084,256.4977121,15.80441352
Iguania,Polychrotidae,Polychrus,Polychrus gutturosus,23.84003933,46.81604633,27.25445952,20.68145946,2822.777385,54.45266799,65.13508627,39.46785422
Iguania,Polychrotidae,Polychrus,Polychrus acutirostris,24.56163491,142.7558224,31.05910577,18.0680527,1483.830568,68.99917489,175.6503095,20.72157816
Iguania,Hoplocercidae,Hoplocercus,Hoplocercus spinosus,25.12956262,95.6290975,31.43266057,19.67243077,1757.303014,73.1573259,436.2116725,286.5349903
Iguania,Hoplocercidae,Morunasaurus,Morunasaurus annularis,23.67401665,52.39007671,27.99463849,19.45476579,3448.270361,22.63293618,904.0359518,5.775301097
Iguania,Hoplocercidae,Enyalioides,Enyalioides heterolepis,23.63664913,26.47664708,26.24935359,21.18322256,3844.181154,35.85541841,1113.736869,608.8972163
Iguania,Hoplocercidae,Enyalioides,Enyalioides laticeps,24.35321185,48.08999425,28.02117097,20.61860495,2717.960533,30.70610358,1320.22464,528.947933
Iguania,Hoplocercidae,Enyalioides,Enyalioides palpebralis,24.40597106,56.08992849,28.37789804,19.74264128,2175.709817,47.22082194,1287.543137,401.178007
Iguania,Hoplocercidae,Enyalioides,Enyalioides azulae,21.43636364,49.43636364,25.54545455,16.50909091,2148.545455,22.18181818,909.0671841,22.62151298
Iguania,Hoplocercidae,Enyalioides,Enyalioides binzayedi,21.43636364,49.43636364,25.54545455,16.50909091,2148.545455,22.18181818,747.9090909,402.2727273
Iguania,Hoplocercidae,Enyalioides,Enyalioides rudolfarndti,19.74166667,81.525,24.19166667,13.48333333,1992.5,47.08333333,545.1336342,330.6227005
Iguania,Hoplocercidae,Enyalioides,Enyalioides microlepis,24.23594905,53.59280761,28.21449948,20.16208898,3230.547234,18.70293879,950.9622368,394.6966091
Iguania,Hoplocercidae,Enyalioides,Enyalioides cofanorum,24.43219549,49.92140068,28.61996473,20.43709535,3464.93765,19.60599572,747.9090909,402.2727273
Iguania,Hoplocercidae,Enyalioides,Enyalioides praestabilis,23.04356834,57.17866533,27.77073747,18.31765161,3350.67426,19.43317007,863.2456632,195.6083744
Iguania,Hoplocercidae,Enyalioides,Enyalioides rubrigularis,19.65588337,69.93970843,25.4675807,14.08024991,1763.030892,16.95140576,1089.943095,616.227428
Iguania,Hoplocercidae,Enyalioides,Enyalioides oshaughnessyi,22.87087703,34.92492784,25.84602349,19.52878004,3151.024662,54.8900923,1050.181356,612.3416861
Iguania,Iguanidae,Dipsosaurus,Dipsosaurus dorsalis,21.42751624,674.6792882,37.24925871,6.591721026,196.4875476,70.3964184,114.4650578,7.220297347
Iguania,Iguanidae,Brachylophus,Brachylophus vitiensis,23.62369173,119.9034081,26.47099824,20.56584213,2260.372581,50.98350923,1025.531662,259.217898
Iguania,Iguanidae,Brachylophus,Brachylophus fasciatus,25.11512605,124.6330532,27.58963585,22.64145658,2328.882353,43.37114846,971.0434174,275.4733894
Iguania,Iguanidae,Cyclura,Cyclura pinguis,26.8,117.1538462,28.99230769,24.61538462,1161.846154,36,460.0769231,151.9230769
Iguania,Iguanidae,Cyclura,Cyclura cychlura,25.6461165,216.17589,29.28300971,22.00744337,1074.063107,56.91423948,499.0566343,98.50161812
Iguania,Iguanidae,Cyclura,Cyclura nubila,25.06867359,172.8083483,29.86048135,19.61249254,1345.646836,58.86099886,601.9923526,106.5411445
Iguania,Iguanidae,Cyclura,Cyclura rileyi,25.75023697,194.4080569,29.0957346,22.55971564,1026.118483,52.95260664,527.464455,120.2748815
Iguania,Iguanidae,Cyclura,Cyclura collei,26.8554672,99.34572565,29.63707753,23.95874751,1239.360835,54.6222664,629.2127237,123.4781312
Iguania,Iguanidae,Cyclura,Cyclura cornuta,24.20088785,131.4791752,29.16103318,18.9022064,1247.469551,46.32494406,501.6532085,135.8123962
Iguania,Iguanidae,Cyclura,Cyclura ricordi,23.06100868,118.2046095,27.49164859,18.14126898,714.260846,56.8318872,319.7321041,53.05097614
Iguania,Iguanidae,Cyclura,Cyclura carinata,26.48855098,149.6490161,29.0960644,23.92128801,694.9928444,38.17173524,282.5008945,95.4293381
Iguania,Iguanidae,Sauromalus,Sauromalus hispidus,22.26739458,526.0598645,33.59457831,12.53516566,90.0376506,72.64231928,46.5873494,0
Iguania,Iguanidae,Sauromalus,Sauromalus varius,23.18035714,516.9857143,32.91428571,13.75535714,111.2857143,82.60714286,65.92857143,0
Iguania,Iguanidae,Sauromalus,Sauromalus ater,19.17213702,745.3794345,36.45133998,3.41175058,209.3825409,58.26780468,100.9155116,12.81214832
Iguania,Iguanidae,Sauromalus,Sauromalus klauberi,24.59722222,430.7333333,32.40833333,16.63333333,207.8333333,109.5833333,169.25,0.111111111
Iguania,Iguanidae,Iguana,Iguana iguana,24.51531902,101.0351026,29.90497401,19.37333229,1904.876174,59.16246207,298.2672465,51.52470844
Iguania,Iguanidae,Iguana,Iguana delicatissima,25.8266436,97.16233837,27.65397924,23.87308323,1843.606993,36.64924422,310.2119032,190.0105952
Iguania,Iguanidae,Ctenosaura,Ctenosaura melanosterna,24.99474432,141.2830966,30.66946023,19.59204545,1261.005682,39.18465909,503.4900568,126.03125
Iguania,Iguanidae,Ctenosaura,Ctenosaura bakeri,26.59347826,127.7695652,30.42826087,22.51086957,2671.130435,57.2826087,1317.673913,221.9782609
Iguania,Iguanidae,Ctenosaura,Ctenosaura oedirhina,26.64919786,113.1818182,29.57433155,23.3802139,2561.229947,66.32085561,1426.347594,186.1176471
Iguania,Iguanidae,Ctenosaura,Ctenosaura oaxacana,25.36872295,150.4369025,31.42553084,18.89602496,1200.67143,101.7095703,792.3265573,24.96789776
Iguania,Iguanidae,Ctenosaura,Ctenosaura quinquecarinata,23.63102916,76.73754025,29.70209978,19.01235608,1485.0045,77.24456306,752.3540077,44.11835546
Iguania,Iguanidae,Ctenosaura,Ctenosaura flavidorsalis,24.53586692,83.79864489,30.28359104,18.90221508,1340.327919,93.61970118,792.2604239,11.84468381
Iguania,Iguanidae,Ctenosaura,Ctenosaura palearis,22.79428071,135.3240561,28.67984706,16.95182412,1372.43046,64.57495619,642.8263502,93.14831926
Iguania,Iguanidae,Ctenosaura,Ctenosaura similis,24.31077766,109.7005608,29.37239707,19.53445487,2133.217198,62.2661641,961.3098091,151.1056296
Iguania,Iguanidae,Ctenosaura,Ctenosaura acanthura,24.55953077,224.3628018,31.02062754,17.14761979,1524.808222,80.52140486,850.0391217,79.97632557
Iguania,Iguanidae,Ctenosaura,Ctenosaura pectinata,23.96857532,111.3089961,30.12789509,17.55377106,1262.646835,101.1118732,793.8267314,23.64627004
Iguania,Iguanidae,Ctenosaura,Ctenosaura hemilopha,22.98066905,357.6083756,30.86014017,14.66134308,261.7371508,121.4989562,241.1575703,2.406153693
Iguania,Iguanidae,Conolophus,Conolophus subcristatus,21.7821443,164.9961978,24.8070133,19.33185543,800.8714228,59.32594384,394.5430606,101.7659546
Iguania,Iguanidae,Conolophus,Conolophus pallidus,22.80434783,165.9304348,25.84347826,20.29565217,908.2173913,53.56521739,429.8695652,131.0869565
Iguania,Iguanidae,Conolophus,Conolophus marthae,21.64924696,165.3887498,24.67846126,19.19531845,797.4530938,59.64071856,393.0983488,100.5410996
Iguania,Iguanidae,Amblyrhynchus,Amblyrhynchus cristatus,21.96612385,164.0485751,24.97898007,19.52331262,820.1494536,59.19584315,405.9867152,104.4208271
Iguania,Tropiduridae,Stenocercus,Stenocercus ochoai,8.402220501,110.5942164,12.78321714,1.352207591,998.3170669,78.28969791,550.9091144,37.48257165
Iguania,Tropiduridae,Stenocercus,Stenocercus formosus,16.88644153,88.99082661,21.17827621,10.57540323,1531.552923,45.17590726,632.2479839,152.7474798
Iguania,Tropiduridae,Stenocercus,Stenocercus apurimacus,10.56730601,116.7288251,15.59308417,3.191834722,773.7286278,80.59502411,430.8244191,23.45681719
Iguania,Tropiduridae,Stenocercus,Stenocercus scapularis,18.73005156,92.41430045,22.778857,12.64035407,2411.17298,48.64052939,1028.640237,272.3263664
Iguania,Tropiduridae,Stenocercus,Stenocercus ornatus,17.07409386,36.25644792,23.05543686,11.54132011,963.6949638,73.81724533,581.4273178,72.55799313
Iguania,Tropiduridae,Stenocercus,Stenocercus percultus,16.91039698,32.08223062,22.12936358,10.95866415,659.5545054,67.41713926,377.6981727,43.79080025
Iguania,Tropiduridae,Stenocercus,Stenocercus guentheri,10.77706798,30.79276738,15.39912169,5.943085091,1245.546471,40.19966675,500.1941597,140.9781412
Iguania,Tropiduridae,Stenocercus,Stenocercus angel,10.61287154,19.56586902,14.59692695,6.969118388,1117.417632,28.96649874,402.1813602,163.0534005
Iguania,Tropiduridae,Stenocercus,Stenocercus festae,12.21881732,37.41731048,17.795029,6.680763256,973.4260563,43.98726181,420.1834611,127.6751761
Iguania,Tropiduridae,Stenocercus,Stenocercus chota,14.6379021,20.24160839,18.42426573,11.15692308,872.5328671,37.7958042,339.5174825,93.44335664
Iguania,Tropiduridae,Stenocercus,Stenocercus rhodomelas,14.6412362,28.62635762,20.22671082,9.282075055,719.7951435,48.71390728,332.2322296,80.74039735
Iguania,Tropiduridae,Stenocercus,Stenocercus angulifer,22.4410773,57.22546875,27.52199013,17.16569079,3918.102632,16.44128289,1238.25074,772.5750822
Iguania,Tropiduridae,Stenocercus,Stenocercus puyango,22.82893962,61.96334315,27.16126657,17.23787923,495.7296024,134.5441826,451.1014728,4.152724595
Iguania,Tropiduridae,Stenocercus,Stenocercus iridescens,23.1568606,53.17584506,26.60263667,19.08621507,1675.769632,83.21406447,917.2467265,110.8474019
Iguania,Tropiduridae,Stenocercus,Stenocercus limitaris,20.28262506,30.78736083,25.78576133,14.83946997,933.9678532,103.8229575,689.7839109,23.45193665
Iguania,Tropiduridae,Stenocercus,Stenocercus doellojuradoi,20.39647665,462.2498202,30.51869891,8.070427984,702.5895973,79.18142018,377.6710557,21.34576091
Iguania,Tropiduridae,Stenocercus,Stenocercus azureus,19.08220043,301.5213846,26.56450774,9.954678282,1625.570283,30.10427971,588.52019,256.2968996
Iguania,Tropiduridae,Stenocercus,Stenocercus roseiventris,23.83627081,74.50545779,28.45134398,18.67998027,2112.035713,52.41376745,878.0476017,173.3316263
Iguania,Tropiduridae,Stenocercus,Stenocercus caducus,24.06076666,225.0622204,30.94211695,15.40929147,1250.86124,58.61921342,569.4662301,77.47915206
Iguania,Tropiduridae,Stenocercus,Stenocercus imitator,16.91423677,35.32687168,22.22953572,10.89304437,596.490663,81.55670721,374.0160185,32.31908515
Iguania,Tropiduridae,Stenocercus,Stenocercus eunetopsis,13.45833333,30.46666667,18.65833333,7.516666667,741.5833333,62.25,405.9166667,41.41666667
Iguania,Tropiduridae,Stenocercus,Stenocercus empetrus,12.44942912,32.98492886,18.51693308,6.04767258,853.1089057,64.10293343,432.4753206,41.40980151
Iguania,Tropiduridae,Stenocercus,Stenocercus boettgeri,13.07593403,74.56094965,17.55670139,6.850526042,1627.227083,52.55756944,662.1426736,147.9268924
Iguania,Tropiduridae,Stenocercus,Stenocercus cupreus,16.42841135,73.59624004,20.94531873,10.13052789,1935.430777,45.2686753,749.1578685,205.6949701
Iguania,Tropiduridae,Stenocercus,Stenocercus marmoratus,15.64070565,244.7022375,22.35586889,5.973093592,931.0820281,83.39605045,513.8583859,38.92190933
Iguania,Tropiduridae,Stenocercus,Stenocercus stigmosus,12.04583333,33.95833333,17.825,5.7,1008.458333,47.79166667,456.875,105.875
Iguania,Tropiduridae,Stenocercus,Stenocercus melanopygus,11.27632499,31.13507202,17.34224584,4.871150888,887.6571109,63.10823661,443.1704657,43.87777933
Iguania,Tropiduridae,Stenocercus,Stenocercus latebrosus,13.79466434,26.35053182,19.21654752,7.987306016,498.9061901,86.57489102,329.5170009,13.93809939
Iguania,Tropiduridae,Stenocercus,Stenocercus orientalis,14.32023445,60.72584098,19.56335372,8.259378186,944.980632,38.0224261,377.3598369,111.9775739
Iguania,Tropiduridae,Stenocercus,Stenocercus chrysopygus,7.159529603,42.72459448,11.84961476,1.377504055,758.5178427,72.51845093,407.9563058,25.7986618
Iguania,Tropiduridae,Stenocercus,Stenocercus ornatissimus,6.319650805,69.55902088,10.75504964,0.195241356,423.4128723,102.3933584,306.6429305,6.494008901
Iguania,Tropiduridae,Stenocercus,Stenocercus varius,15.5921524,26.31634916,19.73696332,11.18416264,1865.31362,54.50838783,852.2598806,146.8808644
Iguania,Tropiduridae,Stenocercus,Stenocercus humeralis,15.16109282,46.00921659,21.15483871,9.61514154,1108.200132,35.84529296,453.5951284,177.0947992
Iguania,Tropiduridae,Stenocercus,Stenocercus torquatus,13.60543529,85.25347627,17.81162226,7.405474604,1483.315755,52.78344435,634.5398742,119.4018642
Iguania,Tropiduridae,Stenocercus,Stenocercus crassicaudatus,17.25988151,86.2849374,21.180019,11.36041806,1513.414207,56.39704896,694.3591549,110.5135815
Iguania,Tropiduridae,Uranoscodon,Uranoscodon superciliosus,25.12345824,57.29990723,29.7213314,21.42589195,2382.098688,50.59699639,1008.242405,223.3926873
Iguania,Tropiduridae,Microlophus,Microlophus stolzmanni,16.80608741,63.27782226,22.48909558,10.49174403,892.875897,59.51504754,601.1086957,93.07246377
Iguania,Tropiduridae,Microlophus,Microlophus koepckeorum,16.34205039,53.92570811,20.8502318,11.10925042,421.4720962,94.59954618,4.175385935,0
Iguania,Tropiduridae,Microlophus,Microlophus habelii,23.32971014,144.015942,26.10724638,21.1884058,978.1521739,78.13043478,171.1480716,3.531467142
Iguania,Tropiduridae,Microlophus,Microlophus bivittatus,23.0139313,163.7776718,26.01431298,20.51087786,884.0171756,47.71374046,826.6947515,36.47987598
Iguania,Tropiduridae,Microlophus,Microlophus occipitalis,19.5913212,71.74910765,24.67006632,13.84767878,520.0822797,95.71033806,400.5992366,133.5992366
Iguania,Tropiduridae,Microlophus,Microlophus delanonis,23.04805195,176.2285714,26.22207792,20.36233766,873.1428571,51.64935065,743.3292595,37.14762616
Iguania,Tropiduridae,Microlophus,Microlophus grayii,22.68607595,175.1791139,25.83734177,20.05063291,856.3544304,52.09493671,290.7030928,1.123706616
Iguania,Tropiduridae,Microlophus,Microlophus pacificus,23.325,140.1346154,26.06538462,21.26153846,1052.230769,84.76923077,400.1038961,119.4415584
Iguania,Tropiduridae,Microlophus,Microlophus duncanensis,22.5,164.5,25.505,20.035,845.45,58.45,378.205661,29.66903237
Iguania,Tropiduridae,Microlophus,Microlophus albemarlensis,22.6315628,166.7454075,25.68999041,20.1621093,779.8582934,59.62627037,912.0834378,21.8447371
Iguania,Tropiduridae,Microlophus,Microlophus tigris,15.285519,93.13103286,20.20878553,9.085268156,394.9140992,112.8327061,683.0384615,87.23076923
Iguania,Tropiduridae,Microlophus,Microlophus peruvianus,17.15640916,113.8027615,22.30964146,10.66539593,341.3814619,125.0121168,415.1,109.1
Iguania,Tropiduridae,Microlophus,Microlophus heterolepis,18.03855905,70.16434203,22.2528989,12.95732892,198.6169796,100.4452672,385.9112176,98.72176414
Iguania,Tropiduridae,Microlophus,Microlophus quadrivittatus,18.07477552,196.461294,24.82013628,9.545207922,3.016939438,230.8888965,388.0886076,120.0696203
Iguania,Tropiduridae,Microlophus,Microlophus yanezi,20.63625,104.35375,25.63625,14.1375,19.475,103.575,195.4687144,20.56905718
Iguania,Tropiduridae,Microlophus,Microlophus theresioides,13.08921944,194.1610788,21.58366348,2.780460236,31.14606038,178.8184094,267.4771331,17.34756074
Iguania,Tropiduridae,Microlophus,Microlophus atacamensis,16.81779588,235.3173456,24.77176244,7.170819039,4.425600343,211.9629074,652.9957532,105.34047
Iguania,Tropiduridae,Microlophus,Microlophus theresiae,13.28514665,81.45797247,17.91965733,7.260275273,321.7941908,108.0492928,133.6973472,7.111861306
Iguania,Tropiduridae,Microlophus,Microlophus thoracicus,15.57675604,85.13843869,20.1013965,9.834485172,301.7203951,113.1991052,295.485556,42.50663827
Iguania,Tropiduridae,Plica,Plica umbra,24.8042019,59.50411948,29.3476007,20.89186456,2371.603148,48.48217894,1001.194307,165.3066972
Iguania,Tropiduridae,Tropidurus,Tropidurus spinulosus,23.70745432,282.6128535,31.44718772,14.27087326,1113.671115,61.88712003,508.4033682,59.70645907
Iguania,Tropiduridae,Tropidurus,Tropidurus callathelys,24.57029016,91.41406358,30.70425517,17.71999167,2027.079238,69.20748299,1013.476781,50.75163126
Iguania,Tropiduridae,Strobilurus,Strobilurus torquatus,26.91801282,112.3473965,34.02418999,20.77237647,770.3220593,94.149764,522.4992007,19.73598105
Iguania,Tropiduridae,Plica,Plica plica,24.64535737,64.6298053,29.39484576,20.56716997,2276.148966,51.975837,795.5211864,445.5579096
Iguania,Tropiduridae,Plica,Plica lumaria,20.63430657,55.04452555,25.82773723,16.45547445,4806.058394,74.27007299,216.8298368,43.75905933
Iguania,Tropiduridae,Uracentron,Uracentron flaviceps,24.52406584,48.88427829,28.20039548,20.74476387,2719.494532,28.89424417,937.5743039,418.9896552
Iguania,Tropiduridae,Tropidurus,Tropidurus bogerti,23.02745526,51.85311192,28.03982934,18.59087355,3059.774668,50.92807857,1305.550761,244.5180321
Iguania,Tropiduridae,Tropidurus,Tropidurus pinima,25.19260899,112.7758832,32.23234243,18.50835186,744.3014096,83.88213377,392.8117626,8.305482663
Iguania,Tropiduridae,Tropidurus,Tropidurus helenae,26.86241021,118.8039841,34.27158912,20.95220615,753.5619405,88.44724325,424.415944,4.163129058
Iguania,Tropiduridae,Tropidurus,Tropidurus jaguaribanus,28.975,70.00833333,35.75,23.1,778.6666667,105.5,572,6
Iguania,Tropiduridae,Tropidurus,Tropidurus semitaeniatus,25.74852798,121.2056534,32.26246603,19.96917193,861.0433373,77.96055647,472.2242856,40.17240809
Iguania,Tropiduridae,Tropidurus,Tropidurus psammonastes,25.51670789,111.0391154,32.66076294,18.91223347,742.8486692,85.66517386,394.1526008,5.200232611
Iguania,Tropiduridae,Tropidurus,Tropidurus itambere,23.60138019,159.6119527,30.29174868,15.7902549,1470.424945,70.69534774,761.4736264,54.47063709
Iguania,Tropiduridae,Tropidurus,Tropidurus hygomi,24.8403451,138.5548224,30.17559733,19.67951399,965.3300823,41.65893167,388.8512646,119.0876297
Iguania,Tropiduridae,Tropidurus,Tropidurus oreadicus,25.16767014,91.36974059,31.35416027,19.8785225,1807.298372,71.38021462,891.2096522,54.90138465
Iguania,Tropiduridae,Tropidurus,Tropidurus torquatus,24.36492086,128.3397719,30.36908518,18.57698173,1783.318196,60.60359386,810.0052409,133.3024635
Iguania,Tropiduridae,Tropidurus,Tropidurus hispidus,25.13185193,92.86833508,30.96211589,20.23007118,1750.84664,68.02197336,851.1055055,100.0257104
Iguania,Tropiduridae,Tropidurus,Tropidurus insulanus,24.52528699,79.6206643,31.51075624,20.23956367,2324.998495,68.64696078,1067.547524,29.0400906
Iguania,Tropiduridae,Tropidurus,Tropidurus cocorobensis,25.16189013,152.8405448,31.89247782,18.65152541,566.7462839,57.63851594,260.8840356,41.823079
Iguania,Tropiduridae,Tropidurus,Tropidurus etheridgei,23.70999209,180.2387865,30.74639426,16.06969097,1478.001313,68.83369391,722.3196641,58.66572476
Iguania,Tropiduridae,Tropidurus,Tropidurus erythrocephalus,24.6776216,124.1042683,31.3293731,18.21326808,726.5970939,71.97571565,355.8028191,26.36687549
Iguania,Tropiduridae,Tropidurus,Tropidurus mucujensis,22.9959818,135.9285896,29.02198701,16.66866482,749.0316071,66.35100704,372.1647468,44.1409254
Iguania,Tropiduridae,Tropidurus,Tropidurus montanus,22.47506441,160.5901389,28.85352884,15.03716408,1043.247802,89.48473405,644.8828551,18.23904307
Iguania,Tropiduridae,Eurolophosaurus,Eurolophosaurus divaricatus,25.55100002,109.9277829,32.7072509,18.92084115,788.882001,86.13105438,387.9766461,6.159981552
Iguania,Tropiduridae,Eurolophosaurus,Eurolophosaurus nanuzae,21.69883244,176.239433,28.04196553,14.28574893,1139.618977,86.99321787,420.2658551,4.149412008
Iguania,Tropiduridae,Eurolophosaurus,Eurolophosaurus amathites,25.42770518,111.7091932,32.54182781,18.80424033,732.4061934,85.10171044,617.3068416,19.93172139
Iguania,Opluridae,Oplurus,Oplurus grandidieri,20.96963247,248.0023665,28.21022827,12.18116076,882.8245197,102.8789001,881.1681534,150.3831401
Iguania,Opluridae,Oplurus,Oplurus fierinensis,24.33495718,229.9604463,29.99815353,16.10105288,478.9954428,120.714701,753.2004111,61.96626904
Iguania,Opluridae,Oplurus,Oplurus saxicola,22.27034223,255.1881153,29.16306865,13.66338452,828.2498906,90.21847421,895.0901036,92.66241214
Iguania,Opluridae,Oplurus,Oplurus quadrimaculatus,21.03173299,249.3020625,27.6217229,12.85701426,1058.283475,84.29529084,888.776353,140.7678601
Iguania,Opluridae,Oplurus,Oplurus cyclurus,24.18951396,193.7496169,30.635777,15.89319641,1083.341642,111.9741147,127.9026667,19.53874246
Iguania,Opluridae,Oplurus,Oplurus cuvieri,24.68994235,163.8827267,30.83259564,16.84834706,1309.957508,118.1547355,655.3388751,14.07718184
Iguania,Opluridae,Chalarodon,Chalarodon madagascariensis,23.48155449,226.9473007,30.15594949,14.82100435,826.5839994,107.5866376,604.6036243,24.8269001
Iguania,Leiosauridae,Diplolaemus,Diplolaemus darwinii,7.444267837,433.2209946,17.74647075,-1.673176454,364.0603784,29.62558863,135.5952945,60.10720699
Iguania,Leiosauridae,Pristidactylus,Pristidactylus scapulatus,11.92070826,573.4771759,25.40904501,-1.233700413,322.0809721,44.5893984,1039.841423,43.65368425
Iguania,Leiosauridae,Pristidactylus,Pristidactylus torquatus,10.85950157,389.7557175,22.15848044,2.161183694,1521.726652,66.39447221,1550.769231,278.1538462
Iguania,Leiosauridae,Leiosaurus,Leiosaurus bellii,12.16154909,556.7117661,25.36663066,0.248508639,251.7718179,30.66695142,503.8517194,28.0289868
Iguania,Leiosauridae,Leiosaurus,Leiosaurus catamarcensis,16.2150787,529.803897,27.65339531,2.540750388,325.846025,79.70023487,915.6522836,80.58577075
Iguania,Leiosauridae,Leiosaurus,Leiosaurus paronae,18.12196415,528.1314552,29.37326175,4.901197977,518.9885007,75.49874693,795.0599639,25.12658379
Iguania,Leiosauridae,Enyalius,Enyalius perditus,21.47590976,196.098036,27.86689716,13.16318484,1432.568001,69.82977281,1003.943372,65.88821221
Iguania,Leiosauridae,Enyalius,Enyalius brasiliensis,21.99195527,178.2606488,28.45527177,14.21880031,1394.435028,73.91971079,681,105.962963
Iguania,Leiosauridae,Enyalius,Enyalius iheringii,19.26198331,270.5459406,26.00674047,11.4109983,1714.220372,35.20934144,376.4641037,43.9012147
Iguania,Leiosauridae,Enyalius,Enyalius boulengeri,21.52222222,189.8444444,27.91111111,14.92962963,1383.111111,60.77777778,750.468473,35.99403164
Iguania,Leiosauridae,Enyalius,Enyalius leechii,25.25818403,63.14083886,30.83934371,21.3136832,2068.928777,68.73378917,668.9931252,241.5932848
Iguania,Leiosauridae,Enyalius,Enyalius bilineatus,22.31491382,167.5637891,28.78399582,14.64056766,1288.933243,82.67952435,529.0995326,40.33331907
Iguania,Leiosauridae,Enyalius,Enyalius pictus,23.45810601,158.7961991,29.0458557,17.69509129,1082.079909,49.81041014,756.4256675,71.19100161
Iguania,Leiosauridae,Enyalius,Enyalius catenatus,23.56164032,147.830754,30.09279873,16.62805403,1187.138327,73.79760875,750.811489,63.61851891
Iguania,Leiosauridae,Enyalius,Enyalius erythroceneus,23.00282825,136.0015271,29.03787114,16.66281573,751.5828251,67.01708722,633.7782855,49.67672464
Iguania,Leiosauridae,Enyalius,Enyalius bibronii,25.03083334,131.0279988,31.52553988,18.92131693,941.2241209,79.14871043,818.8333333,195.6666667
Iguania,Leiosauridae,Urostrophus,Urostrophus gallardoi,19.70491928,414.1287913,29.09777341,7.767324504,823.7036384,81.6370755,452.6211762,26.59391788
Iguania,Leiosauridae,Urostrophus,Urostrophus vautieri,19.94770619,198.8074021,26.27435393,11.67132313,1480.042379,75.3061455,819.4227508,60.77891464
Iguania,Leiosauridae,Anisolepis,Anisolepis longicauda,21.48114383,420.1937553,31.19484297,10.43619699,1392.600758,40.59538067,515.7868752,142.6413296
Iguania,Leiosauridae,Anisolepis,Anisolepis grilli,19.95637425,272.1506531,26.97885627,11.19527701,1613.602752,36.58275837,623.0433853,223.8908649
Iguania,Liolaemidae,Phymaturus,Phymaturus sitesi,10.24515235,608.0735457,24.94639889,-3.832963989,245.8421053,23.88088643,179.3469764,38.07715708
Iguania,Liolaemidae,Phymaturus,Phymaturus nevadoi,11.48782264,582.8020833,25.1017146,-2.366906342,420.3491888,52.88403392,80.54267589,38.65282584
Iguania,Liolaemidae,Phymaturus,Phymaturus payuniae,11.95697949,601.7162904,26.48925041,-1.809355172,259.1294083,26.96281541,73.116443,27.6485021
Iguania,Liolaemidae,Phymaturus,Phymaturus delheyi,7.673333333,572.1866667,22.08333333,-5.056666667,233.4666667,54.8,130.1842618,7.249115698
Iguania,Liolaemidae,Phymaturus,Phymaturus videlai,8.640179718,494.0242619,21.14480103,-1.897432606,173.0577664,39.32734275,231.4581721,31.04733552
Iguania,Liolaemidae,Phymaturus,Phymaturus indistinctus,9.024983055,485.339352,21.3111563,-1.306222041,186.201708,40.48759658,52.78378378,2.027027027
Iguania,Liolaemidae,Phymaturus,Phymaturus felixi,11.07421268,529.2482413,24.24817996,-0.226400818,186.2754601,38.7805726,356.6173673,178.8449029
Iguania,Liolaemidae,Phymaturus,Phymaturus tenebrosus,7.851153577,478.8309019,20.77991144,-1.705826148,594.3430436,67.86646469,90.45167478,43.06330235
Iguania,Liolaemidae,Phymaturus,Phymaturus etheridgei,8.457958478,562.6061707,22.61516724,-2.680968858,218.8575548,29.19319493,932.75,53
Iguania,Liolaemidae,Phymaturus,Phymaturus ceii,9.151323805,586.4106256,23.71811153,-2.754369728,202.3006092,30.97961575,285.3958324,9.699452978
Iguania,Liolaemidae,Phymaturus,Phymaturus somuncurensis,10.95748294,596.4560186,24.92890418,-1.74561699,218.2713727,19.95198813,257.4670523,27.93173974
Iguania,Liolaemidae,Phymaturus,Phymaturus calcogaster,12.25504841,586.4033426,26.06512218,-0.346127248,199.1456893,18.68211157,708.3496067,64.88184017
Iguania,Liolaemidae,Phymaturus,Phymaturus patagonicus,12.31765427,556.6709368,25.67706894,0.337472091,202.6146605,27.98318641,71.96155419,27.92740286
Iguania,Liolaemidae,Phymaturus,Phymaturus spurcus,8.247871614,526.3144245,21.87552925,-2.167759314,337.3872828,52.95849457,70.92747303,34.3551924
Iguania,Liolaemidae,Phymaturus,Phymaturus manuelae,8.446778893,503.4955649,21.84943347,-1.544674652,452.9168016,64.72418258,117.4333333,29.86666667
Iguania,Liolaemidae,Phymaturus,Phymaturus zapalensis,9.769121753,540.6475802,24.09761401,-1.578251121,311.8154243,59.69684406,81.5401662,43.73268698
Iguania,Liolaemidae,Phymaturus,Phymaturus vociferator,5.45452246,530.5949978,19.64726559,-6.203658962,625.0074575,75.26755342,113.5364039,58.20106289
Iguania,Liolaemidae,Phymaturus,Phymaturus laurenti,3.657500887,383.098676,14.00013004,-9.063021634,117.1763802,130.6116562,62.88151222,37.07976026
Iguania,Liolaemidae,Phymaturus,Phymaturus mallimaccii,9.088665595,450.4950161,18.87427653,-4.363263666,220.0241158,112.0233119,76.56373008,35.44306467
Iguania,Liolaemidae,Phymaturus,Phymaturus antofagastensis,2.586486486,386.4864865,13.61621622,-10.11621622,60.59459459,129.1081081,443.1869837,47.42415298
Iguania,Liolaemidae,Phymaturus,Phymaturus punae,6.546153846,525.8653846,19.59615385,-7.1,69.80769231,59.26923077,98.98605036,1.974819719
Iguania,Liolaemidae,Phymaturus,Phymaturus extrilidus,4.89127907,531.1895349,18.09786822,-8.871705426,121.4767442,64.5755814,389.9573566,106.217207
Iguania,Liolaemidae,Phymaturus,Phymaturus roigorum,8.945279008,588.7485208,23.23470328,-4.424889283,326.954473,23.59202834,235.3344124,40.85723535
Iguania,Liolaemidae,Phymaturus,Phymaturus palluma,5.869527414,552.4978108,19.74531061,-6.459685073,443.0795866,75.54210134,70.03682171,12.4748062
Iguania,Liolaemidae,Phymaturus,Phymaturus verdugo,3.518247148,564.625626,17.82001778,-8.69043562,570.5541562,74.12898207,36.92307692,7.346153846
Iguania,Liolaemidae,Phymaturus,Phymaturus querque,6.43072343,508.4051206,20.44968741,-4.298303066,399.4998511,71.34176838,176.75,4.856913183
Iguania,Liolaemidae,Liolaemus,Liolaemus pachacutec,6.899118295,120.3246143,11.72931668,-0.611168259,787.3541514,83.21307862,231.3453314,118.8671122
Iguania,Liolaemidae,Liolaemus,Liolaemus wari,8.530814245,113.7641532,14.00859388,1.030195619,685.1580003,87.00267514,19.3554256,0
Iguania,Liolaemidae,Liolaemus,Liolaemus chavin,5.646148492,46.79350348,10.23322506,-0.253712297,773.6777262,76.38399072,95.15425252,37.37197069
Iguania,Liolaemidae,Liolaemus,Liolaemus walkeri,8.607072566,117.6579596,14.05536124,1.140667676,887.2618502,88.82789446,563.2758621,19.70791075
Iguania,Liolaemidae,Liolaemus,Liolaemus tacnae,7.946402377,149.0050436,15.40230016,-0.97214047,276.3619441,116.3768452,444.8229426,39.34372402
Iguania,Liolaemidae,Liolaemus,Liolaemus coeruleus,6.444353497,488.0298493,20.25238138,-4.178142568,771.9489544,70.65702721,211.0502446,10.1600335
Iguania,Liolaemidae,Liolaemus,Liolaemus neuquensis,6.177003173,488.2877529,20.05768544,-4.656634272,824.6809798,72.82754859,227.8208551,40.41859046
Iguania,Liolaemidae,Liolaemus,Liolaemus schroederi,11.74362581,489.3332278,24.83401715,0.625176626,789.4431116,95.53945577,98.69533212,8.254336909
Iguania,Liolaemidae,Liolaemus,Liolaemus gravenhorstii,11.35030888,509.4865385,24.5383036,-0.170185327,649.0245436,99.29982647,57.88622419,27.17515817
Iguania,Liolaemidae,Liolaemus,Liolaemus bellii,6.439622776,580.3039794,20.76504251,-6.234643138,536.8139601,99.11595342,41.94142713,1.826191958
Iguania,Liolaemidae,Liolaemus,Liolaemus cyanogaster,9.342192857,420.4446915,21.30736997,0.249283357,1262.628856,63.90146317,442.9763341,24.8612529
Iguania,Liolaemidae,Liolaemus,Liolaemus pictus,9.538539432,383.8840334,20.56145978,1.108044458,1595.880419,61.65134146,302.7820784,5.533485733
Iguania,Liolaemidae,Liolaemus,Liolaemus chiliensis,10.26351867,456.1970947,22.89738281,0.055044762,1046.877649,81.26446128,692.989685,30.94805673
Iguania,Liolaemidae,Liolaemus,Liolaemus pagaburoi,8.357102628,396.0743951,16.8556529,-4.154349186,848.4463913,91.33468919,443.1814756,48.11761206
Iguania,Liolaemidae,Liolaemus,Liolaemus robertmertensi,17.09713501,464.6606451,26.77919026,3.309487048,178.7944759,97.62137588,165.5255909,2.52761514
Iguania,Liolaemidae,Liolaemus,Liolaemus saxatilis,13.39376559,506.8637573,24.25756442,0.648420615,885.6317539,69.24688279,443.0124312,9.191291352
Iguania,Liolaemidae,Liolaemus,Liolaemus gracilis,14.25819494,585.8732424,27.70324073,1.16907516,285.5026152,37.89917572,172.1891303,39.97479477
Iguania,Liolaemidae,Liolaemus,Liolaemus ramirezae,7.004597603,371.261715,15.91468514,-5.351245007,597.2486615,104.3564205,76.71818215,34.89992724
Iguania,Liolaemidae,Liolaemus,Liolaemus yanalcu,3.104096448,350.6690692,12.82175266,-9.130101115,334.5016852,118.3650506,193.8381862,33.00954654
Iguania,Liolaemidae,Liolaemus,Liolaemus bibronii,10.36826872,523.1812552,22.99480908,-0.842484446,359.9383397,34.08144549,127.074601,10.98594726
Iguania,Liolaemidae,Liolaemus,Liolaemus incaicus,7.414421296,124.8228866,12.46286806,-0.416037037,1022.985417,80.19696759,110.7851367,39.33219107
Iguania,Liolaemidae,Liolaemus,Liolaemus chaltin,6.004592465,338.1404888,16.1513605,-7.434769761,408.6925634,114.2384265,473.8696067,18.4278822
Iguania,Liolaemidae,Liolaemus,Liolaemus puna,3.949038101,328.4523603,14.27347638,-8.168248348,212.340687,131.4978543,447.8383542,25.47318148
Iguania,Liolaemidae,Liolaemus,Liolaemus alticolor,8.412101488,174.0293437,15.51264528,-0.792367457,656.6551391,97.29731881,483.7199424,70.63865303
Iguania,Liolaemidae,Liolaemus,Liolaemus bitaeniatus,12.50184241,406.2328784,21.30123043,-0.210555798,739.1864912,94.48466009,193.7446111,79.76978083
Iguania,Liolaemidae,Liolaemus,Liolaemus talampaya,14.62222222,490.5222222,25.37777778,0.803703704,116.5925926,105.4074074,369.1254846,8.72333094
Iguania,Liolaemidae,Liolaemus,Liolaemus dicktracyi,6.164689781,445.817062,15.98722628,-7.21669708,220.270073,112.1332117,578.1336879,61.71820341
Iguania,Liolaemidae,Liolaemus,Liolaemus heliodermis,8.604166667,385.9708333,16.92916667,-3.6375,821.3333333,88.5,90.56154626,41.38761836
Iguania,Liolaemidae,Liolaemus,Liolaemus umbrifer,6.02715655,388.9297125,15.45601704,-7.026198083,224.6144835,115.428115,91.4922564,35.68014627
Iguania,Liolaemidae,Liolaemus,Liolaemus capillitas,9.6800476,411.8461237,19.22258804,-3.682617127,306.4458107,102.9285116,521.0134003,187.0491674
Iguania,Liolaemidae,Liolaemus,Liolaemus petrophilus,11.01527257,569.2307857,24.85148237,-0.907038552,210.5281572,28.76844613,249.9330863,3.540360023
Iguania,Liolaemidae,Liolaemus,Liolaemus gununakuna,12.81036888,599.8161188,27.67222281,-0.226868196,164.2573724,37.70521087,22.71640594,0.048335339
Iguania,Liolaemidae,Liolaemus,Liolaemus austromendocinus,11.27464767,589.5830919,25.33567733,-2.143404389,346.9535053,44.29070976,442.4752077,234.8595044
Iguania,Liolaemidae,Liolaemus,Liolaemus thermarum,1.823326572,550.310142,16.13772819,-9.995537525,870.1744422,87.54158215,79.64699205,41.16572077
Iguania,Liolaemidae,Liolaemus,Liolaemus tregenzai,3.717391304,480.726087,17.48695652,-7.039130435,843.9565217,77.13043478,412.6682001,52.23024847
Iguania,Liolaemidae,Liolaemus,Liolaemus buergeri,8.025188143,560.8161516,22.12493877,-4.442368428,535.9918812,62.31664073,32.95094886,0.015760695
Iguania,Liolaemidae,Liolaemus,Liolaemus kriegi,9.234740545,536.9890946,23.18798112,-1.889650514,363.4329019,53.03959189,82.54512836,35.49370038
Iguania,Liolaemidae,Liolaemus,Liolaemus curis,3.363983903,565.0909457,17.80985915,-8.653521127,871.1891348,90.62173038,99.66869301,33.59118541
Iguania,Liolaemidae,Liolaemus,Liolaemus leopardinus,1.345835769,584.4005114,15.57739626,-11.10065751,632.1139684,90.99430158,143.4825709,51.53520466
Iguania,Liolaemidae,Liolaemus,Liolaemus chillanensis,6.545822026,468.2561341,20.17059588,-3.870369742,1128.369346,71.4452171,75.27364917,31.38806317
Iguania,Liolaemidae,Liolaemus,Liolaemus elongatus,9.122253427,548.1849909,22.87540955,-2.63771102,360.6503725,48.14556774,586.4486922,17.5694165
Iguania,Liolaemidae,Liolaemus,Liolaemus punmahuida,9.850288625,576.2273005,24.41514431,-2.93901528,239.2573854,51.13887946,531.8604506,22.77555277
Iguania,Liolaemidae,Liolaemus,Liolaemus tenuis,10.36309449,446.4900454,22.66734301,0.35251216,1101.651668,79.54274335,99.76745338,23.97474831
Iguania,Liolaemidae,Liolaemus,Liolaemus nigroviridis,8.793512259,493.0192555,22.05567728,-3.874134561,336.28924,111.9202167,69.20455182,38.78406578
Iguania,Liolaemidae,Liolaemus,Liolaemus fuscus,11.36879333,492.0560459,24.24339293,0.108063417,669.6757661,98.53414687,110.2161672,40.03964383
Iguania,Liolaemidae,Liolaemus,Liolaemus nitidus,11.43356094,495.0139773,23.81167049,-0.114324328,424.7782138,108.0802183,40.13547926,1.331473534
Iguania,Liolaemidae,Liolaemus,Liolaemus monticola,11.34792418,497.782961,24.17791743,-0.070511807,591.3536578,101.3481253,426.5312683,16.2182934
Iguania,Liolaemidae,Liolaemus,Liolaemus lemniscatus,10.67184463,468.4493247,23.45042876,0.052593998,883.6950195,87.90305632,20.91288081,0.139141279
Iguania,Liolaemidae,Liolaemus,Liolaemus paulinae,11.23056175,273.3072893,21.42648239,-1.11571556,23.40303165,231.0916184,53.27240399,0.11747535
Iguania,Liolaemidae,Liolaemus,Liolaemus isabelae,5.311437734,353.4760556,15.72643862,-6.815410654,28.51149118,102.9581329,136.461444,41.84612684
Iguania,Liolaemidae,Liolaemus,Liolaemus platei,12.50520362,406.3223343,23.2154536,1.551933332,229.1453998,115.7182004,518.9617629,299.4666439
Iguania,Liolaemidae,Liolaemus,Liolaemus nigromaculatus,17.51529129,314.6937606,26.42203554,7.300574303,65.83839652,155.1617816,85.05936115,47.01809453
Iguania,Liolaemidae,Liolaemus,Liolaemus pseudolemniscatus,15.89903555,446.4658857,26.50345385,4.745758433,184.4534437,116.558776,280.8874504,12.07145234
Iguania,Liolaemidae,Liolaemus,Liolaemus atacamensis,15.11053515,323.7692001,24.44497466,4.302281925,41.43877421,151.4133309,570.4242083,170.9853381
Iguania,Liolaemidae,Liolaemus,Liolaemus zapallarensis,16.06666537,423.7225461,26.37228147,5.684404919,327.133105,112.9112633,175.1288605,3.415335463
Iguania,Liolaemidae,Liolaemus,Liolaemus uptoni,8.880699774,559.3690181,22.80840858,-2.642776524,208.4277652,19.62697517,132.4707113,35.94714086
Iguania,Liolaemidae,Liolaemus,Liolaemus somuncurae,10.31851278,599.8042409,24.22687839,-2.492408985,237.1115414,20.51355538,127.6934508,6.31076216
Iguania,Liolaemidae,Liolaemus,Liolaemus escarchadosi,6.824315387,442.1754339,16.75931121,-2.24627671,157.6168557,26.97205443,126.3446104,10.96647732
Iguania,Liolaemidae,Liolaemus,Liolaemus tari,3.524865562,395.3004194,12.67686599,-4.737932889,228.5411917,36.13400731,517.9763118,15.88212025
Iguania,Liolaemidae,Liolaemus,Liolaemus baguali,6.471791479,446.8382906,16.75404869,-2.696507012,96.9151892,34.26197407,377.8503437,25.95902347
Iguania,Liolaemidae,Liolaemus,Liolaemus archeforus,4.862049204,393.2671322,14.50034076,-3.860853964,519.122596,41.50465963,563.3393413,27.57655865
Iguania,Liolaemidae,Liolaemus,Liolaemus tristis,6.738546785,486.4930162,18.51177209,-3.555567172,138.5873497,33.88133821,213.1820862,2.320188469
Iguania,Liolaemidae,Liolaemus,Liolaemus chacabucoense,4.337791287,403.5008612,14.10065856,-4.709118541,251.3257345,43.26443769,381.1763949,7.909337715
Iguania,Liolaemidae,Liolaemus,Liolaemus zullyae,2.670716253,394.564573,12.34275482,-6.157520661,322.5730028,51.96280992,68.3758465,40.43933409
Iguania,Liolaemidae,Liolaemus,Liolaemus scolaroi,3.656676737,389.9637462,13.2421148,-5.088217523,331.0712991,53.53716012,122.8706468,7.245325099
Iguania,Liolaemidae,Liolaemus,Liolaemus sarmientoi,6.770175213,414.1273341,16.0972075,-1.768353201,245.46382,24.07978489,117.0142615,30.47775891
Iguania,Liolaemidae,Liolaemus,Liolaemus gallardoi,5.186808965,453.5461396,16.02698737,-4.466442412,172.5880964,28.59214422,168.5240951,2.109981865
Iguania,Liolaemidae,Liolaemus,Liolaemus kingii,8.39403463,472.626012,19.70687702,-1.532857542,200.2771486,31.44996378,496.875,30.16666667
Iguania,Liolaemidae,Liolaemus,Liolaemus magellanicus,4.757491938,359.2545693,12.94447221,-2.84070945,380.9204348,26.72063933,182.466911,37.33252063
Iguania,Liolaemidae,Liolaemus,Liolaemus lineomaculatus,8.239622867,466.8731147,19.56162366,-1.492876204,255.44694,35.09658804,76.20802826,32.90566611
Iguania,Liolaemidae,Liolaemus,Liolaemus morandae,6.965451717,407.3566063,17.25476164,-1.804456051,328.1139015,46.5892877,105.4828812,37.28897775
Iguania,Liolaemidae,Liolaemus,Liolaemus avilai,3.379411765,444.2676471,14.20882353,-6.194117647,133.4117647,43.73529412,98.27152318,4.111479029
Iguania,Liolaemidae,Liolaemus,Liolaemus silvanae,2.733190295,420.9933652,13.04621225,-6.473361941,222.5248391,51.13236508,58.06682004,13.81438879
Iguania,Liolaemidae,Liolaemus,Liolaemus kolengh,1.499723866,397.523787,11.24039448,-7.374674556,301.7877712,51.95542406,546.4411453,48.10710498
Iguania,Liolaemidae,Liolaemus,Liolaemus hatcheri,3.783645783,423.5980573,13.83283795,-5.254039178,168.4858669,32.32342561,135.0160612,4.956787763
Iguania,Liolaemidae,Liolaemus,Liolaemus chacoensis,20.62931904,462.7492441,30.84283915,8.308303445,632.499548,79.31095732,142.2865142,53.10172461
Iguania,Liolaemidae,Liolaemus,Liolaemus olongasta,11.06937898,533.9153822,23.94794311,-2.790259419,116.9728384,76.35697333,140.93966,41.16646294
Iguania,Liolaemidae,Liolaemus,Liolaemus grosseorum,14.22296438,611.2947948,28.32522221,0.114250254,352.6652877,40.7033485,303.8505508,11.07815423
Iguania,Liolaemidae,Liolaemus,Liolaemus laurenti,14.32863446,469.3616163,24.42642849,0.637264608,165.0807059,105.9609383,546.9113657,49.50199074
Iguania,Liolaemidae,Liolaemus,Liolaemus darwinii,14.64255268,554.1873367,27.13507057,1.564118855,346.7526357,54.28802943,77.17051451,40.10735488
Iguania,Liolaemidae,Liolaemus,Liolaemus uspallatensis,5.335357694,584.3733402,19.10905816,-7.697889861,137.2599074,54.0113227,66.71443197,38.05655581
Iguania,Liolaemidae,Liolaemus,Liolaemus koslowskyi,13.91516366,446.2532054,23.51217558,0.285344656,238.0164853,100.9457202,653.6723127,28.97003257
Iguania,Liolaemidae,Liolaemus,Liolaemus abaucan,12.01266556,404.938521,22.52348234,-1.308029801,126.8291943,113.2006071,1112.653978,545.4114626
Iguania,Liolaemidae,Liolaemus,Liolaemus quilmes,10.90527817,360.7561307,19.42614632,-1.259337002,609.2145235,108.6136811,33.42643781,0
Iguania,Liolaemidae,Liolaemus,Liolaemus espinozai,6.407212638,381.4810019,15.45460403,-6.360112243,427.3899397,103.3714404,50.9983165,29.97979798
Iguania,Liolaemidae,Liolaemus,Liolaemus lavillai,6.838110628,354.7388067,15.65364823,-5.334331883,470.2604102,116.0120572,281.4438739,5.297033233
Iguania,Liolaemidae,Liolaemus,Liolaemus calchaqui,13.07030761,393.1997605,21.50292872,1.058371707,1160.48904,89.20261558,150.1774837,41.85261275
Iguania,Liolaemidae,Liolaemus,Liolaemus ornatus,6.516014177,243.7633546,15.3433971,-4.450475609,452.9585252,116.6715294,307.286647,6.158101372
Iguania,Liolaemidae,Liolaemus,Liolaemus albiceps,4.523089592,355.4881094,13.81660079,-7.894960474,435.5247036,115.7348485,910.3731239,6.526312456
Iguania,Liolaemidae,Liolaemus,Liolaemus irregularis,4.567251462,350.1365782,14.38078733,-7.85738839,380.8351876,117.3639994,449.6050392,8.446685639
Iguania,Liolaemidae,Liolaemus,Liolaemus crepuscularis,8.932556802,414.557147,17.90063273,-4.439660627,361.1673857,94.49928099,68.07930383,35.19177407
Iguania,Liolaemidae,Liolaemus,Liolaemus telsen,11.69836193,594.9939702,25.59613782,-1.033785215,212.6829062,19.72611735,93.11140167,29.64990344
Iguania,Liolaemidae,Liolaemus,Liolaemus boulengeri,10.97839172,536.6956235,23.8624373,-0.484638511,245.303064,32.46848622,36.17980928,0.051574688
Iguania,Liolaemidae,Liolaemus,Liolaemus tehuelche,9.310055788,547.8877266,23.33859135,-1.507266388,284.7131102,45.61171548,146.7812689,36.20302115
Iguania,Liolaemidae,Liolaemus,Liolaemus inacayali,9.704454067,584.1422703,24.05256418,-2.071157851,215.6115682,29.45680998,78.3198347,42.21164598
Iguania,Liolaemidae,Liolaemus,Liolaemus senguer,9.155000805,445.585251,20.5167887,-0.302124236,223.7599775,45.24565497,121.8440382,38.88765445
Iguania,Liolaemidae,Liolaemus,Liolaemus rothi,9.751636243,560.3923898,23.67547364,-1.774160268,285.9568007,34.34353994,143.0849267,7.975157818
Iguania,Liolaemidae,Liolaemus,Liolaemus sagei,10.58836294,556.0439313,25.06779195,-1.183863161,261.7047869,54.5501046,108.4390244,35.98004435
Iguania,Liolaemidae,Liolaemus,Liolaemus sitesi,10.92633371,611.5476731,25.66969353,-3.207945516,237.4120318,25.06356413,132.0232987,26.76028549
Iguania,Liolaemidae,Liolaemus,Liolaemus loboi,7.226855792,433.4213712,19.21044917,-1.596122931,912.0978723,66.27470449,132.2145957,33.80276134
Iguania,Liolaemidae,Liolaemus,Liolaemus tromen,7.701145585,545.020716,22.09422434,-4.342100239,350.8210024,70.62577566,89.81481481,6
Iguania,Liolaemidae,Liolaemus,Liolaemus hermannunezi,5.03552492,480.266596,18.86797455,-5.779745493,989.2110286,76.45174973,438.1875269,14.74386265
Iguania,Liolaemidae,Liolaemus,Liolaemus casamiquelai,9.592545768,587.6049503,24.11505624,-2.174016912,192.3369182,26.69444216,38.68867425,15.6840434
Iguania,Liolaemidae,Liolaemus,Liolaemus goetschi,14.01998411,584.7207294,27.27633035,1.54487872,235.9263129,22.73351556,32.80453132,7.337183474
Iguania,Liolaemidae,Liolaemus,Liolaemus morenoi,11.03331857,559.5386945,25.45567561,-0.560139344,251.8967614,52.19481593,463.1598109,76.58297872
Iguania,Liolaemidae,Liolaemus,Liolaemus martorii,15.24935377,570.4756462,27.91307238,3.206453102,259.5289882,20.85210487,368.1637042,5.165071473
Iguania,Liolaemidae,Liolaemus,Liolaemus melanops,13.20951905,588.2685995,26.77468501,0.640606376,212.4218517,21.44947345,517.6478342,39.59180351
Iguania,Liolaemidae,Liolaemus,Liolaemus canqueli,11.00302485,534.7372078,24.15915776,-0.443441322,199.9377806,34.93996749,58.64705882,16
Iguania,Liolaemidae,Liolaemus,Liolaemus chehuachekenk,8.94353562,551.6966689,22.81670515,-2.252770449,220.451847,24.40155013,297.56217,37.53002628
Iguania,Liolaemidae,Liolaemus,Liolaemus xanthoviridis,13.06833169,522.7036584,25.05902162,1.771633601,229.542423,21.75535857,56.3953999,20.93382122
Iguania,Liolaemidae,Liolaemus,Liolaemus fitzingerii,8.794359768,477.2117455,20.24827156,-1.35297371,246.7107385,30.03881024,177.1140511,5.034671533
Iguania,Liolaemidae,Liolaemus,Liolaemus mapuche,9.541656499,533.8849114,23.66652838,-1.88728342,438.4120504,54.55202792,126.0068869,5.962014419
Iguania,Liolaemidae,Liolaemus,Liolaemus donosobarrosi,14.44182733,620.8349392,28.91676345,0.165971351,298.4977003,35.13012776,602.8755088,62.37573496
Iguania,Liolaemidae,Liolaemus,Liolaemus josei,10.77334271,587.5841793,24.71358447,-2.710002854,374.0275807,37.52346298,64.75745508,27.8354541
Iguania,Liolaemidae,Liolaemus,Liolaemus puelche,9.767849224,592.0443459,24.23858093,-3.31308204,241.1685144,42.15964523,288.3792606,12.46652424
Iguania,Liolaemidae,Liolaemus,Liolaemus cuyanus,16.09267027,525.2866549,27.41054942,2.100632051,204.862629,85.84139303,334.8502087,20.15672772
Iguania,Liolaemidae,Liolaemus,Liolaemus scapularis,11.03424264,385.0491888,19.78594401,-1.805484566,524.3836324,103.9731515,401.9146766,14.08455851
Iguania,Liolaemidae,Liolaemus,Liolaemus wiegmannii,16.27697123,516.5391526,27.69093148,4.019978797,753.0632611,47.55191411,467.826087,44.39130435
Iguania,Liolaemidae,Liolaemus,Liolaemus azarai,20.97961376,425.6675436,30.76175978,10.03187506,1486.41344,31.13311656,335.1149539,5.444664032
Iguania,Liolaemidae,Liolaemus,Liolaemus salinicola,13.93696668,426.5096668,23.95802375,0.363278437,174.7625431,106.9243202,169.4684344,1.640352452
Iguania,Liolaemidae,Liolaemus,Liolaemus cuyumhue,16.73939394,641.6148148,31.93956229,2.312457912,160.969697,21.15824916,290.7971559,1.885496183
Iguania,Liolaemidae,Liolaemus,Liolaemus riojanus,16.75757818,540.6766206,28.4314483,2.412251769,146.4177129,91.64711253,757.4260715,151.5852586
Iguania,Liolaemidae,Liolaemus,Liolaemus multimaculatus,14.7030991,469.2961292,24.91566599,5.011460434,702.404625,23.3335947,131.6810597,67.89853285
Iguania,Liolaemidae,Liolaemus,Liolaemus occipitalis,18.39469945,335.3211874,26.11912947,9.557497152,1583.620886,18.61020341,399.0251438,10.27746185
Iguania,Liolaemidae,Liolaemus,Liolaemus lutzae,23.22316793,190.1488133,29.05112936,17.27229313,1328.839416,51.84016922,168.0058406,8.139775944
Iguania,Liolaemidae,Liolaemus,Liolaemus anomalus,16.98857497,542.6081007,28.6290757,2.908431645,208.3381332,86.50072065,133.5840606,5.787064689
Iguania,Liolaemidae,Liolaemus,Liolaemus pseudoanomalus,14.9265498,504.5643081,25.61599982,0.995948953,200.2748535,100.6630637,71.83708013,9.720028348
Iguania,Liolaemidae,Liolaemus,Liolaemus lentus,16.26982001,612.7814985,29.94663039,2.14152365,377.3026371,44.36458769,73.72039168,0.275998856
Iguania,Liolaemidae,Liolaemus,Liolaemus orientalis,9.190400423,293.8752959,18.92827958,-2.822416153,437.8846145,116.6452528,122.3689369,28.04918372
Iguania,Liolaemidae,Liolaemus,Liolaemus eleodori,3.050244336,508.7582408,15.75930697,-10.18693914,66.23456242,56.09462461,244.5277538,13.75323555
Iguania,Liolaemidae,Liolaemus,Liolaemus vallecurensis,9.187548956,531.6354579,21.91333044,-3.773151047,131.3901995,93.90236744,590.0542536,73.62960295
Iguania,Liolaemidae,Liolaemus,Liolaemus andinus,2.323664212,344.4186034,13.49842754,-10.03237554,53.16001546,111.2609214,954.8809374,37.30704296
Iguania,Liolaemidae,Liolaemus,Liolaemus famatinae,5.682944551,436.685086,15.65456979,-7.640611855,172.4707457,108.0646272,158.2356179,33.73018464
Iguania,Liolaemidae,Liolaemus,Liolaemus ruibali,5.732432291,577.3403534,19.6061487,-7.505615393,118.8945415,52.10221688,142.7547465,0.719349626
Iguania,Liolaemidae,Liolaemus,Liolaemus fabiani,12.02693542,306.8337545,23.37091857,-1.019494585,23.70377056,144.2635379,616.8665539,110.1950544
Iguania,Liolaemidae,Liolaemus,Liolaemus audituvelatus,9.121855902,300.665439,20.21297845,-3.608250241,29.59231264,168.6674172,523.6158953,191.6352583
Iguania,Liolaemidae,Liolaemus,Liolaemus jamesi,2.979479665,253.5376957,13.16480416,-8.108496533,73.14552212,166.724698,65.55342987,24.04048198
Iguania,Liolaemidae,Liolaemus,Liolaemus stolzmanni,9.318137476,127.7254311,15.55069566,1.27768588,810.4884162,93.15171017,83.50621298,45.76278655
Iguania,Liolaemidae,Liolaemus,Liolaemus torresi,13.694282,282.4565952,23.86445744,0.83079922,14.40805718,216.9350227,73.15917893,41.05538342
Iguania,Liolaemidae,Liolaemus,Liolaemus molinai,1.703633763,324.2662732,12.67615165,-9.950579399,46.68984263,126.887196,163.1381331,38.04185852
Iguania,Liolaemidae,Liolaemus,Liolaemus dorbignyi,4.716088768,322.0797109,14.96403912,-7.559763677,215.637227,136.8258558,415.316528,49.74409714
Iguania,Liolaemidae,Liolaemus,Liolaemus multicolor,5.289631214,347.449914,15.30793595,-7.451405002,439.152124,117.2749349,604.5604833,127.5066327
Iguania,Liolaemidae,Liolaemus,Liolaemus huacahuasicus,4.541693811,393.327557,12.90136808,-7.747557003,1066.244951,89.68599349,64.18232075,30.27476481
Iguania,Liolaemidae,Ctenoblepharys,Ctenoblepharys adspersa,21.66967239,138.4838343,25.98313454,16.84827449,18.11903626,135.7377545,14.77798982,0.585639313
Iguania,Leiocephalidae,Leiocephalus,Leiocephalus schreibersii,24.04470434,137.779499,29.35452853,18.37069343,1207.003572,45.67051485,342.4091921,7.929700821
Iguania,Leiocephalidae,Leiocephalus,Leiocephalus personatus,24.07838439,129.6141711,28.89858731,18.89905107,1440.231567,40.18997132,854.3505699,154.7952559
Iguania,Leiocephalidae,Leiocephalus,Leiocephalus psammodromus,26.49842767,149.4531447,29.10298742,23.93490566,694.1053459,38.34119497,1296.605344,667.8950393
Iguania,Leiocephalidae,Leiocephalus,Leiocephalus barahonensis,23.44893852,111.2234216,27.30941549,19.15450786,980.5368073,54.06341329,1170.595647,94.20648717
Iguania,Leiocephalidae,Leiocephalus,Leiocephalus raviceps,24.81027052,136.9987671,29.01838606,20.17276479,1185.141271,49.7585715,2336.142857,494.0714286
Iguania,Leiocephalidae,Leiocephalus,Leiocephalus carinatus,25.19797844,176.0759666,29.83517059,19.99870281,1294.252612,57.14518915,1077.417538,131.3517303
Iguania,Corytophanidae,Basiliscus,Basiliscus vittatus,25.05629537,131.2257386,30.49881399,19.75385835,1907.237148,64.96374327,912.2581207,123.1783089
Iguania,Corytophanidae,Basiliscus,Basiliscus plumifrons,25.42883776,63.45170095,29.2885778,22.16086992,2906.011903,51.49670757,1256.624369,223.2499387
Iguania,Corytophanidae,Basiliscus,Basiliscus basiliscus,24.82986108,36.44636018,28.25112817,21.72844254,2548.548833,50.39457076,995.5694433,229.6522302
Iguania,Corytophanidae,Basiliscus,Basiliscus galeritus,22.45132319,37.08071095,25.98752547,18.95328418,2781.458394,48.16980289,1044.796165,362.3564461
Iguania,Corytophanidae,Laemanctus,Laemanctus longipes,24.57577941,166.061935,30.46900067,18.56541709,2077.194551,59.65915319,1502.779087,63.21913019
Iguania,Corytophanidae,Corytophanes,Corytophanes percarinatus,19.57103433,100.1335185,25.4703945,13.54756781,1900.087926,80.88833325,978.1233857,68.59776734
Iguania,Corytophanidae,Corytophanes,Corytophanes cristatus,24.44203386,75.92583348,28.53811303,20.68401754,2748.011581,48.05932438,1098.569359,255.7575372
Iguania,Dactyloidae,Anolis,Anolis bonairensis,21.62682927,43.18780488,24.53902439,18.80243902,3037.268293,54.43902439,1185.707317,254.5609756
Iguania,Dactyloidae,Anolis,Anolis luciae,21.39809804,24.05850942,24.22802458,18.62665687,3483.029758,36.23723788,1199.118445,415.5939094
Iguania,Dactyloidae,Anolis,Anolis aeneus,25.02111359,51.03547943,28.73293721,21.71702626,2556.071647,36.64808527,1027.926226,352.7687712
Iguania,Dactyloidae,Anolis,Anolis extremus,24.64649121,60.19702541,29.33735587,20.6671314,1168.653373,64.50855777,532.6099393,47.5735291
Iguania,Dactyloidae,Anolis,Anolis roquet,25.92682574,86.01612437,27.60296457,24.11171367,2432.394071,38.15762834,933.1916124,298.9768619
Iguania,Dactyloidae,Anolis,Anolis richardii,26.09837963,66.07638889,27.62685185,24.55740741,1939.113426,45.83796296,779.1412037,184.8541667
Iguania,Dactyloidae,Anolis,Anolis trinitatis,25.21770335,71.76172249,26.73397129,23.58755981,2275.739234,39.80143541,843.007177,256.8588517
Iguania,Dactyloidae,Anolis,Anolis griseus,25.21770335,71.76172249,26.73397129,23.58755981,2275.739234,39.80143541,843.007177,256.8588517
Iguania,Dactyloidae,Anolis,Anolis punctatus,24.75523994,70.81851683,29.56193503,20.61158542,2224.002767,51.54940847,941.7454997,209.1951275
Iguania,Dactyloidae,Anolis,Anolis phyllorhinus,25.35110274,48.50736064,30.45684063,21.3034327,2284.552969,58.08110272,996.6858213,122.1508322
Iguania,Dactyloidae,Anolis,Anolis transversalis,24.78062388,44.65504662,28.39784483,21.16018275,2634.310475,32.58633547,932.4431539,372.5590953
Iguania,Dactyloidae,Anolis,Anolis jacare,17.98799182,43.15465448,22.55422766,13.25301332,1625.959001,46.37410202,672.2744898,140.5275482
Iguania,Dactyloidae,Anolis,Anolis anatoloros,20.00621501,40.24176932,24.70223964,15.4399776,1725.551512,52.9731243,701.3152296,100.2161254
Iguania,Dactyloidae,Anolis,Anolis tigrinus,21.97280459,49.85921677,25.70884098,18.2930182,1139.582476,51.76344937,474.2138054,73.9193038
Iguania,Dactyloidae,Anolis,Anolis calimae,18.37447659,22.66907464,21.35443503,15.66054019,2572.759629,25.13856481,885.5688029,460.9657983
Iguania,Dactyloidae,Anolis,Anolis dissimilis,20.888225,85.72688889,25.12418889,15.04745833,2039.752236,49.53506944,856.0929167,209.8761667
Iguania,Dactyloidae,Anolis,Anolis neblininus,18.62192691,34.15802879,21.87109635,15.62070875,2974.337763,22.01882614,1026.802879,563.0454042
Iguania,Dactyloidae,Anolis,Anolis agassizi,26.1,40.26666667,27.4,25.1,2122.333333,32,699,185
Iguania,Dactyloidae,Anolis,Anolis insignis,24.50353473,33.25691075,27.25087785,22.26736177,3007.802988,45.66936719,1141.989168,228.0796173
Iguania,Dactyloidae,Anolis,Anolis microtus,17.97366423,43.77854624,21.80163412,15.1918294,3362.47281,45.30438025,1286.896393,294.0402766
Iguania,Dactyloidae,Anolis,Anolis ginaelisae,19.04467213,57.62035519,23.64153005,15.93114754,2511.698087,58.12431694,1079.938525,129.5068306
Iguania,Dactyloidae,Anolis,Anolis fraseri,17.76244613,31.04903335,21.61307044,13.87862861,2128.270557,45.29371249,843.2110509,264.958364
Iguania,Dactyloidae,Anolis,Anolis danieli,17.01226197,22.93409676,19.95912249,14.19364385,2305.676788,36.77804941,849.4476325,258.3283582
Iguania,Dactyloidae,Anolis,Anolis ibanezi,22.66201475,51.0646973,26.71973418,19.82340546,2671.606208,48.19515358,1047.703055,209.7285842
Iguania,Dactyloidae,Anolis,Anolis kunayalae,24.96519557,31.61459419,27.27557534,23.19663794,2704.159295,53.97338763,1141.639076,119.7604887
Iguania,Dactyloidae,Anolis,Anolis princeps,22.61624516,38.62796591,25.73753572,19.1424357,2855.293328,58.66049164,1204.4935,358.5937761
Iguania,Dactyloidae,Anolis,Anolis frenatus,23.77242665,28.81202089,26.91933522,20.86968076,2908.023069,40.91736319,1054.099883,283.877776
Iguania,Dactyloidae,Anolis,Anolis casildae,18.44827586,53.7045977,22.80114943,15.44166667,2742.33046,53.89942529,1106.83908,157.8218391
Iguania,Dactyloidae,Anolis,Anolis maculigula,20.1792993,21.6508634,22.8547414,17.63913785,3523.190863,28.58769192,1146.924978,528.9076686
Iguania,Dactyloidae,Anolis,Anolis euskalerriari,16.79938237,41.82349803,20.96866929,12.51698484,1608.706906,55.71139809,705.0547445,84.21813588
Iguania,Dactyloidae,Anolis,Anolis inderenae,11.69532164,26.55251462,16.10064327,7.037777778,1196.325731,42.49473684,466.974269,139.9233918
Iguania,Dactyloidae,Anolis,Anolis vanzolinii,17.77884375,41.61145486,22.19757986,13.46772569,2240.299306,23.83663194,734.1139236,389.1899306
Iguania,Dactyloidae,Anolis,Anolis heterodermus,18.47888379,28.46949706,22.52901984,14.78401109,2156.614028,35.60974479,802.0056588,283.6776952
Iguania,Dactyloidae,Anolis,Anolis nicefori,19.47255654,42.39198685,24.02058847,15.08331638,1745.650129,52.72759997,776.151342,124.4190469
Iguania,Dactyloidae,Anolis,Anolis podocarpus,18.09114004,66.38697999,23.88837726,12.53928231,1683.420133,18.94379168,548.524611,319.929819
Iguania,Dactyloidae,Anolis,Anolis fitchi,17.9348642,48.24085394,22.58579563,13.20416993,2696.785555,22.0968026,890.0278452,471.6043558
Iguania,Dactyloidae,Anolis,Anolis gemmosus,13.84213512,25.83109571,17.85326981,9.693759203,1525.741273,45.50060632,646.1842356,137.1497185
Iguania,Dactyloidae,Anolis,Anolis poei,19.65803922,37.92972136,24.1527967,14.54646027,2109.934572,79.98513932,1144.893705,94.67781218
Iguania,Dactyloidae,Anolis,Anolis otongae,18.45909091,28.89090909,22.45909091,14.12272727,2667.818182,63.68181818,1296.454545,195.1818182
Iguania,Dactyloidae,Anolis,Anolis aequatorialis,19.85424625,36.70656022,23.5553762,15.84814008,2141.655521,59.6366752,949.7309515,238.0042622
Iguania,Dactyloidae,Anolis,Anolis anoriensis,16.1846002,27.26689701,19.63642646,13.02089503,2641.035867,41.40835801,979.6531754,260.5100362
Iguania,Dactyloidae,Anolis,Anolis ventrimaculatus,17.33860249,22.83234099,20.70768576,14.26678883,2464.670997,31.50689547,886.9111404,357.8715045
Iguania,Dactyloidae,Anolis,Anolis chloris,22.72740653,28.55605286,25.53778394,19.91993122,3802.814507,36.88717881,1306.622802,567.1120227
Iguania,Dactyloidae,Anolis,Anolis peraccae,20.39870171,38.02822484,23.78154508,16.62920364,2375.760426,58.10351329,1045.634842,262.5412405
Iguania,Dactyloidae,Anolis,Anolis festae,24.5234408,56.32791924,27.98256713,20.11455346,1710.272733,92.66443614,1037.537383,67.89302164
Iguania,Dactyloidae,Anolis,Anolis huilae,20.46044461,34.66713284,25.01337329,16.19914693,1921.597882,37.23534075,730.461136,248.6677766
Iguania,Dactyloidae,Anolis,Anolis singularis,21.75700396,114.0866763,26.01159525,17.02083183,986.6913936,54.83147281,430.8552395,84.21137919
Iguania,Dactyloidae,Anolis,Anolis aliniger,22.0833322,136.4695943,27.72845581,15.94905068,1272.120612,46.49088239,506.6778104,131.7650253
Iguania,Dactyloidae,Anolis,Anolis chlorocyanus,24.06470497,130.7161148,28.91016622,18.85224478,1370.830024,40.7611009,518.0730394,169.4136136
Iguania,Dactyloidae,Anolis,Anolis coelestinus,24.29979221,110.0620156,27.87477403,20.44362597,1247.59226,49.3065974,535.8701299,135.6408312
Iguania,Dactyloidae,Anolis,Anolis smallwoodi,24.67511578,129.8744399,28.01378145,21.08532983,1067.149831,51.84578796,507.2582301,115.275629
Iguania,Dactyloidae,Anolis,Anolis noblei,24.11894518,131.3517002,28.25806574,19.48750237,1276.738376,51.17639266,552.5040691,122.4326541
Iguania,Dactyloidae,Anolis,Anolis luteogularis,25.3395219,190.4235125,29.66842174,20.15839295,1409.739661,55.10430117,609.0099895,129.3601466
Iguania,Dactyloidae,Anolis,Anolis equestris,25.2000579,177.5128993,30.32093235,19.44131521,1338.235415,60.46763959,604.2488272,100.4314919
Iguania,Dactyloidae,Anolis,Anolis baracoae,25.02095672,130.1989977,27.72692483,22.27685649,896.129385,48.21640091,432.5111617,126.2154897
Iguania,Dactyloidae,Anolis,Anolis monticola,24.85321752,98.70922437,27.08551505,22.59515537,1625.574994,42.52605823,701.6584292,222.6934182
Iguania,Dactyloidae,Anolis,Anolis koopmani,25.32013233,97.19924386,27.49574669,23.09716446,1901.786389,46.52646503,871.5708885,244.9763705
Iguania,Dactyloidae,Anolis,Anolis hendersoni,23.75159677,111.3875806,27.7391129,19.45540323,1233.766129,48.96080645,516.1208065,119.6464516
Iguania,Dactyloidae,Anolis,Anolis dolichocephalus,25.23455347,99.06648291,27.43120176,23.01541345,1603.622051,42.25027563,690.3576626,220.9038589
Iguania,Dactyloidae,Anolis,Anolis bahorucoensis,21.95706819,110.1627703,25.86735567,17.57650273,936.2832027,55.44072226,413.4832502,82.73818009
Iguania,Dactyloidae,Anolis,Anolis darlingtoni,23.844,97.964,25.968,21.668,1583.72,37.96,637.16,236.68
Iguania,Dactyloidae,Anolis,Anolis occultus,24.83878155,108.5432378,26.87588034,22.74493612,1681.893425,34.85369274,618.775631,214.7644126
Iguania,Dactyloidae,Anolis,Anolis vermiculatus,24.86643741,190.043451,29.28862907,19.54268684,1452.25982,51.3157573,603.6512303,136.4442916
Iguania,Dactyloidae,Anolis,Anolis bartschi,24.91737079,184.7078202,29.30078652,19.66957303,1453.480674,53.19775281,612.5150562,125.6919101
Iguania,Dactyloidae,Anolis,Anolis insolitus,17.94871376,124.2854226,23.25786035,12.0242548,1470.596162,33.27807268,531.0971825,201.6259698
Iguania,Dactyloidae,Anolis,Anolis fowleri,16.15650183,119.717674,21.36263736,10.29908425,1422.663004,34.98992674,513.3131868,184.0576923
Iguania,Dactyloidae,Anolis,Anolis etheridgei,19.03255753,126.8641213,24.39089958,13.07949791,1499.232218,31.86480126,538.0692992,214.6984833
Iguania,Dactyloidae,Anolis,Anolis barbouri,22.29217526,121.9395018,26.97495274,17.10433432,1036.303065,54.51836349,443.2766676,87.07115852
Iguania,Dactyloidae,Anolis,Anolis olssoni,23.6380779,131.5959632,28.67870147,18.19522076,1314.920777,43.68011223,507.5580618,150.7402468
Iguania,Dactyloidae,Anolis,Anolis semilineatus,24.15448234,127.0982514,28.7578023,19.20599465,1374.232341,41.59798284,528.5512203,168.9193915
Iguania,Dactyloidae,Anolis,Anolis alumina,23.36594982,109.5358423,27.06429709,19.2258861,943.6837913,54.74990044,418.1664675,87.6744325
Iguania,Dactyloidae,Anolis,Anolis barbatus,24.16027607,190.2927914,29.02392638,18.36733129,1554.917689,54.8404908,679.3353783,131.9698364
Iguania,Dactyloidae,Anolis,Anolis porcus,24.71144524,135.6748169,28.93982545,20.02695577,1215.069006,49.70195351,526.2528263,126.8641585
Iguania,Dactyloidae,Anolis,Anolis guamuhaya,22.91930185,179.4909651,27.95982204,17.01430527,1847.319644,64.04996578,858.513347,125.9705681
Iguania,Dactyloidae,Anolis,Anolis chamaeleonides,25.03698924,186.0577292,29.83234508,19.43572241,1384.467139,58.24900161,611.1436355,116.0777552
Iguania,Dactyloidae,Anolis,Anolis cuvieri,25.14482178,109.3277771,27.19204148,23.04051847,1694.500194,33.84912508,610.9927414,218.2876215
Iguania,Dactyloidae,Anolis,Anolis christophei,23.13582944,130.3699942,28.20050412,17.62806806,1622.169721,33.42892401,577.1769679,229.8731292
Iguania,Dactyloidae,Anolis,Anolis baleatus,24.39909348,120.4716932,28.59738887,19.81610047,1568.066679,36.14016384,566.6423322,211.7792435
Iguania,Dactyloidae,Anolis,Anolis barahonae,23.20874556,109.8936321,26.93468161,19.02836841,978.8731894,54.98278218,432.5698278,91.54851052
Iguania,Dactyloidae,Anolis,Anolis ricordii,23.92215366,134.6494441,29.08976021,18.43113854,1308.154209,45.09810201,522.2696503,144.0825327
Iguania,Dactyloidae,Anolis,Anolis eugenegrahami,24.26179402,143.7337209,29.38521595,19.01976744,1556.644518,22.19933555,494.8687708,286.8421927
Iguania,Dactyloidae,Anolis,Anolis guafe,26.0078105,126.4204866,29.7006402,21.80870679,1040.854033,54.41485275,474.4673496,87.83354673
Iguania,Dactyloidae,Anolis,Anolis homolechis,25.08556681,171.0447051,29.8774019,19.64915508,1326.33469,57.93828656,590.9911711,108.224422
Iguania,Dactyloidae,Anolis,Anolis jubar,25.13284059,149.6055789,29.77254462,20.04225543,1230.106413,54.97001582,540.6758706,107.2174902
Iguania,Dactyloidae,Anolis,Anolis confusus,25.36666667,125.2583333,29.15,20.99166667,1085.916667,53.33333333,495.8333333,94
Iguania,Dactyloidae,Anolis,Anolis quadriocellifer,26.07135952,168.4339577,29.5563142,22.05891239,1467.41148,57.86042296,656.0006042,125.658006
Iguania,Dactyloidae,Anolis,Anolis sagrei,24.45367206,245.6372147,30.42574755,17.39742709,1342.902959,55.28387389,598.5459152,125.6845291
Iguania,Dactyloidae,Anolis,Anolis bremeri,25.65971665,179.8513232,29.6971799,20.86194868,1418.906041,54.37115744,612.1625234,124.6283079
Iguania,Dactyloidae,Anolis,Anolis ophiolepis,25.14362739,197.952704,29.80046111,19.56147717,1423.63807,57.49629899,631.7879707,124.8378029
Iguania,Dactyloidae,Anolis,Anolis mestrei,24.88224519,192.6683501,29.37020803,19.46157268,1451.172184,51.016224,603.9370666,139.9781499
Iguania,Dactyloidae,Anolis,Anolis allogus,25.21159081,161.8738302,29.80874244,20.08343201,1293.918671,55.86753217,566.190905,110.256003
Iguania,Dactyloidae,Anolis,Anolis ahli,23.28629962,179.7232394,28.33367478,17.39430218,1807.646607,64.60691421,844.322023,120.553137
Iguania,Dactyloidae,Anolis,Anolis rubribarbus,24.39886887,134.2171345,27.4660243,21.17754504,1028.903645,47.67364893,497.2434018,134.1491412
Iguania,Dactyloidae,Anolis,Anolis imias,24.51072165,127.8174227,27.35773196,21.56618557,879.7030928,50.84329897,443.3484536,112.3690722
Iguania,Dactyloidae,Anolis,Anolis utilensis,26.6,127.5363636,30.42727273,22.51818182,2666.590909,57.36363636,1316.318182,221.0454545
Iguania,Dactyloidae,Anolis,Anolis ortonii,24.97919449,72.62597627,29.97825916,20.62546791,2204.591526,54.24170834,946.7073606,193.6857612
Iguania,Dactyloidae,Anolis,Anolis laeviventris,21.68518534,104.9048477,27.91637002,16.15730936,1354.904699,72.06962361,657.8924314,59.97244448
Iguania,Dactyloidae,Anolis,Anolis pseudopachypus,19.91650295,53.12642436,24.24194499,16.89508841,2658.685658,51.77996071,1059.8222,173.0520629
Iguania,Dactyloidae,Anolis,Anolis benedikti,18.44615385,48.41681574,22.46150268,15.54747764,3035.289088,44.15706619,1148.969946,259.172093
Iguania,Dactyloidae,Anolis,Anolis pachypus,17.93019872,45.73944872,21.75140385,15.20201282,3403.705,49.77762821,1397.081282,263.3624359
Iguania,Dactyloidae,Anolis,Anolis tropidolepis,17.8955436,43.47057119,21.57386865,15.32655905,3318.184465,50.05422185,1337.81319,265.5027594
Iguania,Dactyloidae,Anolis,Anolis magnaphallus,17.00887902,48.60110988,21.05993341,14.10899001,2873.422863,43.58712542,1046.028857,241.2796892
Iguania,Dactyloidae,Anolis,Anolis kemptoni,14.89063063,47.7172973,18.91567568,11.98576577,3137.634234,44.32612613,1203.165766,258.7837838
Iguania,Dactyloidae,Anolis,Anolis fuscoauratus,24.89501884,70.5097192,29.86132051,20.7041636,2112.550429,55.30014795,908.2779312,184.3039454
Iguania,Dactyloidae,Anolis,Anolis medemi,24.93076923,26.85384615,26.63846154,23.54615385,7163.230769,21,2376,1221.384615
Iguania,Dactyloidae,Anolis,Anolis tenorioensis,19.75,58.32916667,23.93333333,17.11666667,3779.958333,51.41666667,1467.833333,214.625
Iguania,Dactyloidae,Anolis,Anolis monteverde,17.73388046,40.3663673,21.32886343,15.13851037,3424.364664,46.49550945,1333.380149,309.5563642
Iguania,Dactyloidae,Anolis,Anolis altae,18.83914199,43.56472184,22.52700249,16.20159978,3323.520011,51.07561583,1375.517299,261.0078051
Iguania,Dactyloidae,Anolis,Anolis pseudokemptoni,18.90484734,51.86414857,23.14875669,15.92370161,2768.407932,49.96380233,1077.00598,190.128423
Iguania,Dactyloidae,Anolis,Anolis gruuo,19.77623413,57.02785614,24.32172073,16.6961213,2452.277151,58.19040903,1066.031735,125.7214386
Iguania,Dactyloidae,Anolis,Anolis fortunensis,18.73274336,52.26814159,22.9460177,15.79380531,2870.924779,54.54424779,1157.314159,158.2920354
Iguania,Dactyloidae,Anolis,Anolis capito,24.51148266,96.80865868,29.09532171,20.40229254,2602.166558,53.83025543,1137.491341,195.8852461
Iguania,Dactyloidae,Anolis,Anolis tropidonotus,24.09203441,149.6124828,29.90616625,18.33734542,1710.545761,59.84752966,789.1018044,125.1950387
Iguania,Dactyloidae,Anolis,Anolis yoroensis,21.52255846,140.4667125,27.21114168,15.85061898,1582.66575,45.65749656,639.7001376,134.1155433
Iguania,Dactyloidae,Anolis,Anolis zeus,24.75621818,138.4869091,29.91214545,19.69265455,2134.527273,51.46836364,1018.010182,209.7745455
Iguania,Dactyloidae,Anolis,Anolis limifrons,24.56253416,58.76624049,28.37862087,21.55650294,2725.976639,54.67914345,1179.788008,182.4210644
Iguania,Dactyloidae,Anolis,Anolis lemurinus,25.00239415,123.1203697,29.93290267,20.29765019,2270.242301,54.61952734,974.537026,195.2319044
Iguania,Dactyloidae,Anolis,Anolis bicaorum,26.59347826,127.7695652,30.42826087,22.51086957,2671.130435,57.2826087,1317.673913,221.9782609
Iguania,Dactyloidae,Anolis,Anolis oxylophus,24.66497094,59.3889431,28.49156292,21.54816533,2926.239875,52.75706919,1266.633321,217.5806256
Iguania,Dactyloidae,Anolis,Anolis lionotus,23.54579892,65.64023456,27.74431943,20.08661867,2672.528559,57.47891017,1179.042144,177.2780592
Iguania,Dactyloidae,Anolis,Anolis trachyderma,24.81487778,44.17919011,28.51389075,21.05684868,2544.336514,36.1762617,917.1135013,321.9538049
Iguania,Dactyloidae,Anolis,Anolis poecilopus,23.79600229,25.8214135,26.76989134,20.94893477,2818.52466,44.66998056,1041.125845,238.3734888
Iguania,Dactyloidae,Anolis,Anolis townsendi,24.86538462,63.46153846,26.77307692,23.64230769,8425.192308,41.23076923,3340,881.8461538
Iguania,Dactyloidae,Anolis,Anolis tropidogaster,25.13648012,48.09493467,29.13793201,21.81949934,2575.187314,53.1817723,1064.862781,162.9766087
Iguania,Dactyloidae,Anolis,Anolis gaigei,24.02728265,47.2109702,27.43933742,21.34973829,2239.748212,62.54530614,1025.631919,85.85626103
Iguania,Dactyloidae,Anolis,Anolis rodriguezii,25.38569288,171.9756733,31.28456124,19.39039622,1588.5154,58.94337813,737.8219276,124.1237877
Iguania,Dactyloidae,Anolis,Anolis carpenteri,23.7063918,51.31977493,27.69095942,20.81478533,2704.435861,51.11745049,1058.772438,242.6033548
Iguania,Dactyloidae,Anolis,Anolis ocelloscapularis,19.58762376,137.9871287,24.7970297,14.11831683,2157.49505,47.26732673,838.1386139,181.9653465
Iguania,Dactyloidae,Anolis,Anolis humilis,24.75449668,47.78054564,27.98407735,22.49105222,2731.109819,53.83805183,1154.256687,177.6997005
Iguania,Dactyloidae,Anolis,Anolis quaggulus,25.31945509,66.45163717,29.54995949,21.86220163,2580.757639,57.31261896,1149.516629,170.1703341
Iguania,Dactyloidae,Anolis,Anolis cupreus,24.95652599,72.7149595,29.51132571,21.30625022,2331.000309,63.48248098,1085.422986,130.9347507
Iguania,Dactyloidae,Anolis,Anolis polylepis,24.65184209,59.4681935,28.35787254,22.2896329,3410.234825,59.88677256,1591.500692,172.2791801
Iguania,Dactyloidae,Anolis,Anolis osa,26.0655907,67.79225307,29.36307295,24.00258231,4544.041963,53.27501614,2064.021304,294.1387992
Iguania,Dactyloidae,Anolis,Anolis cusuco,19.89125964,138.2701799,25.03059126,14.50976864,2329.40874,43.32647815,861.655527,204.5424165
Iguania,Dactyloidae,Anolis,Anolis subocularis,26.07060606,77.64181818,30.74090909,21.02363636,1231.469697,110.6,850.5393939,7.475757576
Iguania,Dactyloidae,Anolis,Anolis boulengerianus,25.86107383,158.4151426,32.32340604,19.12063758,1076.365352,100.6258389,713.6002517,26.01048658
Iguania,Dactyloidae,Anolis,Anolis unilobatus,23.24590369,112.5782368,28.50531514,18.14465989,1850.32205,60.57659341,833.9897693,133.0612796
Iguania,Dactyloidae,Anolis,Anolis immaculogularis,25.37067039,81.47387787,30.97983048,19.52728761,1278.27933,103.8756502,823.8621653,18.11288769
Iguania,Dactyloidae,Anolis,Anolis sericeus,25.15345443,150.5479785,30.9007597,19.42210391,1758.050932,67.75067225,873.2899558,104.6768396
Iguania,Dactyloidae,Anolis,Anolis nebulosus,20.81815208,270.0636156,30.2520503,10.62248922,1009.216369,105.1920709,711.1411253,18.95278017
Iguania,Dactyloidae,Anolis,Anolis purpurgularis,21.4,135.2240741,26.76666667,16.19814815,1904.722222,42.05555556,786.0740741,192.2962963
Iguania,Dactyloidae,Anolis,Anolis loveridgei,19.89279919,137.1696755,25.51693712,14.29604462,1836.725152,45.88032454,744.7890467,161.1288032
Iguania,Dactyloidae,Anolis,Anolis reconditus,22.61257209,93.62860438,24.96966551,20.13967705,2119.303345,43.2283737,918.5028835,244.7854671
Iguania,Dactyloidae,Anolis,Anolis lineatopus,25.26570544,100.8931485,27.90061214,22.51410133,1729.818202,43.12803304,730.1428571,199.830076
Iguania,Dactyloidae,Anolis,Anolis valencienni,25.26513464,100.8932866,27.90003689,22.51355219,1729.941055,43.1253412,730.1740317,199.84692
Iguania,Dactyloidae,Anolis,Anolis opalinus,25.25597092,100.8513129,27.89049844,22.50491767,1730.100059,43.18958611,730.6401127,199.5893784
Iguania,Dactyloidae,Anolis,Anolis grahami,25.26513464,100.8932866,27.90003689,22.51355219,1729.941055,43.1253412,730.1740317,199.84692
Iguania,Dactyloidae,Anolis,Anolis conspersus,26.91018868,129.9683019,29.49433962,24.31320755,1426.6,58.97735849,665.354717,88.73207547
Iguania,Dactyloidae,Anolis,Anolis garmani,25.25210565,100.9135119,27.88718006,22.50019345,1731.41369,43.09583333,730.6479167,200.228497
Iguania,Dactyloidae,Anolis,Anolis lineatus,27.31937669,80.50934959,29.22872629,25.56666667,545.5582656,72.04336043,321.2181572,49.24932249
Iguania,Dactyloidae,Anolis,Anolis bombiceps,24.5488763,46.22851465,28.01068528,21.05935287,2908.022443,20.26288117,936.623685,521.5970456
Iguania,Dactyloidae,Anolis,Anolis brasiliensis,25.82650868,111.6398688,32.87240929,20.98875457,1619.092928,75.81520808,808.4806057,22.81849101
Iguania,Dactyloidae,Anolis,Anolis chrysolepis,25.00228108,76.7089703,30.31224276,20.37208624,2050.005409,58.89475384,914.7684918,154.569801
Iguania,Dactyloidae,Anolis,Anolis planiceps,24.92506176,73.3682452,30.07749095,20.90223158,2015.496493,58.21716184,911.3133834,176.900552
Iguania,Dactyloidae,Anolis,Anolis meridionalis,24.63188118,120.3769106,31.26177183,18.13128139,1672.776655,71.50068813,832.882275,42.16448654
Iguania,Dactyloidae,Anolis,Anolis onca,26.07476808,75.12160434,29.76376322,22.35861549,740.5631837,72.47932853,401.5257906,33.31741288
Iguania,Dactyloidae,Anolis,Anolis annectens,24.96633616,64.0825953,29.69359838,20.27900462,820.808144,53.76015595,364.0094821,52.05328263
Iguania,Dactyloidae,Anolis,Anolis auratus,24.5999336,63.27501123,29.1916494,21.01023379,2368.02043,50.16028741,1001.46301,227.4397539
Iguania,Dactyloidae,Anolis,Anolis macrinii,20.50096983,95.87219828,25.90053879,14.49418103,1057.258621,95.16487069,631.2855603,20.31681034
Iguania,Dactyloidae,Anolis,Anolis gadovii,25.6669593,75.65251397,31.34671455,19.93085927,1361.62357,111.6762437,944.1761107,8.749135408
Iguania,Dactyloidae,Anolis,Anolis microlepidotus,18.59760144,116.6063993,26.98467008,10.38773227,1249.198616,100.7877323,754.6875237,22.01725446
Iguania,Dactyloidae,Anolis,Anolis liogaster,18.11177047,111.0332942,26.40197807,10.15930278,1297.329025,105.3276537,816.0160595,19.17939679
Iguania,Dactyloidae,Anolis,Anolis taylori,26.75555556,67.075,31.52777778,21.73611111,1289.027778,114.9166667,926.0555556,6.25
Iguania,Dactyloidae,Anolis,Anolis dunni,25.21480231,123.5751749,32.88181744,17.87172144,935.3281809,111.3882607,642.0035389,7.346282135
Iguania,Dactyloidae,Anolis,Anolis omiltemanus,18.68440763,116.3252791,27.33014044,10.48501981,1152.689233,103.4256392,706.7684552,20.91969752
Iguania,Dactyloidae,Anolis,Anolis peucephilus,19.32307692,86.69230769,25.23076923,12.99230769,1210.923077,101.3076923,739.5384615,11.84615385
Iguania,Dactyloidae,Anolis,Anolis uniformis,24.18118985,160.768313,29.9282461,18.32542787,2356.521229,54.07095894,1043.385756,192.5925465
Iguania,Dactyloidae,Anolis,Anolis crassulus,19.11460935,96.44010356,25.13921627,12.98187384,1564.900806,85.12095795,834.9819305,41.2256803
Iguania,Dactyloidae,Anolis,Anolis sminthus,20.33490855,103.8337203,26.37942723,14.35915015,1346.006352,82.77795422,729.0894207,39.39831344
Iguania,Dactyloidae,Anolis,Anolis bitectus,21.63791138,44.56320531,25.62963837,17.08220777,1547.171044,81.39311566,886.8629175,78.70730023
Iguania,Dactyloidae,Anolis,Anolis biporcatus,24.87220355,64.57911088,28.77801699,21.31630554,2739.623346,50.52461248,1106.006368,254.3385312
Iguania,Dactyloidae,Anolis,Anolis woodi,20.40624543,47.63450073,24.23015728,17.76415508,3395.377103,52.48061448,1444.085955,241.2414045
Iguania,Dactyloidae,Anolis,Anolis aquaticus,24.99274689,59.80052764,28.6591038,22.65597732,3527.137187,59.30028351,1647.275161,183.7773665
Iguania,Dactyloidae,Anolis,Anolis zapotecorum,20.4500446,99.36360393,25.7985727,14.45352364,1115.036574,95.08474576,660.7002676,22.79214987
Iguania,Dactyloidae,Anolis,Anolis nebuloides,17.96999935,113.960937,25.45309821,10.32044756,1067.601845,94.49270431,615.7463849,20.40306223
Iguania,Dactyloidae,Anolis,Anolis stevepoei,20.17044793,93.70826062,26.59200116,13.47632344,1068.648051,97.97614892,633.0956952,12.61576498
Iguania,Dactyloidae,Anolis,Anolis megapholidotus,20.11276108,116.7842843,28.80998472,11.88438614,1039.4865,102.4475293,634.9325013,15.45797249
Iguania,Dactyloidae,Anolis,Anolis nietoi,21.33596404,88.68241758,28.25774226,14.33926074,1700.56044,105.8651349,1055.037962,17.2027972
Iguania,Dactyloidae,Anolis,Anolis carlliebi,16.46626374,172.3943223,24.38054945,8.172307692,1085.924908,82.93369963,581.2080586,49.15347985
Iguania,Dactyloidae,Anolis,Anolis sacamecatensis,18.17578454,160.1288993,25.88245902,10.18498829,1278.172131,83.02295082,688.6737705,67.52177986
Iguania,Dactyloidae,Anolis,Anolis quercorum,16.00247547,152.583508,24.34088983,7.490254237,722.2398528,90.07471008,398.925959,18.69959857
Iguania,Dactyloidae,Anolis,Anolis acutus,26.65909091,109.8030303,28.69431818,24.54772727,1114.098485,37.68560606,442.0075758,135.8939394
Iguania,Dactyloidae,Anolis,Anolis evermanni,25.0203563,108.9718133,27.06329236,22.91969341,1690.858859,34.20770612,615.0626985,216.0922525
Iguania,Dactyloidae,Anolis,Anolis stratulus,25.53796371,109.8088406,27.5890051,23.42897113,1611.169661,36.11370341,598.1135246,200.5129168
Iguania,Dactyloidae,Anolis,Anolis scriptus,26.65655509,148.7974895,29.24449093,24.10523013,713.7025802,46.91422594,321.2580195,91.04846583
Iguania,Dactyloidae,Anolis,Anolis cristatellus,25.55865402,109.8352486,27.6099016,23.44931471,1608.818046,36.14426287,597.1983834,200.0537691
Iguania,Dactyloidae,Anolis,Anolis desechensis,26.85,111.05,28.95,24.75,1678.5,39.5,622.5,188
Iguania,Dactyloidae,Anolis,Anolis monensis,26.7,106.5454545,28.70909091,24.61818182,1192.909091,35,450.3636364,165
Iguania,Dactyloidae,Anolis,Anolis cooki,26.65565217,109.2842029,28.69028986,24.55405797,1230.546377,49.20289855,554.0492754,118.3826087
Iguania,Dactyloidae,Anolis,Anolis poncensis,26.41827126,109.5914266,28.46008433,24.30681658,1175.392832,47.57835559,528.5291637,116.5607871
Iguania,Dactyloidae,Anolis,Anolis gundlachi,25.08934677,108.9845879,27.13151314,22.99009952,1688.169559,35.01900995,619.1657311,212.4669559
Iguania,Dactyloidae,Anolis,Anolis pulchellus,25.5532416,109.8195025,27.60437506,23.44412984,1610.339772,36.13927847,597.6804269,200.2363059
Iguania,Dactyloidae,Anolis,Anolis krugi,25.25203352,109.2980335,27.29769832,23.14848045,1655.923464,35.27798883,610.0854749,209.4087151
Iguania,Dactyloidae,Anolis,Anolis websteri,25.43649425,140.6715256,30.53409091,20.19438349,1225.455852,33.12147335,455.723093,182.8435214
Iguania,Dactyloidae,Anolis,Anolis caudalis,24.59709091,133.8489091,30.10945455,18.73139394,1371.660606,49.56,580.6260606,130.8890909
Iguania,Dactyloidae,Anolis,Anolis marron,24.35144928,110.9538647,28.31014493,20.06630435,1261.698068,49.15700483,516.1497585,111.1437198
Iguania,Dactyloidae,Anolis,Anolis brevirostris,23.22540479,124.1220844,28.04143672,17.88255416,1016.01236,54.99730901,438.4083922,79.68004561
Iguania,Dactyloidae,Anolis,Anolis distichus,24.24832683,133.709275,28.78991621,19.39065105,1357.872735,42.4157377,527.0416862,165.1815561
Iguania,Dactyloidae,Anolis,Anolis marmoratus,25.79384196,100.2689373,27.66065395,23.80038147,1617.464305,36.1346049,598.9482289,184.5662125
Iguania,Dactyloidae,Anolis,Anolis sabanus,25.85,109.7375,27.9,23.7625,1219.625,32.875,443,153.375
Iguania,Dactyloidae,Anolis,Anolis desiradei,26.32352941,101.6058824,28.22352941,24.32352941,1416.764706,31.05882353,488.3529412,184.2352941
Iguania,Dactyloidae,Anolis,Anolis ferreus,26.40552764,98.75577889,28.24070352,24.4281407,1684.964824,35.83919598,609.1105528,186.5929648
Iguania,Dactyloidae,Anolis,Anolis lividus,25.62096774,104.0532258,27.54516129,23.57016129,1428.637097,35.95967742,535.8306452,168.8145161
Iguania,Dactyloidae,Anolis,Anolis oculatus,24.94827957,91.54,26.70387097,23.05795699,2212.267742,38.07526882,800.9892473,254.5989247
Iguania,Dactyloidae,Anolis,Anolis terraealtae,26.745,99.07,28.615,24.755,1687,37,625.25,180.95
Iguania,Dactyloidae,Anolis,Anolis bimaculatus,25.88224044,107.9131148,27.86120219,23.8010929,1353.289617,33.84153005,498.3196721,170.5327869
Iguania,Dactyloidae,Anolis,Anolis gingivinus,26.63050193,114.1899614,28.7042471,24.48223938,1124.53668,34.65637066,420.4942085,141.4787645
Iguania,Dactyloidae,Anolis,Anolis leachii,26.59889706,109.2472426,28.58566176,24.50036765,1184.338235,35.20772059,447.4558824,154.8069853
Iguania,Dactyloidae,Anolis,Anolis wattsii,26.31119649,108.7100988,28.29484083,24.21964874,1252.184413,34.6586169,467.8836443,161.1207464
Iguania,Dactyloidae,Anolis,Anolis schwartzi,25.88224044,107.9131148,27.86120219,23.8010929,1353.289617,33.84153005,498.3196721,170.5327869
Iguania,Dactyloidae,Anolis,Anolis pogus,26.60704846,114.0863436,28.67709251,24.45770925,1131.189427,34.66079295,422.8942731,142.3215859
Iguania,Dactyloidae,Anolis,Anolis strahmi,21.69092418,109.9612064,25.61754289,17.29114555,777.0664084,55.17874931,347.4050913,66.15107914
Iguania,Dactyloidae,Anolis,Anolis marcanoi,22.3608826,116.3454584,26.71101114,17.46872322,1232.777207,47.77592117,490.9143102,128.4717224
Iguania,Dactyloidae,Anolis,Anolis longitibialis,24.41523643,107.6070053,27.88817863,20.54816112,783.2968476,54.0415937,354.7316112,74.24343257
Iguania,Dactyloidae,Anolis,Anolis cybotes,24.14737485,127.1379685,28.77766355,19.16705757,1376.355558,41.84754751,530.0211895,168.220102
Iguania,Dactyloidae,Anolis,Anolis armouri,21.54509583,108.5467306,25.32743799,17.38043968,1161.017616,51.37302706,504.096956,118.7034949
Iguania,Dactyloidae,Anolis,Anolis shrevei,15.8990019,123.4652567,21.33312738,9.839258555,1311.262833,38.06939163,488.1387833,156.026616
Iguania,Dactyloidae,Anolis,Anolis saxatilis,24.12580934,140.0488261,29.6974039,18.14023099,1208.86916,47.46826409,480.6561627,122.773246
Iguania,Dactyloidae,Anolis,Anolis inexpectatus,24.47033821,133.6724863,27.45429616,21.35895795,1029.984461,47.55347349,498.6745887,137.2943327
Iguania,Dactyloidae,Anolis,Anolis alutaceus,24.98559233,171.9683193,29.77154584,19.53503853,1363.843797,58.75086464,608.2189169,108.1526574
Iguania,Dactyloidae,Anolis,Anolis vanidicus,23.39655704,181.0745118,28.486074,17.436074,1704.655704,63.5991778,783.6819116,118.192703
Iguania,Dactyloidae,Anolis,Anolis macilentus,25.20909091,132.6454545,28.70909091,21.40909091,809.0909091,53,391,82.63636364
Iguania,Dactyloidae,Anolis,Anolis alfaroi,22.96666667,128.7,26.20833333,19.49166667,1120.833333,51.91666667,555.4166667,125.6666667
Iguania,Dactyloidae,Anolis,Anolis clivicola,21.91049096,123.3422222,26.46072351,16.64237726,1403.88062,54.62790698,589.554522,109.5147287
Iguania,Dactyloidae,Anolis,Anolis rejectus,24.56148603,128.3666667,28.75098841,19.84137696,1384.334697,51.6993865,585.0238582,126.2638037
Iguania,Dactyloidae,Anolis,Anolis cyanopleurus,24.67509404,130.4343095,27.95120903,21.17134605,1046.274315,51.17490596,493.76518,116.6012896
Iguania,Dactyloidae,Anolis,Anolis cupeyalensis,24.04303329,133.6600846,27.48002466,20.33852387,1097.746169,47.9864365,509.5127708,132.3299278
Iguania,Dactyloidae,Anolis,Anolis garridoi,21.23333333,175.55,26.18333333,15.44166667,2084.583333,62.33333333,944.6666667,151.75
Iguania,Dactyloidae,Anolis,Anolis guazuma,17.46666667,115.5083333,21.9,12.275,1821.25,54.41666667,747.4166667,141.1666667
Iguania,Dactyloidae,Anolis,Anolis pumilus,24.80754878,197.5709087,29.85442601,18.85066586,1437.422447,61.19242273,658.5545862,114.1280444
Iguania,Dactyloidae,Anolis,Anolis argillaceus,24.93351027,138.9389804,29.43602123,19.94952323,1165.212002,52.1163626,509.5040048,112.7092048
Iguania,Dactyloidae,Anolis,Anolis centralis,25.13138715,145.0854837,29.82600294,19.97469459,1219.416013,54.66735163,533.6856949,105.8493703
Iguania,Dactyloidae,Anolis,Anolis loysiana,24.50210502,162.2588951,28.96091483,19.33538715,1326.72464,54.21619161,573.9294533,119.5243216
Iguania,Dactyloidae,Anolis,Anolis oporinus,22.6,129.4454545,27.56363636,16.90909091,1512,52.27272727,614.4545455,128.1818182
Iguania,Dactyloidae,Anolis,Anolis altitudinalis,19.13846154,116.7,23.45384615,14.11538462,1571.230769,56.76923077,666.7692308,110.9230769
Iguania,Dactyloidae,Anolis,Anolis isolepis,24.47157208,136.3852185,28.71839965,19.74246575,1255.36708,50.00952381,543.1652968,128.0024788
Iguania,Dactyloidae,Anolis,Anolis brunneus,26.29971347,170.0159026,29.2034384,23.4504298,944.9498567,48.42836676,431.969914,99.58882521
Iguania,Dactyloidae,Anolis,Anolis maynardi,26.9617284,129.6222222,29.62592593,24.33209877,1228.802469,62.80246914,585.9135802,59.95061728
Iguania,Dactyloidae,Anolis,Anolis longiceps,27.52,102.54,29.62,25.52,1530.2,45.2,687.6,185
Iguania,Dactyloidae,Anolis,Anolis smaragdinus,25.50912642,222.3678977,29.26338778,21.75974787,1139.403409,58.21803977,511.3227983,100.578125
Iguania,Dactyloidae,Anolis,Anolis allisoni,25.15925307,170.9609111,30.24127872,19.44414314,1336.876721,60.09119576,602.8378913,100.7772846
Iguania,Dactyloidae,Anolis,Anolis porcatus,25.10083283,170.4163092,29.87790006,19.68459779,1320.080465,57.60893863,587.5879111,108.8117673
Iguania,Dactyloidae,Anolis,Anolis carolinensis,18.58016287,659.3130105,31.3558544,4.302996054,1272.894364,23.72444265,426.6766103,220.3118061
Iguania,Dactyloidae,Anolis,Anolis sheplani,22.53163097,112.2257002,26.46210873,18.10263591,1260.510708,55.04942339,543.8863262,118.6177924
Iguania,Dactyloidae,Anolis,Anolis placidus,20.55074627,132.0461194,26.23089552,14.25149254,1216.252239,60.37761194,536.9820896,63.75373134
Iguania,Dactyloidae,Anolis,Anolis alayoni,24.50779029,132.7041169,27.84105538,20.94061185,1054.670078,49.15137041,493.430456,125.4801547
Iguania,Dactyloidae,Anolis,Anolis angusticeps,25.0999933,174.9127259,29.84947394,19.73750084,1313.602147,57.51343624,584.7950052,109.589802
Iguania,Dactyloidae,Anolis,Anolis paternus,25.67331579,180.6090702,29.72331579,20.85091228,1411.118246,54.11684211,608.4382456,125.2438596
Iguania,Dactyloidae,Anolis,Anolis lucius,25.00186127,178.4520536,30.24080738,19.09284257,1357.924696,60.95449681,614.6371283,100.2382019
Iguania,Dactyloidae,Anolis,Anolis argenteolus,24.99284156,138.503316,29.49604508,20.00244539,1186.242739,53.26107399,518.4318238,107.9391915
Iguania,Phrynosomatidae,Uta,Uta squamata,24.59722222,430.7333333,32.40833333,16.63333333,207.8333333,109.5833333,169.25,0.111111111
Iguania,Phrynosomatidae,Uta,Uta stansburiana,15.50538376,740.0477186,32.97976874,-0.368153241,296.4128276,55.71763253,143.9887899,25.91899628
Iguania,Phrynosomatidae,Uta,Uta palmeri,24,501.85,32.9,15.3,103.5,91.5,70,0
Iguania,Phrynosomatidae,Urosaurus,Urosaurus gadovi,25.26366896,126.243953,32.96893545,17.58439038,848.789692,106.7916608,562.6364787,9.152580509
Iguania,Phrynosomatidae,Urosaurus,Urosaurus bicarinatus,22.11801586,212.6935088,30.29681659,13.12880533,1059.453332,105.8316843,725.2938143,16.80165389
Iguania,Phrynosomatidae,Urosaurus,Urosaurus lahtelai,19.38666058,519.9916857,32.07313842,7.6836455,117.4783006,74.92005482,58.06395614,0
Iguania,Phrynosomatidae,Urosaurus,Urosaurus nigricaudus,21.24213332,462.3767049,32.86768045,10.33691828,181.1790283,88.99412628,118.9429642,1.8595109
Iguania,Phrynosomatidae,Urosaurus,Urosaurus ornatus,16.90772923,720.4484713,33.33704469,0.677035241,381.1242264,59.82016036,199.9441968,34.25453765
Iguania,Phrynosomatidae,Urosaurus,Urosaurus auriculatus,23.05128205,175.6083333,26.17884615,20.44358974,712.7948718,114.9551282,555.1346154,1.807692308
Iguania,Phrynosomatidae,Urosaurus,Urosaurus clarionensis,23.65789474,172.0684211,26.85526316,21.06052632,641.8157895,109.7368421,506.7894737,6.184210526
Iguania,Phrynosomatidae,Urosaurus,Urosaurus graciosus,21.86359971,759.0381985,39.69820214,5.600428639,162.436942,56.45363385,74.76747897,7.111364019
Iguania,Phrynosomatidae,Sceloporus,Sceloporus hunsakeri,22.83864254,330.9734303,29.50916401,16.00033109,304.1402389,127.2710181,291.4837413,2.625872059
Iguania,Phrynosomatidae,Sceloporus,Sceloporus orcutti,19.52069431,506.3184107,32.65642757,7.743886112,203.7384319,80.73105498,115.4466733,3.373752383
Iguania,Phrynosomatidae,Sceloporus,Sceloporus licki,21.4495346,335.1830028,28.54301902,14.06634966,324.6641036,127.3502631,311.8872926,2.809388911
Iguania,Phrynosomatidae,Sceloporus,Sceloporus magister,17.29409959,734.1086403,34.45105297,0.98082922,276.0804625,61.74931792,149.9860455,19.92585328
Iguania,Phrynosomatidae,Sceloporus,Sceloporus lineatulus,24.59722222,430.7333333,32.40833333,16.63333333,207.8333333,109.5833333,169.25,0.111111111
Iguania,Phrynosomatidae,Sceloporus,Sceloporus zosteromus,21.60984039,441.1552888,32.81407197,10.99287512,157.4209896,88.99991794,105.0164326,0.962580522
Iguania,Phrynosomatidae,Sceloporus,Sceloporus chaneyi,14.32451777,343.0908629,23.48370558,2.56822335,576.4634518,61.06395939,262.606599,47.43147208
Iguania,Phrynosomatidae,Sceloporus,Sceloporus samcolemani,17.89506893,429.6359962,28.84152851,4.410839862,467.50501,62.33600534,248.26377,38.68333637
Iguania,Phrynosomatidae,Sceloporus,Sceloporus goldmani,17.25544183,414.6751045,28.45231368,3.61176301,418.857287,66.75464898,216.8146173,29.27000144
Iguania,Phrynosomatidae,Sceloporus,Sceloporus slevini,15.24866688,536.2547311,29.63749127,0.564855955,610.7566486,92.77617681,419.1303985,27.16474437
Iguania,Phrynosomatidae,Sceloporus,Sceloporus scalaris,17.40528545,240.1582045,27.2340637,6.873989968,787.4450876,96.97247027,515.2083979,23.66712987
Iguania,Phrynosomatidae,Sceloporus,Sceloporus bicanthalis,13.32756434,193.0872246,20.85673024,4.569746343,844.9281152,76.9438067,440.0624421,44.74754675
Iguania,Phrynosomatidae,Sceloporus,Sceloporus aeneus,15.66489673,189.8972337,25.15464377,5.894933859,923.4242748,97.71789278,590.8157809,24.00297053
Iguania,Phrynosomatidae,Sceloporus,Sceloporus clarkii,18.9089695,582.1801457,33.08624857,4.55649838,549.3494654,88.13203578,382.5412939,20.42427501
Iguania,Phrynosomatidae,Sceloporus,Sceloporus insignis,21.6988541,159.6595687,31.19665253,12.06978255,958.3693043,104.3867184,617.9538031,11.39014707
Iguania,Phrynosomatidae,Sceloporus,Sceloporus torquatus,17.24646261,248.2691012,27.29289639,6.444839719,692.7556618,94.55367962,448.2213636,22.20319395
Iguania,Phrynosomatidae,Sceloporus,Sceloporus bulleri,21.70822084,273.2512619,30.16190389,11.3370066,1069.859098,109.6918929,783.8234776,18.35388848
Iguania,Phrynosomatidae,Sceloporus,Sceloporus jarrovii,16.66670566,485.0944651,30.12209133,2.586487821,605.0248728,92.11215699,416.324541,22.68195577
Iguania,Phrynosomatidae,Sceloporus,Sceloporus megalepidurus,13.3640165,194.1908564,20.50926628,5.007337199,978.5945584,73.23751115,498.3317351,68.19391169
Iguania,Phrynosomatidae,Sceloporus,Sceloporus aureolus,16.85138101,141.1037987,25.30307983,8.360461597,820.2261067,91.61702611,459.0530458,18.4482028
Iguania,Phrynosomatidae,Sceloporus,Sceloporus mucronatus,14.91331884,173.9704467,22.999035,6.083014166,900.7470019,85.83205292,505.073396,35.05477065
Iguania,Phrynosomatidae,Sceloporus,Sceloporus macdougalli,25.95541454,99.32091709,30.8678277,20.54968041,977.5038444,105.0825382,638.8153775,14.17869384
Iguania,Phrynosomatidae,Sceloporus,Sceloporus dugesii,19.12696456,211.4142446,29.68856854,8.609605222,880.0711688,108.8974044,622.3722412,15.44975132
Iguania,Phrynosomatidae,Sceloporus,Sceloporus poinsettii,18.09898818,583.5057655,32.13274926,2.533026859,443.4310816,73.17012875,250.2901758,32.19163418
Iguania,Phrynosomatidae,Sceloporus,Sceloporus caeruleus,18.51559494,420.4926582,29.87812658,4.728810127,425.5903797,73.27797468,236.0956962,27.89012658
Iguania,Phrynosomatidae,Sceloporus,Sceloporus minor,17.64454547,310.0445977,27.42139044,6.059675813,499.5529701,70.45174744,257.9386151,30.84669692
Iguania,Phrynosomatidae,Sceloporus,Sceloporus ornatus,19.68976282,461.0998672,31.36651006,5.446980203,370.5166056,62.33470499,193.3786573,29.263001
Iguania,Phrynosomatidae,Sceloporus,Sceloporus cyanogenys,23.24953193,516.7520509,34.41377136,9.720628614,592.8719837,55.27178344,289.4060859,60.51850632
Iguania,Phrynosomatidae,Sceloporus,Sceloporus serrifer,22.77005948,379.9180463,31.95189265,11.88039226,933.8506926,61.33995779,461.4670735,74.01488952
Iguania,Phrynosomatidae,Sceloporus,Sceloporus grammicus,18.47403998,364.6845309,29.33156865,6.177770877,641.9594857,82.77294928,385.6279089,30.95054925
Iguania,Phrynosomatidae,Sceloporus,Sceloporus heterolepis,19.38188482,185.4529401,29.11365809,9.472366702,976.4843197,105.1025433,656.3439462,16.38886764
Iguania,Phrynosomatidae,Sceloporus,Sceloporus palaciosi,11.68124488,165.1855856,20.17649468,2.347338247,1160.265356,97.01883702,723.1556102,32.82555283
Iguania,Phrynosomatidae,Sceloporus,Sceloporus melanorhinus,24.30077362,134.5288304,31.10344088,17.12234596,1201.472267,106.6069543,801.8225503,18.12488141
Iguania,Phrynosomatidae,Sceloporus,Sceloporus spinosus,17.17496297,247.7276185,26.62470906,6.73744137,660.3148584,86.66515905,388.9787831,27.04657304
Iguania,Phrynosomatidae,Sceloporus,Sceloporus horridus,21.79558942,254.4593145,30.91083755,11.82842128,918.7884909,107.4684074,651.6835065,15.63494635
Iguania,Phrynosomatidae,Sceloporus,Sceloporus edwardtaylori,24.26837328,152.3998445,30.44625915,17.68652593,1303.424782,95.57271086,797.2853776,42.14527129
Iguania,Phrynosomatidae,Sceloporus,Sceloporus adleri,17.12922402,110.7099541,25.26283662,9.239616996,1286.05785,105.5551566,818.443846,18.16836226
Iguania,Phrynosomatidae,Sceloporus,Sceloporus stejnegeri,20.23883539,98.7524972,27.82201568,12.88170213,1458.29832,106.6797312,939.956103,16.6031355
Iguania,Phrynosomatidae,Sceloporus,Sceloporus formosus,16.14155936,151.7621457,24.23573278,7.800843896,1036.828397,88.42510843,576.0127425,37.07154625
Iguania,Phrynosomatidae,Sceloporus,Sceloporus cryptus,14.3825462,172.8003422,22.05352498,6.215742642,1600.946612,76.7816564,823.7152635,88.11498973
Iguania,Phrynosomatidae,Sceloporus,Sceloporus subpictus,16.16329114,121.878481,24.67721519,7.635443038,1371.822785,91.36708861,776.9113924,41.75949367
Iguania,Phrynosomatidae,Sceloporus,Sceloporus malachiticus,22.09455723,83.04146673,27.79699507,17.04320996,1587.543707,79.06097111,800.3592832,58.93013657
Iguania,Phrynosomatidae,Sceloporus,Sceloporus smaragdinus,19.67503583,83.12613132,25.43302846,13.76955498,2229.260016,84.81151457,1189.540646,46.81970514
Iguania,Phrynosomatidae,Sceloporus,Sceloporus taeniocnemis,17.92221266,137.6804692,24.35098149,11.36533793,2306.609686,64.3999139,1071.209126,175.8653896
Iguania,Phrynosomatidae,Sceloporus,Sceloporus lundelli,25.79049407,177.4571955,31.81728334,19.6618554,1169.792123,62.45689236,573.6230432,89.48098174
Iguania,Phrynosomatidae,Sceloporus,Sceloporus olivaceus,20.33480756,605.9003823,33.17033329,5.557042379,669.4231876,45.59871482,278.384847,85.93431645
Iguania,Phrynosomatidae,Sceloporus,Sceloporus woodi,22.42552814,388.2294798,30.18531969,12.20538652,1338.547065,48.79246121,570.159656,161.2166526
Iguania,Phrynosomatidae,Sceloporus,Sceloporus tristichus,12.41670587,796.3370357,30.4731821,-4.376650633,379.4730046,52.32942217,187.0717043,37.68888716
Iguania,Phrynosomatidae,Sceloporus,Sceloporus undulatus,15.21571726,767.9188855,31.26235892,-1.090401198,801.7840352,39.43049158,294.1898924,124.3522865
Iguania,Phrynosomatidae,Sceloporus,Sceloporus cautus,17.15324545,361.2241402,27.3778565,4.575258706,452.0343224,60.67781642,217.6393863,34.60197232
Iguania,Phrynosomatidae,Sceloporus,Sceloporus cowlesi,15.66586938,741.9726156,32.47404364,-1.063690966,334.1410129,68.83601282,190.73358,28.83857553
Iguania,Phrynosomatidae,Sceloporus,Sceloporus consobrinus,18.49926541,671.3194052,33.37873638,2.283587794,473.4314255,59.34231536,220.4041556,50.59972368
Iguania,Phrynosomatidae,Sceloporus,Sceloporus occidentalis,10.90824711,745.0176543,29.74450084,-3.494991779,486.4910408,50.32035931,233.0400201,31.24532421
Iguania,Phrynosomatidae,Sceloporus,Sceloporus virgatus,15.08547664,550.1716718,29.88360376,0.531772286,641.3539052,91.06030701,443.7449919,30.47166418
Iguania,Phrynosomatidae,Sceloporus,Sceloporus arenicolus,17.0488926,765.4172874,33.14183034,-0.644880903,362.9536147,58.57790953,167.2132522,32.8221636
Iguania,Phrynosomatidae,Sceloporus,Sceloporus graciosus,9.55194231,837.4345898,29.71473373,-6.417576663,373.2032017,42.03427225,166.8253744,36.83139483
Iguania,Phrynosomatidae,Sceloporus,Sceloporus nelsoni,22.47815358,339.1434758,31.72683065,11.5964653,938.7755026,111.6387913,723.3765568,17.85304377
Iguania,Phrynosomatidae,Sceloporus,Sceloporus jalapae,16.30940669,168.900891,24.31804549,7.804560272,714.3234207,85.44787743,384.6081208,28.66270646
Iguania,Phrynosomatidae,Sceloporus,Sceloporus ochoterenae,22.30996233,144.9023935,31.49331788,13.57931034,958.2216169,103.8762677,588.8733121,15.0282237
Iguania,Phrynosomatidae,Sceloporus,Sceloporus gadoviae,22.38061182,154.8077075,31.52422354,13.61297912,817.9916381,101.1869741,500.0582217,14.56435026
Iguania,Phrynosomatidae,Sceloporus,Sceloporus maculosus,21.33983893,434.5559287,33.76016107,6.733858807,306.246573,88.99074709,193.885538,10.65113091
Iguania,Phrynosomatidae,Sceloporus,Sceloporus pyrocephalus,23.14553377,134.8151841,30.70658511,15.276591,979.2219295,107.8469986,656.7001142,10.14585253
Iguania,Phrynosomatidae,Sceloporus,Sceloporus merriami,19.57686154,617.7295152,33.56301347,3.250387777,346.5185293,62.53215471,167.4213159,28.41021888
Iguania,Phrynosomatidae,Sceloporus,Sceloporus utiformis,22.40503611,185.5652482,30.72835417,13.43341692,1018.923294,110.5308357,726.6903164,13.24908353
Iguania,Phrynosomatidae,Sceloporus,Sceloporus angustus,24.36315789,426.9736842,32.71052632,15.65263158,238.2105263,107.3157895,188.1578947,3
Iguania,Phrynosomatidae,Sceloporus,Sceloporus grandaevus,23.76141304,386.9092391,31.21304348,15.95217391,228.3206522,124.7391304,217.1086957,2.548913043
Iguania,Phrynosomatidae,Sceloporus,Sceloporus squamosus,24.97198755,78.70698616,30.29348926,20.05328362,1667.393904,90.71479106,955.4644695,18.25489327
Iguania,Phrynosomatidae,Sceloporus,Sceloporus siniferus,22.8610398,116.6776168,29.69353521,15.85461312,1152.483363,102.5632347,729.7766127,17.80909224
Iguania,Phrynosomatidae,Sceloporus,Sceloporus carinatus,23.10692815,135.9994163,30.05433958,16.13910582,1259.701453,91.60275492,732.2364443,31.26936322
Iguania,Phrynosomatidae,Sceloporus,Sceloporus chrysostictus,25.724961,174.9049717,31.6785943,19.67026542,1256.906258,61.30180023,602.3964765,95.13529949
Iguania,Phrynosomatidae,Sceloporus,Sceloporus smithi,23.65595053,134.4117783,29.50330454,17.31549828,1025.68064,100.9163008,652.8684322,20.52211679
Iguania,Phrynosomatidae,Sceloporus,Sceloporus cozumelae,25.71708695,165.1928947,30.57465196,20.42000263,1160.584275,54.05831363,528.4326241,111.7445057
Iguania,Phrynosomatidae,Sceloporus,Sceloporus variabilis,22.36856793,308.2779672,30.69141649,12.94100807,1259.863897,62.81246418,613.4640952,86.53979175
Iguania,Phrynosomatidae,Sceloporus,Sceloporus teapensis,24.67163694,173.8976194,30.72568701,18.48819456,2283.542368,59.62483894,1075.350152,167.0786006
Iguania,Phrynosomatidae,Sceloporus,Sceloporus couchii,20.72315918,525.778453,32.84716339,5.907880164,390.7833263,62.30064403,206.0977808,32.67571411
Iguania,Phrynosomatidae,Sceloporus,Sceloporus parvus,18.86735915,405.082009,29.58771699,5.958666119,481.1608889,66.93840552,248.8201715,33.79553019
Iguania,Phrynosomatidae,Petrosaurus,Petrosaurus thalassinus,22.13118345,320.9444095,28.58414811,15.5928848,327.3448693,130.9611568,178.9205389,8.026411421
Iguania,Phrynosomatidae,Petrosaurus,Petrosaurus repens,21.98378031,477.4478309,33.55994812,10.65642862,150.6669205,90.34987983,200.6876755,16.19156569
Iguania,Phrynosomatidae,Petrosaurus,Petrosaurus mearnsi,17.82036256,566.6738202,32.98162677,4.765901653,224.3497244,69.4661557,111.6877891,19.93839347
Iguania,Phrynosomatidae,Phrynosoma,Phrynosoma modestum,17.93281843,642.144335,32.7785508,1.757989518,370.7272474,68.99917619,264.1868801,69.14187227
Iguania,Phrynosomatidae,Phrynosoma,Phrynosoma orbiculare,15.77236343,358.1245276,27.17509487,3.422368849,634.4374096,88.1705658,193.1083978,3.614806122
Iguania,Phrynosomatidae,Phrynosoma,Phrynosoma douglasii,8.696403218,794.408719,28.62319644,-5.671527694,394.5380638,40.62815779,721.2126258,13.21173303
Iguania,Phrynosomatidae,Phrynosoma,Phrynosoma hernandesi,9.680459705,859.7821082,29.44864073,-7.468820246,357.9705956,53.90983269,417.0182449,24.15719736
Iguania,Phrynosomatidae,Phrynosoma,Phrynosoma ditmarsi,18.98729194,614.0686562,35.04655366,3.833988563,495.750485,98.8014398,942.2748852,201.8871635
Iguania,Phrynosomatidae,Phrynosoma,Phrynosoma taurus,22.22603801,156.142699,31.0511844,13.57693906,781.754732,97.59250444,182.2815379,37.11438028
Iguania,Phrynosomatidae,Phrynosoma,Phrynosoma sherbrookei,20.88675295,122.5693186,29.64278645,12.55302627,986.587362,102.8606776,166.1462525,38.32658437
Iguania,Phrynosomatidae,Phrynosoma,Phrynosoma braconnieri,19.41822407,165.7259452,27.69542144,10.90686091,749.7097468,88.82809573,130.5519811,12.04699183
Iguania,Phrynosomatidae,Phrynosoma,Phrynosoma mcallii,24.08098756,694.5080742,40.85643746,8.764235766,100.5672882,62.64672814,41.24897959,0
Iguania,Phrynosomatidae,Phrynosoma,Phrynosoma platyrhinos,13.667093,845.5359892,33.70732417,-2.860704999,234.5324854,39.88959468,364.3593894,17.33452466
Iguania,Phrynosomatidae,Phrynosoma,Phrynosoma goodei,23.25274653,703.6187183,39.12427843,7.380514341,211.4470982,67.8133885,216.4241487,4.806664616
Iguania,Phrynosomatidae,Phrynosoma,Phrynosoma solare,20.85986137,572.1989856,34.57910813,6.635555453,536.3336467,90.11809231,121.6669505,7.749802138
Iguania,Phrynosomatidae,Phrynosoma,Phrynosoma coronatum,18.11829851,513.0038151,32.1690068,6.240125783,325.7913466,86.24365755,116.857855,5.057583936
Iguania,Phrynosomatidae,Phrynosoma,Phrynosoma cerroense,16.80102041,193.9073469,21.12632653,13.6455102,66.63673469,94.09795918,271.7371811,10.85020175
Iguania,Phrynosomatidae,Phrynosoma,Phrynosoma blainvillii,16.18655678,553.9818482,31.57819978,3.700348775,376.1474441,83.93184475,96.74312722,2.203008298
Iguania,Phrynosomatidae,Phrynosoma,Phrynosoma cornutum,17.74021204,699.3360404,32.91283522,1.475102291,601.2944378,55.18690209,130.65666,6.550384184
Iguania,Phrynosomatidae,Phrynosoma,Phrynosoma asio,23.76891739,116.234159,30.63620873,16.73808275,1102.188728,105.8333711,66.57843452,4.209652917
Iguania,Phrynosomatidae,Uma,Uma scoparia,20.73122862,785.4298621,39.76157502,4.267719924,133.3671636,55.15179504,59.61274351,5.961308559
Iguania,Phrynosomatidae,Uma,Uma notata,24.13988489,710.5975087,42.20049743,8.487099692,86.84267215,57.79227133,37.88382323,1.758067831
Iguania,Phrynosomatidae,Uma,Uma inornata,18.99675037,693.1022403,37.18419498,3.783825702,118.6678976,58.27892664,55.94657804,3.593303791
Iguania,Phrynosomatidae,Uma,Uma paraphygas,22.18386226,529.3097232,35.43041864,6.395543552,275.6630655,78.17251857,152.8318704,10.81161377
Iguania,Phrynosomatidae,Uma,Uma exsul,21.21717824,461.0469062,33.33574097,6.532448234,246.0181486,63.73580999,123.8015428,16.81920422
Iguania,Phrynosomatidae,Holbrookia,Holbrookia maculata,15.21207725,752.907593,32.07812011,-1.568800353,473.586131,66.28581723,241.3567917,13.89713438
Iguania,Phrynosomatidae,Holbrookia,Holbrookia propinqua,22.31745805,564.2736412,33.88138821,8.692351212,696.1514986,40.01958985,336.8067098,0.932461979
Iguania,Phrynosomatidae,Holbrookia,Holbrookia elegans,21.66681327,525.7783392,34.34466585,8.166569114,539.2074507,102.0594226,139.0945243,26.47765056
Iguania,Phrynosomatidae,Holbrookia,Holbrookia lacerata,20.88131185,636.4871076,34.10310061,5.515036092,590.2540374,44.42612559,604.9339771,5.983342797
Iguania,Phrynosomatidae,Cophosaurus,Cophosaurus texanus,18.37311901,650.8855065,33.09818101,2.450027747,461.7118832,62.82465038,228.6835738,44.22248988
Iguania,Phrynosomatidae,Callisaurus,Callisaurus draconoides,18.90061755,698.2261221,35.40850961,3.810501712,250.6579795,64.8584794,147.399336,13.18468631
Iguania,Agamidae,Hydrosaurus,Hydrosaurus weberi,25.16112521,21.31919581,26.83478831,23.57848661,2367.166817,20.2125952,764.1556408,118.8879843
Iguania,Agamidae,Hydrosaurus,Hydrosaurus pustulatus,25.58926871,103.8214469,29.25366458,21.90675935,2441.779616,64.84515899,528.8813115,298.5526149
Iguania,Agamidae,Hydrosaurus,Hydrosaurus amboinensis,25.03869277,36.89724016,27.76917408,22.51700082,2696.969035,28.17920374,884.3650405,44.12431648
Iguania,Agamidae,Physignathus,Physignathus cocincinus,20.94293643,418.2862313,29.0332106,9.77567792,1659.164625,74.52593326,68.36379985,38.50512374
Iguania,Agamidae,Lophosaurus,Lophosaurus dilophus,24.94796963,37.94388258,28.12585117,21.9558196,3134.976917,26.71978797,818.4866061,139.1351159
Iguania,Agamidae,Lophosaurus,Lophosaurus boydii,22.27517408,254.9351078,28.65167708,14.77786252,1707.795868,88.74123199,728.968,175.32
Iguania,Agamidae,Lophosaurus,Lophosaurus spinipes,16.80940892,396.0262764,25.737858,6.651747804,1065.897077,37.58632915,990.7033586,487.5035149
Iguania,Agamidae,Hypsilurus,Hypsilurus modestus,24.88309502,43.5498025,27.99532478,21.92433858,3258.989441,28.2171729,652.8625246,16.41148908
Iguania,Agamidae,Hypsilurus,Hypsilurus nigrigularis,22.82758621,32.22068966,26.03448276,19.81034483,2964,18.75862069,115.0537512,27.90006064
Iguania,Agamidae,Hypsilurus,Hypsilurus bruijnii,25.773258,31.60885122,27.02900188,24.36195857,2760.220339,18.39736347,944.7791696,282.9271631
Iguania,Agamidae,Hypsilurus,Hypsilurus papuensis,23.7746943,56.13689413,26.86043915,20.48452325,2615.00496,33.01424798,230.6832566,44.82682263
Iguania,Agamidae,Moloch,Moloch horridus,23.08396188,556.214706,35.68889582,8.649601128,289.1288325,60.01785536,636.1751224,123.9304617
Iguania,Agamidae,Chelosania,Chelosania brunnea,26.97487292,281.814306,35.70280422,15.94585427,874.4517519,112.998853,649.3334439,4.89094764
Iguania,Agamidae,Intellagama,Intellagama lesueurii,18.75105318,421.8831917,28.59355306,7.94356433,839.3424753,43.71078116,975.7295035,244.7618028
Iguania,Agamidae,Ctenophorus,Ctenophorus clayi,23.14616221,589.7048429,36.09818398,8.023064274,266.6820595,53.89090839,132.9007844,22.87711585
Iguania,Agamidae,Ctenophorus,Ctenophorus maculosus,21.2211127,627.6123501,35.22865992,6.665638321,168.1417564,30.29312139,65.34521349,29.04234799
Iguania,Agamidae,Ctenophorus,Ctenophorus parviceps,23.43680253,408.6776336,33.77826382,13.09857944,273.0536583,79.73222063,157.3067326,8.804337244
Iguania,Agamidae,Ctenophorus,Ctenophorus butlerorum,21.72756034,350.4747642,30.63284812,13.65734868,306.3789083,88.57616042,198.8091348,9.638767174
Iguania,Agamidae,Ctenophorus,Ctenophorus chapmani,17.29588892,374.6250842,27.68870916,7.884950525,326.4279084,28.9836036,118.6433604,50.11204362
Iguania,Agamidae,Ctenophorus,Ctenophorus adelaidensis,17.65775269,397.8594294,28.6257109,7.811050069,340.8830295,36.38334996,141.7315465,44.74594657
Iguania,Agamidae,Ctenophorus,Ctenophorus caudicinctus,25.33729353,497.2949882,36.82206009,11.16049641,443.8059448,84.22336443,298.0874002,12.81330552
Iguania,Agamidae,Ctenophorus,Ctenophorus ornatus,18.83927998,531.6867335,32.19445199,6.715766616,320.0469754,44.63182294,138.4765849,37.54169949
Iguania,Agamidae,Ctenophorus,Ctenophorus pictus,20.108759,571.3909557,33.34005893,6.475023772,249.4921078,30.66242586,92.20187504,39.03855224
Iguania,Agamidae,Ctenophorus,Ctenophorus maculatus,19.42296042,481.6999288,31.98746768,7.842626911,299.2457518,45.70969023,132.9890777,34.4944474
Iguania,Agamidae,Ctenophorus,Ctenophorus fordi,18.96108067,534.3714276,32.08677077,6.328324983,241.2594463,22.12601475,80.01851219,43.11497444
Iguania,Agamidae,Ctenophorus,Ctenophorus femoralis,24.9445301,505.6723361,36.8810517,11.76007873,260.8274288,77.94476336,144.8432016,6.588595484
Iguania,Agamidae,Ctenophorus,Ctenophorus salinarum,19.78925953,537.3636146,32.75300907,6.856893464,265.4073574,35.56660534,102.6681823,36.32443412
Iguania,Agamidae,Ctenophorus,Ctenophorus isolepis,23.99966261,546.0668481,36.28987225,9.330718883,320.129141,66.85513799,192.8821034,19.10945899
Iguania,Agamidae,Ctenophorus,Ctenophorus scutulatus,21.1136582,570.5995898,34.50553425,7.408768448,255.977689,45.95082027,110.8366207,27.05609899
Iguania,Agamidae,Ctenophorus,Ctenophorus mckenziei,17.84566502,359.2959829,27.62028473,8.198586486,237.7509495,20.35705437,78.1619448,44.59030443
Iguania,Agamidae,Ctenophorus,Ctenophorus cristatus,19.34998992,531.4528612,32.39119404,6.473387223,241.5274503,27.60117331,86.39184208,37.87065772
Iguania,Agamidae,Ctenophorus,Ctenophorus gibba,22.20560763,637.7813647,36.15267095,7.255565023,154.6508918,34.41603004,65.77663369,24.84450863
Iguania,Agamidae,Ctenophorus,Ctenophorus vadnappa,18.74287753,586.960697,32.70448631,5.284536132,229.6516639,21.7014124,75.89049047,44.02694205
Iguania,Agamidae,Ctenophorus,Ctenophorus tjantjalka,21.6435144,630.5756007,35.44009728,6.621286961,179.6147044,35.42995675,73.37844598,26.25167393
Iguania,Agamidae,Ctenophorus,Ctenophorus decresii,18.34444079,545.9642722,31.47671044,5.977634199,274.9121773,23.87377074,96.28667175,45.57393128
Iguania,Agamidae,Ctenophorus,Ctenophorus fionni,17.72768997,450.0260485,29.64861654,7.309634446,298.618479,32.48033385,113.9957883,42.53073535
Iguania,Agamidae,Ctenophorus,Ctenophorus rufescens,20.97876488,624.1629828,34.37475309,5.453118661,282.5558555,41.27776489,120.7210999,35.72741272
Iguania,Agamidae,Ctenophorus,Ctenophorus reticulatus,21.67386491,572.271347,34.89770411,7.553425165,247.6041918,46.09152887,112.1957818,25.74765259
Iguania,Agamidae,Ctenophorus,Ctenophorus nuchalis,23.28825568,560.535649,35.84688348,8.727661763,314.6146391,60.69712138,175.9129531,24.53603217
Iguania,Agamidae,Chlamydosaurus,Chlamydosaurus kingii,25.07609756,326.8825756,33.8962447,14.18574629,871.1237312,94.52133982,575.6171197,31.12997548
Iguania,Agamidae,Amphibolurus,Amphibolurus norrisi,16.95481052,415.0459222,28.34310513,7.156614143,341.7496821,29.23189159,124.2578983,49.27593456
Iguania,Agamidae,Amphibolurus,Amphibolurus muricatus,16.02159073,429.6377424,26.66722887,5.820841253,791.3746698,30.04784307,291.6516856,121.4199919
Iguania,Agamidae,Lophognathus,Lophognathus gilberti,24.80244113,458.2904405,35.61869034,11.43379801,545.7126986,83.67986431,967.9065119,235.8497743
Iguania,Agamidae,Amphibolurus,Amphibolurus burnsi,22.11826403,607.1204475,35.02748033,7.096687544,350.2368556,44.39887844,151.6800167,45.44022484
Iguania,Agamidae,Rankinia,Rankinia diemensis,13.03781711,408.0681093,23.18525306,3.922660386,888.3389683,21.98279133,1019.532833,452.4601436
Iguania,Agamidae,Pogona,Pogona minor,23.58051706,551.1468016,36.01228588,8.991048714,305.5539921,62.59815137,301.683047,106.0919159
Iguania,Agamidae,Pogona,Pogona vitticeps,22.00883889,592.4723597,35.18198782,7.434298036,264.6944092,46.10070018,208.5325551,19.89711799
Iguania,Agamidae,Pogona,Pogona mitchelli,25.62625422,523.2185295,37.24386884,10.73995379,383.0994594,83.57926848,246.6922302,94.25080687
Iguania,Agamidae,Pogona,Pogona henrylawsoni,24.67163359,409.3329245,34.83261662,11.97430876,585.2584063,95.29796384,315.7596154,45.47115385
Iguania,Agamidae,Pogona,Pogona barbata,17.88285891,449.7050028,28.89636681,6.975075775,671.738548,37.34324662,210.1871658,35.09625668
Iguania,Agamidae,Pogona,Pogona nullarbor,18.51908177,436.3009405,30.22100636,7.110926138,208.4432996,17.59485307,299.8472752,41.17157213
Iguania,Agamidae,Tympanocryptis,Tympanocryptis tetraporophora,23.24413432,547.9740945,35.5088908,8.810322868,369.4407842,61.08915098,211.965918,29.47846724
Iguania,Agamidae,Tympanocryptis,Tympanocryptis pinguicolla,12.35415652,449.3097549,23.75607589,2.428929644,755.9546561,14.20667194,226.2233992,152.5425455
Iguania,Agamidae,Tympanocryptis,Tympanocryptis houstoni,18.15562681,390.5261878,28.81863597,7.692529568,227.0411084,19.98059315,74.23953635,41.10470949
Iguania,Agamidae,Tympanocryptis,Tympanocryptis uniformis,27.00703387,275.2080083,35.5809758,16.28676224,920.3854274,111.5404994,668.3939544,5.066026195
Iguania,Agamidae,Tympanocryptis,Tympanocryptis cephalus,23.57837538,584.2770166,36.40527675,8.462227264,279.7270802,61.03662652,150.8653725,20.57189186
Iguania,Agamidae,Tympanocryptis,Tympanocryptis intima,21.95042377,636.1963068,35.6109836,6.590408401,207.2156613,39.06352303,87.56680272,28.29307711
Iguania,Agamidae,Tympanocryptis,Tympanocryptis lineata,21.95873825,533.7708632,34.3048896,8.18124765,352.9804289,52.83859062,185.9162617,34.38672735
Iguania,Agamidae,Tympanocryptis,Tympanocryptis centralis,23.85958562,578.3605069,36.31312458,8.452376399,316.5460369,66.01833148,183.0056004,22.24089765
Iguania,Agamidae,Diporiphora,Diporiphora superba,26.72448155,232.6088248,34.71456227,16.67518057,1018.468493,114.8398991,771.6569955,5.89593484
Iguania,Agamidae,Diporiphora,Diporiphora bilineata,25.78977368,267.1314248,33.80845634,16.06609201,1013.595635,107.7153828,722.5446401,14.48573824
Iguania,Agamidae,Diporiphora,Diporiphora australis,23.908865,313.2189916,32.19958252,13.90411365,939.7769847,89.4606968,616.8433203,40.05222499
Iguania,Agamidae,Diporiphora,Diporiphora nobbi,19.57406763,487.5095105,30.9239679,7.233181435,616.754915,40.15756845,272.265171,78.866027
Iguania,Agamidae,Diporiphora,Diporiphora phaeospinosa,21.36006941,448.6475042,31.54662302,8.936068721,677.9551787,52.48397657,311.446687,73.53957862
Iguania,Agamidae,Diporiphora,Diporiphora bennettii,27.1583222,280.0769187,35.72739877,15.94389915,844.0702139,113.5160106,641.2948206,5.669280197
Iguania,Agamidae,Diporiphora,Diporiphora lalliae,25.38247626,509.8759659,36.81066164,10.62018631,414.0190182,85.77528432,282.2234831,15.55092718
Iguania,Agamidae,Diporiphora,Diporiphora sobria,26.81143907,288.8314214,35.67504051,15.95112434,856.9161735,110.927025,616.7347841,4.908093697
Iguania,Agamidae,Diporiphora,Diporiphora albilabris,27.02693645,219.6293437,34.76429077,17.57873638,1188.325119,111.2325379,845.6043241,4.970997548
Iguania,Agamidae,Diporiphora,Diporiphora amphiboluroides,22.08970202,593.4160372,35.50333881,7.514347322,233.819561,46.1728825,100.6154386,22.93158328
Iguania,Agamidae,Diporiphora,Diporiphora reginae,19.9051518,541.1998382,32.97789789,6.538856672,229.1626789,29.74538325,82.46806718,34.63161756
Iguania,Agamidae,Diporiphora,Diporiphora linga,18.37214991,484.6965121,31.07944785,6.717201326,220.4856468,21.48081628,71.96073906,38.10565621
Iguania,Agamidae,Diporiphora,Diporiphora winneckei,23.86067038,575.6536497,36.53457476,8.837205232,285.1316029,61.60620859,163.0841004,20.04364545
Iguania,Agamidae,Diporiphora,Diporiphora magna,26.88514428,289.6947791,35.59848966,15.6539011,842.3915157,112.930457,632.2992852,5.096024241
Iguania,Agamidae,Diporiphora,Diporiphora pindan,27.56605759,304.3827408,36.44118887,15.88982333,664.1930307,124.504285,563.8307467,4.874358224
Iguania,Agamidae,Diporiphora,Diporiphora valens,24.83990773,592.9448692,37.97598102,9.63363211,279.5763791,75.11387333,170.8067752,9.492493245
Iguania,Agamidae,Gowidon,Gowidon longirostris,24.31874311,554.9333764,36.65175025,9.450138593,316.1830323,70.09089714,1017.504964,416.616332
Iguania,Agamidae,Tropicagama,Tropicagama temporalis,26.89108677,204.2125796,34.05123681,18.48982113,1279.120745,100.1700786,790.5917939,44.79342262
Iguania,Agamidae,Ptyctolaemus,Ptyctolaemus gularis,21.05168567,405.1678331,28.55108216,8.375159265,2995.559068,91.36951702,834.8977999,13.4389638
Iguania,Agamidae,Ptyctolaemus,Ptyctolaemus collicristatus,18.58289567,295.8773243,27.72867282,6.228211498,1479.614265,87.82895671,595.078845,262.6768227
Iguania,Agamidae,Japalura,Japalura tricarinata,17.54102983,522.9971283,27.2026204,2.772257779,1989.685933,107.7469947,193.4951645,26.46581658
Iguania,Agamidae,Japalura,Japalura variegata,16.65830489,471.2865238,24.93529484,3.840083848,2089.257058,94.14456584,351.808183,3.303563572
Iguania,Agamidae,Draco,Draco lineatus,25.2227174,51.76690289,28.59968799,22.15953969,2284.950887,56.01585317,1063.82487,192.566217
Iguania,Agamidae,Draco,Draco maximus,24.8304387,36.99613169,28.40414995,21.46408859,2949.295078,22.56337629,997.4425095,517.3040247
Iguania,Agamidae,Draco,Draco mindanensis,25.38684921,48.70010425,28.56794837,22.63509652,2401.345753,33.55183069,920.4629513,343.5167244
Iguania,Agamidae,Draco,Draco obscurus,25.20868386,46.63037359,28.97351333,21.70826003,2909.951475,26.53091314,1040.992658,483.2257983
Iguania,Agamidae,Draco,Draco formosus,25.56353722,61.56108927,29.52371784,21.55822829,2463.488098,38.80856387,1052.758302,342.3052081
Iguania,Agamidae,Draco,Draco taeniopterus,26.108823,149.2410812,32.03664115,19.03665242,1851.490431,79.95999737,1042.267706,39.84940134
Iguania,Agamidae,Draco,Draco haematopogon,25.45386197,75.2024506,29.68976797,20.94068119,2511.814091,43.39622718,964.0736192,335.7248885
Iguania,Agamidae,Draco,Draco indochinensis,24.67217988,130.9995672,30.40889608,18.27249014,2151.54901,79.86967097,1169.042441,35.74267438
Iguania,Agamidae,Draco,Draco blanfordii,22.98247337,254.9296101,30.30626806,13.35943721,1763.156446,81.7015624,1033.68821,64.88245601
Iguania,Agamidae,Draco,Draco melanopogon,24.99107834,43.02187698,28.66557059,21.54783432,2876.181744,25.44351989,1015.104299,488.2969944
Iguania,Agamidae,Draco,Draco quinquefasciatus,25.18828353,36.56599419,28.79184685,21.78625561,3094.181595,24.49134145,1056.937492,526.6610509
Iguania,Agamidae,Draco,Draco maculatus,23.19118166,293.1077305,30.35281934,13.30190058,1936.357888,83.1704524,1140.076036,46.96992971
Iguania,Agamidae,Draco,Draco fimbriatus,24.77890745,39.75767754,28.45340016,21.24358318,2898.947405,28.9134202,1034.790493,466.3602591
Iguania,Agamidae,Draco,Draco cristatellus,24.6620341,39.60033043,28.5208069,21.04323288,2825.768339,17.83002908,921.2071768,530.4415147
Iguania,Agamidae,Draco,Draco dussumieri,25.38628284,150.0325308,32.89712469,18.60585537,1982.405298,96.19155633,1540.584625,27.07084049
Iguania,Agamidae,Draco,Draco volans,25.17537523,42.13353467,28.73557362,21.66849413,2547.338515,54.67523239,1109.731644,223.5997506
Iguania,Agamidae,Draco,Draco timoriensis,24.94538509,81.16874911,28.32632753,21.74951122,1360.232359,77.18075262,751.2872396,35.92763252
Iguania,Agamidae,Draco,Draco boschmai,25.1201919,61.51727967,27.76510839,22.64315743,1786.023134,75.53049041,944.1033404,76.06732409
Iguania,Agamidae,Draco,Draco sumatranus,25.0866009,39.96923822,28.6523869,21.80510345,2928.692701,28.8344698,1037.234735,463.4658373
Iguania,Agamidae,Draco,Draco cornutus,25.36168884,30.01547226,28.76457767,22.23650907,3106.332426,22.17223976,1028.036488,540.2673829
Iguania,Agamidae,Draco,Draco guentheri,26.3158578,36.1028562,28.69370692,24.49414597,2180.843452,42.0715702,841.3362761,227.7281182
Iguania,Agamidae,Draco,Draco ornatus,24.73467005,50.18599795,27.81895978,22.04017447,2551.326632,33.83158749,985.4662646,366.7163381
Iguania,Agamidae,Draco,Draco palawanensis,26.75528408,48.36354634,28.45537083,25.52645656,1777.372633,58.62606621,781.2392656,86.25336128
Iguania,Agamidae,Draco,Draco cyanopterus,25.03193318,45.82814349,28.46690106,22.07760022,2310.260144,32.07952,871.3907737,334.4289542
Iguania,Agamidae,Draco,Draco reticulatus,26.72401493,67.71608412,29.17465729,24.44431206,2774.434975,35.37669561,1113.206775,409.4596282
Iguania,Agamidae,Draco,Draco quadrasi,25.58573455,72.65330696,28.22296954,23.11083906,2342.522992,65.85824127,1134.909077,111.4686474
Iguania,Agamidae,Draco,Draco spilopterus,25.60743313,106.5578191,29.36301453,21.82079223,2447.848376,65.2136652,1262.924398,153.1421908
Iguania,Agamidae,Draco,Draco biaro,27.07741935,20.51935484,28.15806452,25.99677419,3121.516129,42.83870968,1368.225806,341.6451613
Iguania,Agamidae,Draco,Draco caerulhians,26.05624037,23.18613251,27.15885978,24.86718028,3546.841294,25.53466872,1210.049307,518.5423729
Iguania,Agamidae,Draco,Draco spilonotus,24.50086648,21.43058131,26.45545461,22.69155476,2102.179438,23.24758857,710.3154588,355.0257374
Iguania,Agamidae,Draco,Draco beccarii,23.273762,42.17252545,26.98751083,20.23090338,2568.057228,38.30829414,1040.852666,332.0171961
Iguania,Agamidae,Draco,Draco rhytisma,25.93294798,45.38540462,27.61286127,24.10513006,2007.956647,43.86416185,864.3070809,259.7268786
Iguania,Agamidae,Draco,Draco bimaculatus,24.24494745,51.60261684,27.45325719,21.44743562,2612.910192,33.5166373,1001.597933,377.4003444
Iguania,Agamidae,Malayodracon,Malayodracon robinsonii,24.79158659,56.95064448,28.99683618,20.21137802,2501.685728,29.44340286,971.7944251,169.9512195
Iguania,Agamidae,Acanthosaura,Acanthosaura lepidogaster,22.82178544,359.1479163,31.05025813,12.06816787,1725.666171,79.19682974,990.4078816,58.69937412
Iguania,Agamidae,Acanthosaura,Acanthosaura cardamomensis,24.55453066,75.82042159,28.80905425,19.34673552,2717.866662,76.74273184,1440.908892,53.90033246
Iguania,Agamidae,Acanthosaura,Acanthosaura crucigera,25.44891259,152.9730601,31.40546271,18.25172662,2070.655486,82.96261963,1206.699285,37.21669273
Iguania,Agamidae,Acanthosaura,Acanthosaura armata,25.55065021,102.7320346,29.64311549,21.0660204,2344.575078,48.29621207,1052.521113,267.6266245
Iguania,Agamidae,Acanthosaura,Acanthosaura capra,24.75191341,99.42039602,30.55288807,18.48095824,2643.204986,76.22458192,1358.589515,60.63865805
Iguania,Agamidae,Diploderma,Diploderma flaviceps,10.77429256,715.1822093,24.26596606,-5.41823661,841.8301406,83.79995994,494.1518103,26.56293103
Iguania,Agamidae,Diploderma,Diploderma splendidum,12.77756165,684.4137282,25.50421338,-2.522137392,1023.763257,76.07666559,559.899691,49.97361463
Iguania,Agamidae,Pseudocalotes,Pseudocalotes brevipes,21.41136571,551.8354995,30.54898422,8.316799939,1604.570475,69.64014052,266.2262283,149.1834105
Iguania,Agamidae,Pseudocalotes,Pseudocalotes flavigula,20.59,47.58,24.64,16.14,3351.4,27.9,287.7312866,11.03085809
Iguania,Agamidae,Pseudocalotes,Pseudocalotes kakhienensis,19.89422981,343.3670614,28.59649183,7.485627429,1528.224306,86.44055745,1382.3412,32.05113078
Iguania,Agamidae,Salea,Salea horsfieldii,25.51922911,144.0883087,32.89253922,18.8376861,1409.738295,77.3614339,875.0939802,46.58145054
Iguania,Agamidae,Sitana,Sitana ponticeriana,25.6290182,411.54541,37.77731955,12.66390991,1089.193536,118.8149228,876.3452827,18.65601804
Iguania,Agamidae,Otocryptis,Otocryptis wiegmanni,25.18500591,67.59583269,29.20304198,21.12235754,2284.222753,42.23719233,546.6071349,41.53174188
Iguania,Agamidae,Calotes,Calotes htunwini,26.02708888,324.7734372,36.16462135,13.66908027,832.6090231,86.74884088,472.2790109,7.216566374
Iguania,Agamidae,Calotes,Calotes calotes,26.49703337,133.1910932,32.53798166,20.78204126,1602.329994,72.86913129,950.4727073,86.66107101
Iguania,Agamidae,Calotes,Calotes versicolor,23.73437512,405.492714,34.05454545,11.39942425,1378.805031,97.6466482,895.0975809,42.64476401
Iguania,Agamidae,Calotes,Calotes irawadi,25.65260149,322.2235305,35.62591166,13.31710738,924.9698549,85.96323159,524.8334341,9.150360129
Iguania,Agamidae,Calotes,Calotes liocephalus,25.90366295,100.6410443,30.48945082,21.24041468,1779.031869,58.1906137,889.668956,185.9097011
Iguania,Agamidae,Calotes,Calotes ceylonensis,27.2858361,112.9368628,31.7343286,22.8621809,1454.104874,70.66781777,838.5415062,121.8798247
Iguania,Agamidae,Calotes,Calotes liolepis,25.73137526,85.01044624,29.94514092,21.39969729,1862.14512,50.65717641,847.8903706,211.1046451
Iguania,Agamidae,Calotes,Calotes nigrilabris,19.63504456,71.0601426,24.09040998,14.99828877,2396.936898,38.65882353,969.5440285,299.9183601
Iguania,Agamidae,Calotes,Calotes jerdoni,20.59013529,380.4063216,28.66811759,7.917338053,2128.267959,89.04660134,1333.191349,34.9123747
Iguania,Agamidae,Calotes,Calotes emma,22.7994828,290.368382,29.82116501,13.08246192,1802.285579,80.44846357,1021.433361,51.25686202
Iguania,Agamidae,Calotes,Calotes chincollium,22.20058295,270.0804297,30.51259658,10.66508952,2585.407338,98.65618494,1714.055611,15.21427139
Iguania,Agamidae,Calotes,Calotes mystaceus,24.50039351,235.7602553,31.5437138,15.2438298,1704.261969,85.45042202,1006.134539,29.22537918
Iguania,Agamidae,Pelturagonia,Pelturagonia nigrilabris,25.70583616,36.69785115,29.48684514,22.49248974,3779.650723,23.09531798,476.3270581,124.1059102
Iguania,Agamidae,Gonocephalus,Gonocephalus grandis,25.24137063,34.57361324,28.63616354,22.12875438,2913.867838,26.14730856,919.7131891,59.61563119
Iguania,Agamidae,Gonocephalus,Gonocephalus chamaeleontinus,24.69027595,34.46980806,28.01323938,21.69666204,2910.373787,29.92166349,1164.197115,69.90865385
Iguania,Agamidae,Gonocephalus,Gonocephalus kuhlii,23.27922153,32.32442001,26.61243428,19.51031206,3042.949163,44.073506,882.5237183,370.8121706
Iguania,Agamidae,Bronchocela,Bronchocela cristatella,25.29707234,46.9876841,28.86559154,21.91377294,2699.452726,36.57080226,1030.889303,376.4634628
Iguania,Agamidae,Gonocephalus,Gonocephalus bornensis,24.95211536,29.73339162,28.53147975,21.62716716,3302.195105,20.09156259,689.5,61.5
Iguania,Agamidae,Coryphophylax,Coryphophylax subcristatus,27.09143181,61.26521739,28.92512392,25.68201388,3011.687296,72.10805835,1406.234528,49.96190341
Iguania,Agamidae,Aphaniotis,Aphaniotis fusca,25.25237295,34.72568882,28.64865658,22.13712964,2907.3823,26.24375472,1006.129393,475.3386264
Iguania,Agamidae,Lyriocephalus,Lyriocephalus scutatus,24.88237206,66.60289564,28.87168183,20.85876374,2413.288382,42.21274081,716.9255055,14.59098157
Iguania,Agamidae,Cophotis,Cophotis dumbara,20.05079365,89.45555556,24.87460317,14.96666667,2377.428571,44.22222222,1067.111111,324.9206349
Iguania,Agamidae,Cophotis,Cophotis ceylanica,18.41016857,70.14268624,22.81049483,13.79945623,2409.071778,37.41000544,960.1919521,307.0358891
Iguania,Agamidae,Ceratophora,Ceratophora karu,25.13076923,57.88461538,28.5,21.59230769,1781.692308,29.38461538,691.6923077,297.3846154
Iguania,Agamidae,Ceratophora,Ceratophora tennentii,22.75131414,95.459199,27.59962453,17.64618273,1983.848561,51.58573217,971.1101377,265.7584481
Iguania,Agamidae,Ceratophora,Ceratophora stoddartii,22.20896763,76.75871974,26.64374453,17.56090697,2231.914698,42.48381452,932.0074366,264.7852143
Iguania,Agamidae,Ceratophora,Ceratophora erdeleni,25.43846154,58.09230769,28.80769231,21.91538462,1731.846154,29.23076923,675.6923077,295.4615385
Iguania,Agamidae,Ceratophora,Ceratophora aspera,25.88062035,56.24969396,29.22837055,22.48739454,2463.911911,39.0719603,947.6738627,276.6410256
Iguania,Agamidae,Mantheyus,Mantheyus phuwuanensis,25.68195359,245.4347178,31.94374105,15.92540819,2928.592094,103.8965912,1078.875,61.95833333
Iguania,Agamidae,Phrynocephalus,Phrynocephalus scutellatus,19.45546394,882.8274427,38.69079194,0.234862443,155.6116091,100.1506573,81.07765912,20.09770059
Iguania,Agamidae,Phrynocephalus,Phrynocephalus arabicus,26.73006267,714.3828124,43.17124484,9.519613925,83.22629307,114.4503748,320.5909953,84.43317536
Iguania,Agamidae,Phrynocephalus,Phrynocephalus maculatus,23.62993332,775.177994,41.19888869,5.787823072,124.4514288,110.4568838,60.90407409,0.25244616
Iguania,Agamidae,Phrynocephalus,Phrynocephalus axillaris,10.00125427,1152.503502,31.1485469,-14.38197386,59.37203451,102.0907569,420.2911877,141.4367816
Iguania,Agamidae,Phrynocephalus,Phrynocephalus versicolor,4.610498426,1219.908892,26.75479451,-20.03812142,185.4587883,98.79499768,228.2037603,6.151466809
Iguania,Agamidae,Phrynocephalus,Phrynocephalus przewalskii,3.75770425,1135.776648,24.61341034,-19.5493665,318.5337965,106.4080166,78.76388976,31.17482239
Iguania,Agamidae,Phrynocephalus,Phrynocephalus guttatus,8.242960118,1231.075514,31.0950982,-13.68781741,215.1476789,32.24709881,536.5562018,165.3187726
Iguania,Agamidae,Phrynocephalus,Phrynocephalus helioscopus,6.401654346,1184.116772,28.34436139,-14.93010115,276.7664459,46.1954419,582.5962509,124.5104542
Iguania,Agamidae,Phrynocephalus,Phrynocephalus persicus,12.33220149,902.6967272,31.68704207,-6.089329181,328.9594305,68.06313894,33.54391105,1.911630584
Iguania,Agamidae,Phrynocephalus,Phrynocephalus strauchi,13.91731992,864.2902158,31.36515526,-3.102030281,289.3080812,55.95095926,87.03288662,1.482088265
Iguania,Agamidae,Phrynocephalus,Phrynocephalus reticulatus,15.69782233,1080.969395,37.66966108,-4.20657429,129.0427762,68.7316787,85.20000469,1.39927784
Iguania,Agamidae,Phrynocephalus,Phrynocephalus raddei,17.22510356,992.2302143,38.00658505,-1.687823228,189.9290218,71.82340085,84.27702948,7.773754684
Iguania,Agamidae,Phrynocephalus,Phrynocephalus mystaceus,11.73374193,1146.693331,34.05666423,-8.78764567,190.9582303,46.26446653,40.34829835,2.267802633
Iguania,Agamidae,Phrynocephalus,Phrynocephalus forsythii,11.26162197,1151.017642,32.03509416,-13.31286038,49.37698135,101.5612056,430.6866667,132.4533333
Iguania,Agamidae,Phrynocephalus,Phrynocephalus putjatai,1.359422342,845.1707051,18.22187889,-19.29458822,348.6200163,99.93974508,119.9405371,31.24759236
Iguania,Agamidae,Phrynocephalus,Phrynocephalus erythrurus,-4.91564639,806.7563624,11.77674605,-23.5893619,256.1468562,115.0392747,535.384,168.704
Iguania,Agamidae,Phrynocephalus,Phrynocephalus vlangalii,4.050965196,1012.739166,23.55656981,-18.19050068,176.8297744,102.2714113,230.7584224,3.148276898
Iguania,Agamidae,Phrynocephalus,Phrynocephalus theobaldi,-3.638330718,757.7577691,11.66529299,-21.23908614,375.5809436,106.9826867,163.3495106,18.20682123
Iguania,Agamidae,Phrynocephalus,Phrynocephalus interscapularis,14.18880368,1098.382126,36.2575712,-5.701747334,166.3752264,61.72538687,1308.377869,658.4976977
Iguania,Agamidae,Phrynocephalus,Phrynocephalus ornatus,21.0550937,871.2265463,40.27103469,1.628241907,130.7693225,106.7099757,200.6678932,10.48130942
Iguania,Agamidae,Paralaudakia,Paralaudakia lehmanni,7.746983238,864.690903,26.25611679,-9.396171427,341.3437582,72.71383363,344.8005521,81.27427872
Iguania,Agamidae,Paralaudakia,Paralaudakia microlepis,18.0738654,862.2361301,37.0459799,-1.074711709,196.9889793,101.1344377,735.8148148,47.2962963
Iguania,Agamidae,Paralaudakia,Paralaudakia erythrogaster,15.66066148,892.4752231,35.32623531,-2.497543485,259.1735221,95.43582816,920.2432432,47.35135135
Iguania,Agamidae,Paralaudakia,Paralaudakia caucasia,13.17140962,895.3082812,32.33118395,-5.025762764,346.8754212,71.78867111,902.0810811,51.62162162
Iguania,Agamidae,Paralaudakia,Paralaudakia stoliczkana,9.674976334,1193.060036,31.33596153,-15.27792721,51.71789151,104.1027486,706.8422417,226.4288954
Iguania,Agamidae,Paralaudakia,Paralaudakia himalayana,4.979281167,919.417343,22.87395323,-14.44212746,349.6029894,77.40506632,1247.040189,221.6241135
Iguania,Agamidae,Laudakia,Laudakia sacra,3.024698062,597.3330025,14.07588241,-10.61715195,723.850763,100.1534501,377.1300879,106.2191948
Iguania,Agamidae,Laudakia,Laudakia tuberculata,5.258772487,712.8192038,19.44018874,-11.27374265,1013.694476,76.81193423,282.5026435,126.46469
Iguania,Agamidae,Laudakia,Laudakia nupta,19.27779944,869.8833552,38.34821476,0.233018316,235.4120589,100.7648742,999.6545015,84.38561321
Iguania,Agamidae,Stellagama,Stellagama stellio,15.99156545,765.132023,33.20179827,0.782311593,411.1523473,72.02997288,203.5873588,17.88097424
Iguania,Agamidae,Bufoniceps,Bufoniceps laungwalaensis,27.84083333,614.295875,43.10263889,10.03397222,167.88125,137.3863889,162.6543056,3.463194444
Iguania,Agamidae,Trapelus,Trapelus agnetae,23.37322545,810.2525919,41.0912411,5.332345235,106.4424799,91.41973087,64.12364978,0.003978198
Iguania,Agamidae,Trapelus,Trapelus savignii,20.62593067,537.7868777,33.8744237,7.715080173,88.0958212,99.06962914,60.81646258,0
Iguania,Agamidae,Trapelus,Trapelus flavimaculatus,26.94535187,625.8394255,41.98233298,10.99992151,81.60688836,113.5232263,60.20922362,1.306381557
Iguania,Agamidae,Trapelus,Trapelus sanguinolentus,11.3292149,1113.432698,33.22116385,-8.995645258,210.7203508,52.42729605,97.95367894,16.30622854
Iguania,Agamidae,Trapelus,Trapelus agilis,18.24654243,865.6846061,36.99659076,-0.599124274,226.9747329,92.82905332,142.6001227,6.566784954
Iguania,Agamidae,Trapelus,Trapelus boehmei,24.85442449,596.9990693,40.21184104,9.460583472,114.5570245,102.3874054,69.22095926,4.742013671
Iguania,Agamidae,Trapelus,Trapelus mutabilis,24.8213738,626.6223246,39.75130971,8.487729029,49.28282675,153.555288,40.6051568,0.712501881
Iguania,Agamidae,Trapelus,Trapelus ruderatus,19.04286489,871.7160444,38.02341971,0.969062339,273.732562,83.7720033,144.9350369,6.582577619
Iguania,Agamidae,Agama,Agama boulengeri,29.31283769,430.5745334,41.73257289,15.54216515,249.2581288,136.0971993,228.4570826,0.817615931
Iguania,Agamidae,Agama,Agama bottegi,28.168,147.304,36.836,21.864,382.72,112.4,252.68,7.4
Iguania,Agamidae,Agama,Agama spinosa,25.36344856,284.5275565,35.52466196,15.07180267,481.8420021,118.0885776,356.8798324,10.79198333
Iguania,Agamidae,Agama,Agama tassiliensis,25.31979143,651.6474702,40.29740163,7.489385174,37.76290169,142.1707929,34.95967709,0.667616028
Iguania,Agamidae,Agama,Agama impalearis,20.86422137,605.644485,36.66661458,6.175749541,191.2288628,84.68191484,97.75306972,6.851311522
Iguania,Agamidae,Agama,Agama boueti,28.70460852,436.9759337,41.04773047,14.22843476,229.5937532,150.8863071,229.8488066,0.194149063
Iguania,Agamidae,Agama,Agama hartmanni,28.39777875,496.7784333,41.27621271,13.07039636,96.30556083,193.0479375,102.2750642,0.006682888
Iguania,Agamidae,Agama,Agama sankaranica,26.91243733,208.0860235,36.7539825,18.12416724,1082.17297,98.43842313,696.5650266,9.755380845
Iguania,Agamidae,Agama,Agama boensis,27.40943805,222.7481111,38.08820817,18.24151086,1470.720352,117.0008438,1111.665023,1.30881112
Iguania,Agamidae,Agama,Agama paragama,25.75372424,191.479229,35.25841001,17.58962163,1167.070608,96.24577333,692.4467072,13.92770703
Iguania,Agamidae,Agama,Agama agama,25.29105442,172.8886459,33.70143108,17.64508196,1118.462234,90.70101113,627.7432945,38.12646457
Iguania,Agamidae,Agama,Agama finchi,22.76735798,95.96619751,29.84351355,17.50036853,1304.135139,40.97514408,513.5048026,121.813463
Iguania,Agamidae,Agama,Agama planiceps,21.17627878,204.9896955,30.58876177,10.13960187,645.6680167,106.9479974,401.6935975,0.314904696
Iguania,Agamidae,Agama,Agama lebretoni,23.35871767,104.6348832,29.43467829,19.17877708,2175.791994,68.44349031,1101.531294,53.93314513
Iguania,Agamidae,Agama,Agama africana,25.67291733,145.8115574,33.24137097,19.41871922,1953.776872,81.73292295,1136.202167,52.43039821
Iguania,Agamidae,Agama,Agama parafricana,26.36988864,142.8789425,34.04574719,20.67631456,1171.306473,69.91463654,577.8359719,25.42987782
Iguania,Agamidae,Agama,Agama caudospinosa,18.60547978,106.8890845,26.66027762,12.11186075,1059.03781,45.45552495,452.5115567,126.5536631
Iguania,Agamidae,Agama,Agama rueppelli,24.52437847,100.3265025,31.78076468,17.91525516,594.3840708,84.4322673,339.35004,28.71292657
Iguania,Agamidae,Agama,Agama turuensis,21.13060223,116.604342,29.47727881,13.18734572,737.1171747,96.42096654,426.0681041,0.86795539
Iguania,Agamidae,Agama,Agama kaimosae,19.34457294,95.54087508,27.01430437,12.6313869,935.1608392,59.7575032,441.3110664,77.00405431
Iguania,Agamidae,Agama,Agama mwanzae,21.9279487,109.2379568,29.61193288,16.18876486,990.6989012,73.4693929,483.2694485,25.33447627
Iguania,Agamidae,Agama,Agama lionotus,23.66064171,127.3289255,31.11214817,16.84549255,761.4731405,90.38122701,446.3351211,19.45217554
Iguania,Agamidae,Agama,Agama doriae,25.6568622,192.2409569,35.4578885,17.42407398,998.7165819,101.1604034,647.2807013,8.673226354
Iguania,Agamidae,Agama,Agama etoshae,22.5273688,308.0510235,33.3517378,9.37959761,413.4123733,113.2802114,305.2429535,0
Iguania,Agamidae,Agama,Agama hispida,17.01693081,446.0267537,29.72314167,4.593532415,216.9262244,53.48110778,103.4380932,21.0661363
Iguania,Agamidae,Agama,Agama aculeata,20.39023064,345.8239806,31.05046891,7.962632352,664.0833918,87.24164304,371.7581396,12.42847658
Iguania,Agamidae,Agama,Agama armata,21.73843182,262.6310469,30.95039574,11.45540083,874.6918197,100.4124889,565.6635153,11.83635201
Iguania,Agamidae,Agama,Agama kirkii,21.87354384,282.4585497,31.15270685,11.1879193,860.2014304,104.0454018,577.2766531,13.01206399
Iguania,Agamidae,Agama,Agama montana,23.01615436,148.1697779,29.22122878,16.25080398,1223.403635,70.7334156,699.6652457,74.81115848
Iguania,Agamidae,Agama,Agama mossambica,23.46079666,189.2202065,30.62803147,15.65028623,1150.398818,94.08219245,708.7856599,27.7282196
Iguania,Agamidae,Agama,Agama atra,16.89692019,452.034336,28.60421425,3.286543884,452.1605144,59.63022084,212.96486,30.53029812
Iguania,Agamidae,Agama,Agama anchietae,20.59018003,400.5500195,32.29343199,7.166709805,345.4999487,100.0785019,233.8035494,5.301976862
Iguania,Agamidae,Agama,Agama insularis,25.50222442,172.7411648,35.13328861,18.15962494,2246.316283,102.1782284,1569.2975,7.857249581
Iguania,Agamidae,Agama,Agama weidholzi,27.68003233,226.5266293,38.08140893,17.91530002,1081.210451,119.7900839,820.6898536,2.496784694
Iguania,Agamidae,Agama,Agama cristata,27.69303349,242.1147357,38.39775709,17.68480724,1031.071115,113.2819488,796.1240008,0.8180883
Iguania,Agamidae,Agama,Agama gracilimembris,26.69112485,205.9747805,36.79877283,17.95254886,1066.002422,101.0005151,709.441215,4.005129896
Iguania,Agamidae,Acanthocercus,Acanthocercus yemensis,20.98729498,289.7617615,31.36819137,10.44967565,187.7908665,96.34475323,123.3782573,4.548726549
Iguania,Agamidae,Pseudotrapelus,Pseudotrapelus sinaitus,25.81802269,584.424523,39.99609646,10.16490537,67.59912729,160.7902098,1072.214894,13.07451417
Iguania,Agamidae,Pseudotrapelus,Pseudotrapelus dhofarensis,23.61538462,323.8846154,33.46923077,12.96923077,56.76923077,82.30769231,245.1057663,46.99640997
Iguania,Agamidae,Pseudotrapelus,Pseudotrapelus jensvindumi,23.11666667,529.9666667,37.20833333,9.45,164.1666667,85.75,979.404007,154.1404841
Iguania,Agamidae,Pseudotrapelus,Pseudotrapelus aqabensis,20.06617254,657.3891663,35.82525635,3.978689255,25.3648016,88.11268391,319.5481549,67.48414423
Iguania,Agamidae,Agama,Agama robecchii,25.95968084,170.5278955,32.909869,17.97208443,183.2780211,109.1426761,128.0873072,3.163203463
Iguania,Agamidae,Acanthocercus,Acanthocercus annectans,25.25147134,182.7419105,33.38205545,17.14497542,408.0292537,94.00493663,258.4559476,16.94084206
Iguania,Agamidae,Acanthocercus,Acanthocercus cyanogaster,21.41113625,116.3738589,28.73602155,15.08325277,1087.585695,77.96922238,572.691725,51.55781045
Iguania,Agamidae,Xenagama,Xenagama taylori,22.72371891,131.2290477,30.21333494,14.02705627,445.450004,80.86914594,239.4427111,14.24056991
Iguania,Agamidae,Xenagama,Xenagama batillifera,22.3437708,165.8011937,29.95164491,13.33144201,470.8541507,76.05835573,244.5583237,17.65252176
Iguania,Agamidae,Xenagama,Xenagama wilmsi,21.35067587,113.2937254,28.64730611,12.70274662,550.5584316,78.81046879,285.0927524,20.30677787
Iguania,Agamidae,Acanthocercus,Acanthocercus atricollis,21.9893058,177.7356249,30.16183507,13.83308264,1010.271769,84.59134097,557.1073097,28.75702235
Iguania,Agamidae,Leiolepis,Leiolepis boehmei,27.21482079,69.96047791,30.63731273,24.14249953,1928.10421,62.99355206,576.6139313,109.1766878
Iguania,Agamidae,Leiolepis,Leiolepis guttata,26.15390755,155.3362234,30.67875559,20.97116759,1815.538909,84.58135729,282.990566,95.2908805
Iguania,Agamidae,Leiolepis,Leiolepis guentherpetersi,25.64048252,256.2512779,31.04095277,19.43324474,2887.383971,93.4166837,544.6225831,178.3173989
Iguania,Agamidae,Leiolepis,Leiolepis belliana,25.54763229,168.458723,31.78767131,18.08517717,1897.904534,78.39224777,426.6957541,88.35428729
Iguania,Agamidae,Leiolepis,Leiolepis reevesii,23.20374575,403.0845052,31.21458061,12.24887128,1675.262923,74.48291454,517.607061,124.6425697
Iguania,Agamidae,Uromastyx,Uromastyx macfadyeni,25.34004946,241.6246939,32.89561657,16.22767047,154.5331433,94.42217799,98.18598269,4.776418167
Iguania,Agamidae,Uromastyx,Uromastyx princeps,25.89398431,216.7942138,33.30128743,17.34380753,148.1714422,108.6583405,103.9882756,3.757077679
Iguania,Agamidae,Uromastyx,Uromastyx nigriventris,22.36490974,799.0487419,41.59225626,4.8875409,94.13057326,65.3393708,39.9552457,5.532313858
Iguania,Agamidae,Uromastyx,Uromastyx acanthinura,22.12135155,738.8270076,38.72355257,5.80978594,84.71303793,77.62120315,42.69072843,2.937933442
Iguania,Agamidae,Uromastyx,Uromastyx dispar,26.58062624,618.2799015,41.53261215,9.68224189,39.60873853,156.7986147,39.3442953,0.45311001
Iguania,Agamidae,Uromastyx,Uromastyx geyri,27.2233465,616.6149836,41.75938085,9.782467424,59.3915919,130.8281796,59.39257601,0.625785959
Iguania,Agamidae,Uromastyx,Uromastyx yemenensis,27.01008928,319.1915134,35.94888674,17.64527267,143.7543294,82.12143702,95.75239325,6.972464236
Iguania,Agamidae,Uromastyx,Uromastyx benti,25.18572628,379.2060603,36.22328819,13.48836882,132.8650764,86.31802612,79.63134385,4.621966353
Iguania,Agamidae,Uromastyx,Uromastyx shobraki,23.95180874,241.007465,32.83643967,14.76839757,346.2324179,87.9398132,203.2950443,10.124242
Iguania,Agamidae,Uromastyx,Uromastyx ocellata,26.20517824,340.6322733,37.05434679,14.57497991,381.6642864,136.4130341,287.4532628,8.331379171
Iguania,Agamidae,Uromastyx,Uromastyx ornata,24.56353391,577.2256263,38.50490071,9.592173764,93.45381947,89.13290724,55.59727083,3.554692734
Iguania,Agamidae,Uromastyx,Uromastyx aegyptia,25.57874158,701.338676,41.75482284,8.836300817,83.33176222,107.1286427,56.33630117,0.62240264
Iguania,Agamidae,Uromastyx,Uromastyx thomasi,27.21870055,380.8990742,38.53843746,15.72786587,48.51101481,97.77144139,31.02958075,2.380533395
Iguania,Agamidae,Saara,Saara hardwickii,25.19215915,605.1056494,39.63670279,8.149297898,506.939328,126.1985289,438.2465446,13.82026548
Iguania,Agamidae,Saara,Saara loricata,24.16895469,943.892072,44.53124342,5.189079849,302.1112325,102.5679047,203.8302668,0.061933919
Iguania,Agamidae,Saara,Saara asmussi,21.42346344,872.9866685,40.45003408,1.999941332,109.6651546,106.640992,73.25147992,0.916030713
Iguania,Chamaeleonidae,Palleon,Palleon nasus,19.37487198,238.2935744,25.13300085,12.373781,1703.336243,61.37097564,376.5571763,32.966349
Iguania,Chamaeleonidae,Palleon,Palleon lolontany,16.37402377,112.6173175,21.87232598,10.33378608,2359.724958,94.07640068,335.5451489,0
Iguania,Chamaeleonidae,Brookesia,Brookesia confidens,25.12198142,107.120743,28.79318885,20.64117647,1465.786378,118.3900929,1206.965944,33.17027864
Iguania,Chamaeleonidae,Brookesia,Brookesia tuberculata,21.92641921,97.29257642,24.6139738,18.35633188,1478.010917,122.349345,1258.377729,33.98689956
Iguania,Chamaeleonidae,Brookesia,Brookesia micra,26.3,110.5,28.63333333,23.26666667,1235,116.3333333,1009,34.66666667
Iguania,Chamaeleonidae,Brookesia,Brookesia tristis,24.42503411,105.9315143,27.2941337,20.69774898,1337.155184,115.606412,1076.148363,36.42462483
Iguania,Chamaeleonidae,Brookesia,Brookesia desperata,23.91147541,104.0622951,26.44262295,20.51639344,1236.737705,117.5081967,1025.557377,33.27868852
Iguania,Chamaeleonidae,Brookesia,Brookesia minima,23.55838678,111.1324274,27.97145342,18.31698011,2138.483966,96.53516687,1426.800087,78.22904664
Iguania,Chamaeleonidae,Brookesia,Brookesia peyrierasi,23.23223294,187.6442322,27.38043398,18.90022255,2849.598294,38.47181009,1080.845141,311.2275593
Iguania,Chamaeleonidae,Brookesia,Brookesia karchei,20.47603687,170.3076037,25.07476959,14.99735023,2593.064516,44.26267281,1120.37212,308.6324885
Iguania,Chamaeleonidae,Brookesia,Brookesia ramanantsoai,18.15241297,244.5014636,24.56159019,10.78140823,1822.515032,83.18947785,1025.88212,102.4200949
Iguania,Chamaeleonidae,Brookesia,Brookesia dentata,22.84958287,187.0035039,29.37714127,15.31960512,1722.879032,103.0764739,1157.485539,40.27252503
Iguania,Chamaeleonidae,Brookesia,Brookesia exarmata,24.27231041,145.3789683,29.45648148,16.88862434,1257.848325,116.7319224,951.5449735,9.635361552
Iguania,Chamaeleonidae,Brookesia,Brookesia therezieni,20.10079655,209.5671139,25.32700857,14.22757225,2720.246798,49.27056208,1175.298058,284.1678575
Iguania,Chamaeleonidae,Brookesia,Brookesia superciliaris,20.84269856,223.2257321,26.2136094,14.62863071,2357.518051,54.17637234,1053.302801,231.87097
Iguania,Chamaeleonidae,Brookesia,Brookesia betschi,20.08285945,143.6046515,25.27791221,14.16188748,2233.842979,72.24218592,1241.663507,179.3128991
Iguania,Chamaeleonidae,Brookesia,Brookesia thieli,19.24486586,222.7011084,25.0539044,12.59716514,2262.114705,63.65894308,1078.761302,199.4351963
Iguania,Chamaeleonidae,Brookesia,Brookesia vadoni,21.31498985,189.7399955,26.08586172,15.96901083,2698.928716,42.60235732,1111.998252,294.7710354
Iguania,Chamaeleonidae,Brookesia,Brookesia lineata,20.27591885,115.3756248,25.43328433,14.42784475,2181.582476,98.46486328,1490.526316,82.30226404
Iguania,Chamaeleonidae,Brookesia,Brookesia ebenaui,23.66764148,116.4592365,28.10885143,18.51043643,1663.952952,99.73490345,1154.671894,68.53979239
Iguania,Chamaeleonidae,Brookesia,Brookesia griveaudi,23.12767791,167.7242615,27.43635313,18.1947337,2278.959197,46.84906012,961.901201,260.0818663
Iguania,Chamaeleonidae,Brookesia,Brookesia valerieae,22.65715655,115.6606709,27.62488818,16.92942492,2120.021406,98.45591054,1437.834185,72.84408946
Iguania,Chamaeleonidae,Brookesia,Brookesia stumpffi,25.30050524,120.3352354,29.94851081,19.68016311,1712.539371,103.6321178,1199.766583,57.16633073
Iguania,Chamaeleonidae,Brookesia,Brookesia antakarana,21.92641921,97.29257642,24.6139738,18.35633188,1478.010917,122.349345,1258.377729,33.98689956
Iguania,Chamaeleonidae,Brookesia,Brookesia brunoi,18.75909091,250.0136364,25.27727273,10.72727273,1130.090909,85.54545455,689.4090909,60.27272727
Iguania,Chamaeleonidae,Brookesia,Brookesia decaryi,26.86098376,143.8038204,33.572851,19.16212989,1659.865091,116.2657593,1220.759074,1.390639924
Iguania,Chamaeleonidae,Brookesia,Brookesia bonsi,25.88555556,104.1940741,31.19222222,18.85,1819.718519,122.4259259,1441.955556,4.618518519
Iguania,Chamaeleonidae,Brookesia,Brookesia brygooi,24.6096936,171.2887791,30.91788786,16.34837133,1227.200885,120.2646455,962.5684622,6.198391872
Iguania,Chamaeleonidae,Brookesia,Brookesia perarmata,24.41963323,147.6640777,29.52783172,17.06957929,1242.907228,117.8705502,947.1003236,9.391585761
Iguania,Chamaeleonidae,Rhampholeon,Rhampholeon moyeri,17.16722408,146.0631438,24.01638796,9.660869565,1326.2,84.5993311,757.9264214,28.99531773
Iguania,Chamaeleonidae,Rhampholeon,Rhampholeon uluguruensis,22.67236734,152.9657137,28.83476061,15.42710139,1036.249383,71.82752514,564.8646512,42.62001138
Iguania,Chamaeleonidae,Rhampholeon,Rhampholeon nchisiensis,20.29646635,205.368577,28.77729643,11.66512082,1229.087001,100.0137205,772.047746,11.09513452
Iguania,Chamaeleonidae,Rhampholeon,Rhampholeon chapmanorum,21.36573592,256.0113109,29.94443919,12.14879319,1284.258874,85.96734501,741.7382868,65.92096545
Iguania,Chamaeleonidae,Rhampholeon,Rhampholeon platyceps,21.92725307,243.4911668,30.16474149,13.02142195,1181.241275,91.78849836,722.1824696,53.74118228
Iguania,Chamaeleonidae,Rhampholeon,Rhampholeon acuminatus,18.18918919,143.2648649,24.37027027,11.20540541,1160.837838,69.13513514,570.5135135,47.7027027
Iguania,Chamaeleonidae,Rhampholeon,Rhampholeon beraduccii,19.81923077,135.1423077,26.81923077,12.46923077,2586.884615,89.42307692,1665.961538,56.88461538
Iguania,Chamaeleonidae,Rhampholeon,Rhampholeon boulengeri,21.47277843,63.33979966,26.73621885,17.53721522,1708.425892,39.60927502,621.9498098,169.6849359
Iguania,Chamaeleonidae,Rhampholeon,Rhampholeon gorongosae,23.67596586,253.6779706,31.56617812,14.37510669,1034.049472,90.24006065,634.8865117,45.80104447
Iguania,Chamaeleonidae,Rhampholeon,Rhampholeon marshalli,20.81105059,273.5521456,29.03658219,10.4211744,1021.008598,94.84471059,642.4760029,33.74684093
Iguania,Chamaeleonidae,Rhampholeon,Rhampholeon spinosus,21.36905317,153.4008049,27.97519593,15.48947257,1263.165219,57.16119466,663.5712773,140.8443126
Iguania,Chamaeleonidae,Rhampholeon,Rhampholeon temporalis,24.24850065,147.6367294,29.90758056,19.1871857,1384.217918,52.97802198,714.9474763,166.2466009
Iguania,Chamaeleonidae,Rhampholeon,Rhampholeon viridis,22.39177069,167.6141701,29.92730005,15.3157035,789.2786254,65.09855139,410.5722762,54.71790723
Iguania,Chamaeleonidae,Rhampholeon,Rhampholeon spectrum,23.82883065,84.71839052,28.94121275,19.41369582,1759.883119,56.16528241,782.6809953,96.60938021
Iguania,Chamaeleonidae,Furcifer,Furcifer balteatus,20.17968964,239.3891602,25.97875399,13.23158375,1875.350981,56.15107257,376.1671924,8.737469331
Iguania,Chamaeleonidae,Furcifer,Furcifer petteri,25.21917829,113.9419421,28.63839448,20.96582777,1340.342708,104.5137204,1172.30973,190.5424673
Iguania,Chamaeleonidae,Furcifer,Furcifer campani,16.74727566,238.1021317,23.34122502,8.719756113,1358.972539,89.80206653,1094.600864,283.9402107
Iguania,Chamaeleonidae,Furcifer,Furcifer angeli,26.68101957,126.9982357,32.49659265,19.79685901,1621.033309,118.9727306,788.2546453,29.88232018
Iguania,Chamaeleonidae,Furcifer,Furcifer pardalis,22.24910687,168.9444732,27.13195889,16.78647963,2280.91844,69.11558413,922.7524955,76.40576454
Iguania,Chamaeleonidae,Furcifer,Furcifer rhinoceratus,26.79044255,122.6455168,32.3038201,20.04023713,1610.701672,119.4214718,844.6868687,61.07272727
Iguania,Chamaeleonidae,Furcifer,Furcifer polleni,25.97272727,113.2438384,27.90464646,23.60323232,1492.066667,83.35757576,987.1506974,53.80313827
Iguania,Chamaeleonidae,Furcifer,Furcifer cephalolepis,23.20833333,110.4494337,25.05800971,20.93956311,2416.559871,51.34546926,849.7769021,51.24934839
Iguania,Chamaeleonidae,Furcifer,Furcifer oustaleti,22.50373674,201.1843708,28.68034894,14.92425456,1484.141605,94.42628822,956.038769,9.522781775
Iguania,Chamaeleonidae,Furcifer,Furcifer nicosiai,24.23097522,145.7546363,29.42374101,16.83669065,1260.568745,117.0367706,743.6976554,28.19201662
Iguania,Chamaeleonidae,Furcifer,Furcifer verrucosus,23.66874908,209.8442291,30.16326478,15.3043073,971.9637536,108.988086,1257.151188,34.07991361
Iguania,Chamaeleonidae,Furcifer,Furcifer belalandaensis,25.4,235.8923077,30.59230769,17.65384615,423.5384615,100.2307692,875.9705614,181.7866271
Iguania,Chamaeleonidae,Furcifer,Furcifer antimena,24.8021381,228.1580442,30.17983409,16.8710597,464.5903727,119.3732913,1251.420882,6.608391793
Iguania,Chamaeleonidae,Furcifer,Furcifer labordi,25.55392394,198.063799,30.81691211,17.83080436,664.3577221,132.6027589,1070.326052,271.9846278
Iguania,Chamaeleonidae,Furcifer,Furcifer major,22.26087444,251.3139506,29.14585923,13.5399968,819.1531799,95.723202,845.2654467,80.2209174
Iguania,Chamaeleonidae,Furcifer,Furcifer viridis,24.10288405,160.3812647,30.21381187,16.53289198,1454.44219,112.9617214,722.7210202,22.81196892
Iguania,Chamaeleonidae,Furcifer,Furcifer lateralis,21.95418994,219.6191858,28.36601945,14.0576363,1411.557136,92.19948468,574.7009973,4.671777426
Iguania,Chamaeleonidae,Furcifer,Furcifer minor,17.95669981,230.9300564,24.77351981,9.566597418,1080.209749,99.9925805,547.3441091,38.73112057
Iguania,Chamaeleonidae,Furcifer,Furcifer willsii,20.39157786,204.9999068,25.88594702,14.2095578,2378.317098,61.03017955,1072.615626,27.39062556
Iguania,Chamaeleonidae,Furcifer,Furcifer timoni,21.92073434,97.28488121,24.60691145,18.35183585,1477.954644,122.224622,1234.797607,4.283551968
Iguania,Chamaeleonidae,Furcifer,Furcifer bifidus,22.44402835,196.0957723,27.07270938,17.25178584,2611.318955,47.13765581,291.3846154,14
Iguania,Chamaeleonidae,Calumma,Calumma vencesi,19.49300518,178.6158031,24.49591969,13.67389896,2707.373705,44.0492228,1156.875648,308.6282383
Iguania,Chamaeleonidae,Calumma,Calumma marojezense,22.16653591,185.1379969,26.67276848,17.19470886,2663.695694,39.10024407,1050.298727,307.7679568
Iguania,Chamaeleonidae,Calumma,Calumma furcifer,20.47616869,222.1784893,25.71904496,14.65512663,2780.91119,50.76782327,1223.327457,295.9851612
Iguania,Chamaeleonidae,Calumma,Calumma tarzan,18.68055556,243.5111111,24.81666667,11.61388889,1811.083333,72.27777778,935.5833333,135.5277778
Iguania,Chamaeleonidae,Calumma,Calumma guillaumeti,18.79479507,144.0469952,24.20313469,12.70685609,2254.808147,74.25379264,1278.317911,173.9205431
Iguania,Chamaeleonidae,Calumma,Calumma gastrotaenia,19.28137473,225.867269,25.71159802,11.80175322,1820.943128,82.6091092,1026.391816,109.3584311
Iguania,Chamaeleonidae,Calumma,Calumma glawi,18.50247723,245.1982149,24.76797814,10.97872495,1743.010929,68.44371585,897.0513661,131.9234973
Iguania,Chamaeleonidae,Calumma,Calumma andringitraense,16.92794357,234.5924579,22.70591427,9.940531742,1686.07325,65.47097124,862.2626153,150.8779164
Iguania,Chamaeleonidae,Calumma,Calumma malthe,19.61291838,200.2374797,25.02541058,13.49378825,2485.965983,58.44306544,1162.136693,234.8081522
Iguania,Chamaeleonidae,Calumma,Calumma gallus,21.85216397,233.2819278,27.22020218,15.55770372,2104.94216,54.5055954,962.5219797,212.9883764
Iguania,Chamaeleonidae,Calumma,Calumma vohibola,24.21744604,205.4354317,28.44730216,19.62769784,3111.431655,41.29136691,1298.938849,328.8093525
Iguania,Chamaeleonidae,Calumma,Calumma boettgeri,22.24753063,136.8287471,26.95027489,16.83447095,1977.16172,79.00125798,1138.309789,147.2626613
Iguania,Chamaeleonidae,Calumma,Calumma nasutum,20.54762277,205.7634719,26.17563486,13.98149005,1948.91832,72.25891305,1022.746723,152.6868966
Iguania,Chamaeleonidae,Calumma,Calumma fallax,20.48709723,240.1171896,26.36255376,13.50288373,2044.431503,60.02340831,964.3942748,180.0239724
Iguania,Chamaeleonidae,Calumma,Calumma peyrierasi,18.65490091,151.9307445,23.71242635,12.84027852,2385.386181,61.93251205,1217.444563,228.7621853
Iguania,Chamaeleonidae,Calumma,Calumma brevicorne,19.64272127,214.424783,25.17339993,13.2302384,2273.594052,57.41496034,1063.485899,219.019936
Iguania,Chamaeleonidae,Calumma,Calumma crypticum,19.08964667,217.6592481,25.16933431,11.90774216,1893.509078,75.35870474,1016.56639,136.7143168
Iguania,Chamaeleonidae,Calumma,Calumma peltierorum,17.73939707,134.0048937,23.19545736,11.65306628,2317.833161,79.63927318,1370.798472,165.0045426
Iguania,Chamaeleonidae,Calumma,Calumma amber,22.69034792,99.35476992,25.39180696,19.09943883,1408.698092,120.4062851,1175.682379,33.71156004
Iguania,Chamaeleonidae,Calumma,Calumma hafahafa,18.01139506,132.2246334,23.60330959,11.80079598,2179.300796,87.82320905,1373.92124,113.4243821
Iguania,Chamaeleonidae,Calumma,Calumma tsaratananense,18.74565499,118.4153048,24.26467791,12.65179421,2160.58971,96.538262,1465.470385,96.39948119
Iguania,Chamaeleonidae,Calumma,Calumma hilleniusi,17.52502444,213.6623656,23.86637341,9.680351906,1519.887586,87.59237537,946.7702835,72.54447703
Iguania,Chamaeleonidae,Calumma,Calumma guibei,18.8288555,119.2095007,24.35788776,12.72319929,2158.69156,96.61025188,1465.628811,95.80512594
Iguania,Chamaeleonidae,Calumma,Calumma cucullatum,21.41539115,208.43671,26.29459512,15.95907784,2982.890301,43.74691197,1223.878341,321.2397556
Iguania,Chamaeleonidae,Trioceros,Trioceros oweni,23.53131342,63.05335827,28.02134414,19.77029667,1813.857481,43.14709393,723.0496024,156.6899412
Iguania,Chamaeleonidae,Trioceros,Trioceros melleri,23.68424137,167.4464229,30.66499339,16.36800367,1134.771843,94.81366561,702.1350631,26.44767943
Iguania,Chamaeleonidae,Trioceros,Trioceros ituriensis,21.87322066,57.70558856,26.71472413,18.24085351,1809.914095,35.80249368,645.9144681,191.2174851
Iguania,Chamaeleonidae,Trioceros,Trioceros johnstoni,21.09670048,67.50266527,26.58359741,17.14970778,1640.803276,40.03000699,598.4241481,150.1204435
Iguania,Chamaeleonidae,Trioceros,Trioceros hanangensis,19.92701271,112.5713983,27.88527542,11.80370763,777.8061441,90.70021186,415.4216102,2.862288136
Iguania,Chamaeleonidae,Trioceros,Trioceros schubotzi,17.83417149,75.6257381,24.5260065,11.42231954,1113.59839,76.77355559,616.6766492,75.75321373
Iguania,Chamaeleonidae,Trioceros,Trioceros narraioca,19.7375,58.015625,26.228125,13.75625,453.125,78.875,283.5625,28.09375
Iguania,Chamaeleonidae,Trioceros,Trioceros nyirit,17.66968869,112.2762971,25.67924631,11.70125614,1150.192245,46.09284544,494.7842709,115.0830147
Iguania,Chamaeleonidae,Trioceros,Trioceros kinangopensis,9.659259259,88.97037037,17.11111111,3.037037037,1891.296296,54.14814815,926.962963,262.7407407
Iguania,Chamaeleonidae,Trioceros,Trioceros ellioti,21.85844742,89.96330506,28.41603132,17.08951861,1447.543008,52.09642475,588.7954225,105.1450277
Iguania,Chamaeleonidae,Trioceros,Trioceros rudis,21.658012,82.33813585,27.94026814,17.09023332,1411.163803,49.63964105,561.6854317,99.2418708
Iguania,Chamaeleonidae,Trioceros,Trioceros sternfeldi,19.02523364,128.393238,26.40021205,10.83030708,981.8852588,80.88635828,608.0643211,33.08968821
Iguania,Chamaeleonidae,Trioceros,Trioceros hoehnelii,17.95222818,105.2289796,25.83972613,11.53800215,1127.048728,48.82902758,498.6961318,123.5137124
Iguania,Chamaeleonidae,Trioceros,Trioceros bitaeniatus,22.8397499,98.37474189,29.85820097,17.28600176,995.5355126,63.67806024,464.2195066,65.06655781
Iguania,Chamaeleonidae,Trioceros,Trioceros conirostratus,18.12954545,88.25,25.19090909,12.425,797.2272727,53.45454545,357.7045455,69.40909091
Iguania,Chamaeleonidae,Trioceros,Trioceros jacksonii,22.99869359,101.5798811,29.90299814,16.45424181,662.9031185,90.81065437,394.5269676,32.22233923
Iguania,Chamaeleonidae,Trioceros,Trioceros goetzei,18.89671565,184.9430911,27.51299374,10.29676986,1191.183005,96.53734378,717.3886464,10.86664679
Iguania,Chamaeleonidae,Trioceros,Trioceros werneri,20.45445949,155.6048031,27.59992726,12.63926762,990.9288437,88.82222222,578.2010534,20.52450464
Iguania,Chamaeleonidae,Trioceros,Trioceros laterispinis,18.29138444,162.267344,26.377422,10.17400965,1034.382902,98.94304187,623.626796,6.69683908
Iguania,Chamaeleonidae,Trioceros,Trioceros tempeli,17.45148167,168.0066176,25.75935909,9.157307085,1082.185484,98.18116568,647.0212943,7.578580576
Iguania,Chamaeleonidae,Trioceros,Trioceros fuelleborni,16.17171103,179.9174905,25.36326996,7.169505703,1572.628897,85.18022814,929.8098859,25.37718631
Iguania,Chamaeleonidae,Trioceros,Trioceros incornutus,16.24762421,182.299501,24.89906704,7.601243943,1332.424315,93.25363419,796.4895494,16.13394084
Iguania,Chamaeleonidae,Trioceros,Trioceros deremensis,22.6313926,151.134169,28.91184232,16.02027599,1158.184617,64.50959371,632.0605311,85.18907032
Iguania,Chamaeleonidae,Trioceros,Trioceros harennae,14.32397085,97.77972736,22.22692671,7.895923876,1353.100958,54.27736537,598.3938453,88.88244028
Iguania,Chamaeleonidae,Trioceros,Trioceros balebicornutus,13.76919463,101.8865772,21.74362416,7.323758389,1367.212752,52.34630872,608.6973154,96.78322148
Iguania,Chamaeleonidae,Trioceros,Trioceros affinis,18.91031328,119.0286199,26.59470031,11.9026122,1201.6457,78.58776289,697.0875561,47.82292302
Iguania,Chamaeleonidae,Trioceros,Trioceros feae,19.6879017,89.02136106,21.75888469,17.74404537,3236.55293,60.17485822,1441.523629,140.4867675
Iguania,Chamaeleonidae,Trioceros,Trioceros camerunensis,23.84143998,82.31859154,27.98332096,21.03632382,2466.519314,65.87148984,1266.577477,77.72706745
Iguania,Chamaeleonidae,Trioceros,Trioceros montium,24.43685469,119.9968101,30.84707804,20.43944291,2767.024567,71.75729742,1399.938771,59.45870609
Iguania,Chamaeleonidae,Trioceros,Trioceros cristatus,23.96935839,86.4971212,28.93578867,19.600486,1779.514557,59.80537567,819.2915207,71.08457355
Iguania,Chamaeleonidae,Trioceros,Trioceros quadricornis,22.99584703,132.3566863,30.51334884,18.39856832,2444.411927,73.67577015,1258.875272,42.74456855
Iguania,Chamaeleonidae,Trioceros,Trioceros wiedersheimi,22.98056507,143.5383413,31.3462862,17.4312952,2161.764758,76.80272674,1120.121726,29.8298384
Iguania,Chamaeleonidae,Trioceros,Trioceros serratus,22.81835185,148.9106319,31.60408912,17.14175231,2111.89537,75.98059028,1078.25316,27.42472222
Iguania,Chamaeleonidae,Trioceros,Trioceros pfefferi,22.99584703,132.3566863,30.51334884,18.39856832,2444.411927,73.67577015,1258.875272,42.74456855
Iguania,Chamaeleonidae,Trioceros,Trioceros perreti,20.59367847,100.0394005,26.5547139,17.15177112,2631.016894,70.70953678,1340.085014,49.97874659
Iguania,Chamaeleonidae,Kinyongia,Kinyongia excubitor,15.75748658,78.213474,22.73026097,9.280029613,1105.704053,63.02480104,801.3285776,40.52332563
Iguania,Chamaeleonidae,Kinyongia,Kinyongia carpenteri,18.16652397,33.71897474,23.02034461,14.05769478,1263.767123,34.59931507,807.3932812,80.05456361
Iguania,Chamaeleonidae,Kinyongia,Kinyongia xenorhina,17.75343407,33.7783284,22.46520499,13.74771767,1289.458369,31.05515638,816.0033389,190.6677796
Iguania,Chamaeleonidae,Kinyongia,Kinyongia gyrolepis,18.1739565,71.90793651,24.56560847,13.69853028,1228.995885,38.54673721,1078.323275,192.8947266
Iguania,Chamaeleonidae,Kinyongia,Kinyongia adolfifriderici,20.37064753,58.19629739,25.72612852,16.37118097,1535.159972,35.4063219,915.5324448,309.8952958
Iguania,Chamaeleonidae,Kinyongia,Kinyongia uthmoelleri,21.30615401,149.3838594,28.85948972,13.00491117,831.2620384,81.56440089,487.6255144,118.6895944
Iguania,Chamaeleonidae,Kinyongia,Kinyongia matschiei,22.52804674,146.3627713,28.42404007,17.30517529,1587.891486,52.04841402,656.1392839,77.42010711
Iguania,Chamaeleonidae,Kinyongia,Kinyongia multituberculata,19.29411287,149.7577345,26.04815266,13.28457166,1277.242793,58.08120179,543.7469322,166.9398214
Iguania,Chamaeleonidae,Kinyongia,Kinyongia fischeri,22.40898618,153.3726575,28.80403653,16.09250725,1093.416795,61.27538829,940.280285,335.9947623
Iguania,Chamaeleonidae,Kinyongia,Kinyongia vosseleri,22.48828523,146.2840407,28.38590832,17.26400679,1589.220713,52.09337861,593.0038427,37.38303712
Iguania,Chamaeleonidae,Kinyongia,Kinyongia tavetana,21.68299174,150.1745083,29.1845,14.08414463,802.9638017,84.06681818,465.0736301,177.5234375
Iguania,Chamaeleonidae,Kinyongia,Kinyongia boehmei,20.72886406,127.6638734,27.47579143,14.18808194,742.5623836,79.20297952,1024.480234,269.9794801
Iguania,Chamaeleonidae,Kinyongia,Kinyongia uluguruensis,19.49618768,128.3778104,25.08817204,12.55288368,1485.238514,73.86119257,575.2627581,93.41380782
Iguania,Chamaeleonidae,Kinyongia,Kinyongia magomberae,21.73919577,162.4421945,28.72918411,14.24845948,1056.948878,77.7871406,873.8293842,37.24957716
Iguania,Chamaeleonidae,Kinyongia,Kinyongia tenuis,24.30197051,148.5648813,30.2672155,19.01332408,1138.372942,56.73570059,561.3849713,104.6844346
Iguania,Chamaeleonidae,Kinyongia,Kinyongia oxyrhina,21.77628405,153.9193437,28.2702935,14.28074178,1140.084029,80.20982008,398.4283054,32.48603352
Iguania,Chamaeleonidae,Chamaeleo,Chamaeleo namaquensis,19.79047436,385.516348,31.37314392,6.813854591,209.3675782,93.43087447,143.0991058,7.878303043
Iguania,Chamaeleonidae,Chamaeleo,Chamaeleo anchietae,21.17362968,130.181657,29.50822079,14.48323053,1245.224147,77.82241065,627.232756,12.74371895
Iguania,Chamaeleonidae,Chamaeleo,Chamaeleo senegalensis,26.52907805,195.7889008,36.02636823,18.07174378,1127.081703,97.35213309,694.1021399,13.56069249
Iguania,Chamaeleonidae,Chamaeleo,Chamaeleo laevigatus,24.49629596,154.0663057,32.55208704,17.69629336,1158.263453,81.40971664,564.9182101,63.30146793
Iguania,Chamaeleonidae,Chamaeleo,Chamaeleo necasi,26.59850101,121.8128069,32.58468251,22.21396525,1154.345738,61.20694987,543.7534789,44.67808381
Iguania,Chamaeleonidae,Chamaeleo,Chamaeleo gracilis,24.19953298,130.0187434,31.81199244,17.72378676,1238.755347,78.29257075,638.3409122,44.91455309
Iguania,Chamaeleonidae,Chamaeleo,Chamaeleo dilepis,22.35232076,185.6227295,30.22653587,14.2574603,1063.698369,79.32372858,539.069511,42.55851915
Iguania,Chamaeleonidae,Chamaeleo,Chamaeleo monachus,24.83213046,119.5189914,27.98080037,22.7777932,305.5357391,143.413139,300.3476752,0
Iguania,Chamaeleonidae,Chamaeleo,Chamaeleo zeylanicus,26.28535249,356.1667313,37.9831168,14.39691622,1110.321788,118.8234589,892.8408916,15.50614012
Iguania,Chamaeleonidae,Chamaeleo,Chamaeleo calyptratus,22.95184427,308.0528646,33.13263444,12.51350798,234.0935022,80.05067388,136.7310608,10.61864587
Iguania,Chamaeleonidae,Chamaeleo,Chamaeleo arabicus,24.71319725,368.2744782,35.57278805,13.28424853,131.5870198,87.53626167,80.24665971,4.554066996
Iguania,Chamaeleonidae,Chamaeleo,Chamaeleo chamaeleon,19.50000135,589.8458277,34.17639493,6.368786085,270.5751887,73.07643518,135.7692148,9.548461605
Iguania,Chamaeleonidae,Chamaeleo,Chamaeleo calcaricarens,21.40650271,194.6982497,30.34249828,12.36628693,814.0422901,95.52836558,620.2617854,27.1261104
Iguania,Chamaeleonidae,Chamaeleo,Chamaeleo africanus,26.22834208,411.4118494,38.4527409,12.96940899,404.5044405,164.8178683,305.3442786,3.187396748
Iguania,Chamaeleonidae,Calumma,Calumma capuroni,17.40243605,227.772838,22.75200974,10.97314251,1826.306943,51.64007308,839.4665043,198.3489647
Iguania,Chamaeleonidae,Calumma,Calumma parsonii,20.7798715,202.8116421,26.48929324,14.37369815,2262.540784,67.64694261,1141.089549,188.4165217
Iguania,Chamaeleonidae,Calumma,Calumma oshaughnessyi,18.73017994,241.5135433,24.71795171,11.4825008,1694.657652,66.19779404,866.3836038,136.6347439
Iguania,Chamaeleonidae,Calumma,Calumma globifer,17.73929342,240.1885967,24.4689107,9.868596663,1631.599804,94.52757605,1002.869872,59.01315015
Iguania,Chamaeleonidae,Calumma,Calumma ambreense,21.85974576,98.04427966,24.63326271,18.21207627,1505.730932,121.5847458,1269.582627,35.97245763
Iguania,Chamaeleonidae,Nadzikambia,Nadzikambia mlanjensis,18.01326531,239.472449,26.24387755,9.176530612,2109.520408,75.05102041,1117.990424,13.01188022
Iguania,Chamaeleonidae,Nadzikambia,Nadzikambia baylissi,19.00879121,240.6153846,27.2,10.34615385,1896.241758,79.06593407,956.132611,61.45461923
Iguania,Chamaeleonidae,Bradypodion,Bradypodion pumilum,18.00058766,318.0018135,27.36704035,8.537223012,387.5409118,78.6203773,183.9371725,32.55195389
Iguania,Chamaeleonidae,Bradypodion,Bradypodion damaranum,16.02236019,352.0649785,26.11459718,5.265853539,639.8317853,16.69123973,194.018772,123.2813355
Iguania,Chamaeleonidae,Bradypodion,Bradypodion caffer,17.92518352,274.8735726,25.27987867,8.690558728,991.4461154,49.10802406,383.4872043,79.57657015
Iguania,Chamaeleonidae,Bradypodion,Bradypodion thamnobates,14.60684908,351.6603858,23.65128825,2.398942644,859.8455828,66.32523413,419.9764792,38.74437875
Iguania,Chamaeleonidae,Bradypodion,Bradypodion melanocephalum,17.28075825,308.1646428,25.38268347,6.729999304,906.5241958,56.01594485,388.9203454,57.97486423
Iguania,Chamaeleonidae,Bradypodion,Bradypodion nemorale,19.09918864,300.5279371,27.23284359,8.558297242,870.8361384,55.91820624,377.8196371,59.45660874
Iguania,Chamaeleonidae,Bradypodion,Bradypodion transvaalense,18.65198379,332.7028258,27.18460651,6.324942081,783.747556,76.96544595,420.7576541,26.58894603
Iguania,Chamaeleonidae,Bradypodion,Bradypodion ngomeense,17.34671772,318.9033917,25.97757112,5.828665208,788.9234136,62.6750547,363.5426696,39.58424508
Iguania,Chamaeleonidae,Bradypodion,Bradypodion dracomontanum,14.14626315,376.4436634,23.65014667,1.17793148,887.7039051,68.48214334,443.4184407,35.8841941
Iguania,Chamaeleonidae,Bradypodion,Bradypodion caeruleogula,20.11404682,278.9835006,27.49777035,10.93232999,1082.851171,45.88405797,423.2274247,97.56688963
Iguania,Chamaeleonidae,Bradypodion,Bradypodion setaroi,21.26561833,265.567735,28.25123145,12.42614163,865.5527206,52.03486071,373.7760479,74.64202031
Iguania,Chamaeleonidae,Bradypodion,Bradypodion occidentale,17.79636621,339.9462327,28.2200703,7.73641323,179.6295451,64.00136952,88.55403894,12.02702518
Iguania,Chamaeleonidae,Bradypodion,Bradypodion ventrale,15.9232792,453.9872645,28.20266477,2.698094082,391.9866881,47.39577758,170.0112789,42.3445111
Iguania,Chamaeleonidae,Bradypodion,Bradypodion taeniabronchum,16.80347973,323.7455203,26.24888514,6.671101351,587.7662162,16.83297297,180.1744595,114.5237162
Iguania,Chamaeleonidae,Bradypodion,Bradypodion kentanicum,18.03725131,258.9011518,25.19747382,9.379371728,902.9990838,47.29712042,341.8299738,72.31649215
Iguania,Chamaeleonidae,Bradypodion,Bradypodion gutturale,15.64305109,406.0242333,27.22297442,4.130710125,384.7702223,35.19410406,148.1357138,55.20526985
Iguania,Chamaeleonidae,Bradypodion,Bradypodion atromontanum,14.46074074,426.6762963,26.77359259,1.468148148,314.1737037,21.34037037,105.0922222,58.81111111
Iguania,Chamaeleonidae,Rieppeleon,Rieppeleon kerstenii,25.29475927,119.7411778,32.6428647,18.49114733,480.7470918,100.2784569,301.692287,16.22051619
Iguania,Chamaeleonidae,Rieppeleon,Rieppeleon brevicaudatus,23.71954179,131.0188524,29.77004685,17.17157619,1054.407501,78.66104613,603.6815198,42.4217055
Iguania,Chamaeleonidae,Rieppeleon,Rieppeleon brachyurus,23.30765052,165.7897944,30.44673361,15.86481734,1169.312467,95.65768563,731.2770294,24.89518864
Iguania,Chamaeleonidae,Archaius,Archaius tigris,24.76590909,67.29772727,26.60454545,23.2,2810.613636,42.52272727,1304.590909,324.8181818
Anguimorpha,Anguidae,Hyalosaurus,Hyalosaurus koellikeri,16.89166504,541.4681356,31.96924878,3.955480477,399.3882184,67.47131177,391.1182739,23.78654773
Anguimorpha,Anguidae,Pseudopus,Pseudopus apodus,12.46483757,822.112703,29.79040246,-3.412638026,539.0555328,56.04602506,191.3587061,48.16863591
Anguimorpha,Anguidae,Anguis,Anguis cephallonica,14.68990747,634.0225475,28.64912077,3.391204737,739.4030468,72.84361332,396.6764557,23.53970663
Anguimorpha,Anguidae,Anguis,Anguis colchica,6.017353439,949.0630205,24.00879406,-10.29509858,597.9709999,32.36885056,229.1193638,90.31255098
Anguimorpha,Anguidae,Anguis,Anguis fragilis,9.193133727,616.0397852,22.52500277,-1.994389256,845.7801829,24.25677414,287.7221978,143.1112423
Anguimorpha,Anguidae,Anguis,Anguis graeca,12.73422094,699.1768722,27.93843426,-0.260408173,831.1029666,44.46635577,353.9620917,80.14415791
Anguimorpha,Anguidae,Anguis,Anguis veronensis,11.00755136,656.2938435,25.2082873,-1.423300445,915.085938,28.9821889,328.3187243,137.0953953
Anguimorpha,Anguidae,Ophisaurus,Ophisaurus attenuatus,16.63926016,756.014839,31.33006762,0.913994686,1161.606609,26.53693015,76.38892476,23.82511594
Anguimorpha,Anguidae,Dopasia,Dopasia harti,16.1865599,613.1089134,27.38379675,2.267966035,1328.33578,71.69987305,714.1459775,86.48703168
Anguimorpha,Anguidae,Dopasia,Dopasia gracilis,19.63322881,425.6036541,27.94651893,7.248323921,1827.119382,83.4428771,1087.092934,52.38561169
Anguimorpha,Anguidae,Ophisaurus,Ophisaurus ventralis,19.18874934,592.1487011,30.42289062,5.974736943,1344.042109,28.75078936,672.1620962,104.3024511
Anguimorpha,Anguidae,Elgaria,Elgaria coerulea,7.351550089,649.3858695,23.63699747,-4.517263678,1134.98579,51.4154112,573.5785572,5.031416143
Anguimorpha,Anguidae,Elgaria,Elgaria paucicarinata,21.14395,371.5579851,29.78782471,12.99844891,224.5896393,106.0293653,55.12516644,10.37488477
Anguimorpha,Anguidae,Elgaria,Elgaria multicarinata,13.38528012,560.0443447,28.92466292,1.661811659,746.634765,77.11757138,447.5302516,25.28037551
Anguimorpha,Anguidae,Elgaria,Elgaria panamintina,18.43275632,853.5733074,38.10961795,1.487836731,115.4862747,54.76031957,406.1462344,19.75418712
Anguimorpha,Anguidae,Elgaria,Elgaria kingii,17.01772588,541.6254223,31.27477183,2.728586884,659.2842556,87.25253543,525.5500465,90.32121541
Anguimorpha,Anguidae,Abronia,Abronia chiszari,21.49840319,183.5762475,26.07864271,16.33652695,2941.820359,68.13572854,1506.335329,132.9181637
Anguimorpha,Anguidae,Abronia,Abronia graminea,12.58640893,189.4609805,19.9174173,4.203347947,1203.518932,78.90753288,645.6863292,69.56237545
Anguimorpha,Anguidae,Abronia,Abronia oaxacae,14.13334137,140.7418997,21.39481678,6.379532305,1019.411524,86.68442623,554.9616683,33.04604629
Anguimorpha,Anguidae,Abronia,Abronia frosti,15.95348837,128.5744186,22.42790698,9.4,2953.674419,65.23255814,1387.860465,193.8372093
Anguimorpha,Anguidae,Abronia,Abronia ornelasi,19.24346847,153.5968468,25.47995495,12.42387387,1709.038288,85.60135135,1018.885135,66.37612613
Anguimorpha,Anguidae,Abronia,Abronia mixteca,15.64901249,130.2264472,24.02417707,7.184653802,1056.693303,92.56572077,597.3818388,24.32485812
Anguimorpha,Anguidae,Mesaspis,Mesaspis gadovii,15.43668755,123.5137855,23.73097432,7.118847524,1196.466396,96.23590122,136.0949367,0
Anguimorpha,Anguidae,Barisia,Barisia imbricata,16.76872687,304.9204939,27.39312752,5.045463872,688.7015783,89.45162413,437.4923465,25.46267694
Anguimorpha,Anguidae,Barisia,Barisia rudicollis,14.66163836,168.4014985,23.89400599,5.180919081,1050.166833,93.2027972,625.2007992,28.64535465
Anguimorpha,Anguidae,Barisia,Barisia herrerae,16.19234694,160.3821429,24.98979592,7.005612245,1219.316327,102.5765306,785.3928571,31.17346939
Anguimorpha,Anguidae,Barisia,Barisia levicollis,12.94828953,547.593325,27.90367126,-1.608719232,586.1837714,92.5245098,408.3959116,31.95525657
Anguimorpha,Anguidae,Abronia,Abronia fimbriata,17.5178001,134.525219,23.4944101,11.38812468,2250.68238,62.83771252,1034.994848,183.7498712
Anguimorpha,Anguidae,Abronia,Abronia lythrochila,14.71782477,149.3608114,21.44557618,7.714933103,1668.459646,72.69443246,850.5278377,100.3232628
Anguimorpha,Anguidae,Abronia,Abronia aurita,16.95297297,132.9345946,22.87405405,10.88432432,2862.221622,57.53513514,1225.367568,289.0702703
Anguimorpha,Anguidae,Abronia,Abronia anzuetoi,17.6173913,84.54565217,23.63913043,11.42391304,2219.717391,89.30434783,1192.978261,29.19565217
Anguimorpha,Anguidae,Abronia,Abronia campbelli,17.97,113.99,24.16,11.73,1315.1,92.6,743.9,15.6
Anguimorpha,Anguidae,Abronia,Abronia matudai,14.2254159,78.33096118,19.6538817,8.381330869,2630.197782,75.73382625,1332.207948,84.24861368
Anguimorpha,Anguidae,Gerrhonotus,Gerrhonotus rhombifer,23.45416993,54.16882341,27.26183438,20.92546006,3481.532106,59.87832811,1239.337846,286.2218341
Anguimorpha,Anguidae,Gerrhonotus,Gerrhonotus liocephalus,18.93091477,471.8034265,31.01849681,4.912296236,558.4605313,71.39750534,1095.708012,163.1400598
Anguimorpha,Anguidae,Gerrhonotus,Gerrhonotus infernalis,18.89329658,483.0906748,31.1980325,4.486195301,462.0671558,71.00600891,393.2775441,22.69095628
Anguimorpha,Anguidae,Gerrhonotus,Gerrhonotus parvus,20.39194915,422.4925847,30.94915254,7.38559322,764.9830508,67.09533898,537.9024514,29.724998
Anguimorpha,Diploglossidae,Ophiodes,Ophiodes striatus,21.54437514,230.1162687,28.78567697,12.89662608,1405.014186,57.93636582,493.3824239,308.8680004
Anguimorpha,Diploglossidae,Diploglossus,Diploglossus pleii,25.21908227,109.4224622,27.26643586,23.11505692,1694.223565,34.16770332,614.3704964,216.7791339
Anguimorpha,Diploglossidae,Celestus,Celestus haetianus,21.23936082,112.7206186,25.47404124,16.5128866,973.365567,54.44639175,423.0080412,81.82721649
Anguimorpha,Diploglossidae,Celestus,Celestus agasepsoides,24.21108545,111.7274827,27.9404157,20.02385351,1080.789178,54.852194,478.1666117,101.9063016
Anguimorpha,Diploglossidae,Diploglossus,Diploglossus bilobatus,23.74970559,43.37539215,27.09643412,21.17805361,3239.32352,40.4022799,1243.285459,360.2684064
Anguimorpha,Diploglossidae,Celestus,Celestus enneagrammus,18.90245342,197.172574,26.32842509,10.77368266,2087.667861,77.15664784,1114.120352,132.2791502
Anguimorpha,Anguidae,Anniella,Anniella pulchra,16.07525297,526.4169785,30.99620446,3.836527171,344.2188268,84.8161878,199.7443421,4.791890485
Anguimorpha,Anguidae,Anniella,Anniella geronimensis,19.65941661,446.0692454,31.22430776,9.140350877,178.8626083,85.41661382,100.9019235,1.579581484
Anguimorpha,Helodermatidae,Heloderma,Heloderma suspectum,20.01343722,714.1425959,36.60308989,3.990329981,323.3899817,71.14158875,883.0213352,158.8162269
Anguimorpha,Helodermatidae,Heloderma,Heloderma horridum,23.49186476,246.5902379,31.50571236,14.45892561,1037.733546,107.0889289,547.4812858,76.9918041
Anguimorpha,Xenosauridae,Xenosaurus,Xenosaurus grandis,23.62124391,179.9323366,29.99029001,16.94738556,2049.681455,68.99549705,1031.211711,131.1338876
Anguimorpha,Xenosauridae,Xenosaurus,Xenosaurus platyceps,17.92462785,342.4746497,26.61158056,6.636142732,773.1705342,75.15105079,406.2543783,41.31107706
Anguimorpha,Shinisauridae,Shinisaurus,Shinisaurus crocodilurus,20.43466037,619.5730228,30.74865175,6.069776318,1641.767905,63.17521034,853.8356659,134.4785553
Anguimorpha,Lanthanotidae,Lanthanotus,Lanthanotus borneensis,25.96740854,40.72521165,29.62960927,22.90710592,3631.4,23.75874354,114.7815406,22.77487856
Anguimorpha,Varanidae,Varanus,Varanus bengalensis,24.5124673,458.7725614,36.45756308,10.67106084,1193.706253,108.5521384,859.0701657,20.59164653
Anguimorpha,Varanidae,Varanus,Varanus nebulosus,24.99668732,170.4300365,31.1074568,17.54033141,2086.389567,73.81430667,1115.086693,110.0948888
Anguimorpha,Varanidae,Varanus,Varanus flavescens,24.18226541,524.6581272,35.66699774,8.700258246,1505.901354,110.0907352,1046.007043,24.40965394
Anguimorpha,Varanidae,Varanus,Varanus dumerilii,25.3979178,42.80423559,28.99607756,21.98743146,2834.031201,32.876531,1046.444072,421.3259746
Anguimorpha,Varanidae,Varanus,Varanus cumingi,25.49683589,48.74719444,28.59336138,22.8120084,2383.069351,33.71567684,912.1235857,337.8792394
Anguimorpha,Varanidae,Varanus,Varanus marmoratus,25.56218278,108.8478864,29.22783234,21.82107871,2436.395228,67.84868364,1285.923736,141.6269758
Anguimorpha,Varanidae,Varanus,Varanus palawanensis,26.92123899,49.35144298,28.64214186,25.64877144,1928.592721,61.7362077,900.3379115,85.22571859
Anguimorpha,Varanidae,Varanus,Varanus salvator,24.1311179,205.5132177,30.05933813,16.60002748,2148.072405,64.99608821,1039.049727,179.3036714
Anguimorpha,Varanidae,Varanus,Varanus togianus,23.82339742,35.28369627,26.83394168,21.29130814,2372.027825,35.34100799,927.9368012,312.3901038
Anguimorpha,Varanidae,Varanus,Varanus nuchalis,26.33492465,63.1725384,29.23202369,23.8179402,2214.533126,52.30112186,953.7876162,157.2495546
Anguimorpha,Varanidae,Varanus,Varanus rudicollis,25.29976641,37.92208104,28.78208358,22.07977384,2861.262058,29.27193739,1015.985097,446.7285663
Anguimorpha,Varanidae,Varanus,Varanus bitatawa,25.35545775,137.8544014,28.68239437,21.74911972,3360.616197,47.54225352,1605.735915,462.2323944
Anguimorpha,Varanidae,Varanus,Varanus olivaceus,24.99955795,116.6891372,28.32373798,21.5725772,2949.731429,52.64289468,1401.195246,310.090111
Anguimorpha,Varanidae,Varanus,Varanus prasinus,24.84001094,43.66447394,27.9945961,21.84266252,3184.379687,27.98765379,1091.070951,531.5803966
Anguimorpha,Varanidae,Varanus,Varanus macraei,25.773258,31.60885122,27.02900188,24.36195857,2760.220339,18.39736347,887.6779661,536.9378531
Anguimorpha,Varanidae,Varanus,Varanus boehmei,26.12993231,25.36678366,27.3320381,24.83271497,2359.688393,22.16595638,764.3569817,433.9919779
Anguimorpha,Varanidae,Varanus,Varanus keithhornei,26.18268272,179.8970515,32.72163621,19.24078073,1198.334718,112.9215116,891.6212625,7.206810631
Anguimorpha,Varanidae,Varanus,Varanus beccarii,26.6012253,69.53444089,28.66698311,24.59550723,2725.994701,43.20796997,1025.868529,260.3360194
Anguimorpha,Varanidae,Varanus,Varanus kordensis,26.58764426,18.66306857,27.73061779,25.37657841,3120.339443,14.92362525,935.5247794,599.0672098
Anguimorpha,Varanidae,Varanus,Varanus yuwonoi,25.43322488,22.70728533,26.97908238,23.94255199,2324.63149,19.32677889,750.5061536,427.98227
Anguimorpha,Varanidae,Varanus,Varanus doreanus,25.71120297,35.25579907,28.01930033,23.48183912,3046.773225,29.70362199,1067.158941,455.0700398
Anguimorpha,Varanidae,Varanus,Varanus jobiensis,25.01996168,40.28810652,28.06722346,22.04678138,3307.503793,23.78123194,1096.440472,580.1473909
Anguimorpha,Varanidae,Varanus,Varanus caerulivirens,25.94643072,22.98892561,27.4748648,24.46925249,2257.776289,19.56183151,730.4171374,412.3327124
Anguimorpha,Varanidae,Varanus,Varanus rainerguentheri,25.06760577,32.63601508,26.60251972,23.5302242,2340.7733,27.44514161,871.3316304,386.8464114
Anguimorpha,Varanidae,Varanus,Varanus indicus,26.01614972,113.0657224,30.43175869,21.21712727,2448.231996,62.83598489,1054.262625,318.3846852
Anguimorpha,Varanidae,Varanus,Varanus melinus,25.84248826,40.76663055,27.10491152,24.51903214,2016.068075,40.08974359,840.8820874,255.1307331
Anguimorpha,Varanidae,Varanus,Varanus cerambonensis,24.56264201,54.93681795,26.52627455,22.44812524,2486.902904,33.67933292,1001.270217,375.9271923
Anguimorpha,Varanidae,Varanus,Varanus finschi,23.81866165,54.80610286,26.6120735,21.02324868,3532.728759,44.27342248,1464.833408,506.381153
Anguimorpha,Varanidae,Varanus,Varanus glauerti,27.24516949,271.9546415,35.7729916,16.27619269,876.4551808,114.2440299,665.2334019,5.506233889
Anguimorpha,Varanidae,Varanus,Varanus tristis,23.79491676,503.8038301,35.41983781,10.10892449,453.915444,70.04089375,279.8932962,24.35728422
Anguimorpha,Varanidae,Varanus,Varanus timorensis,24.93030903,84.39094718,28.53574359,21.54104617,1356.410404,76.18779949,738.1550601,35.13049841
Anguimorpha,Varanidae,Varanus,Varanus mitchelli,26.96408271,236.7627921,35.07572209,17.19755225,1056.95172,111.1202646,754.7794687,4.280876076
Anguimorpha,Varanidae,Varanus,Varanus semiremex,23.56541489,263.1984023,30.26011264,15.6491798,1224.812162,85.62813093,767.3916602,55.96245082
Anguimorpha,Varanidae,Varanus,Varanus scalaris,26.1130114,267.7793054,34.25887956,16.09650019,978.3817075,109.0159719,704.7663889,13.73458604
Anguimorpha,Varanidae,Varanus,Varanus glebopalma,26.73338112,278.7874649,35.32936503,16.01433415,921.47822,110.6552468,665.7955605,5.213769861
Anguimorpha,Varanidae,Varanus,Varanus pilbarensis,25.22582613,564.8581124,38.05273373,10.1754842,312.2946541,82.17013834,203.6706132,9.330486763
Anguimorpha,Varanidae,Varanus,Varanus storri,26.08587903,404.3932443,36.0418323,12.85792137,551.9384453,106.3452924,410.8712159,10.5238148
Anguimorpha,Varanidae,Varanus,Varanus acanthurus,25.52070905,482.5720509,36.66461472,11.4330581,459.6725231,88.05444664,315.6408128,13.56120054
Anguimorpha,Varanidae,Varanus,Varanus baritji,26.82442342,233.0732899,35.06088978,17.53499853,1091.848273,109.0109988,750.0238284,4.032588874
Anguimorpha,Varanidae,Varanus,Varanus kingorum,28.09373846,275.4176976,36.57154035,16.77266929,809.564662,113.2252746,611.3929217,4.05758943
Anguimorpha,Varanidae,Varanus,Varanus primordius,26.97843303,254.5317534,35.8524348,16.55235712,1041.589335,109.2775053,727.0272389,4.117628454
Anguimorpha,Varanidae,Varanus,Varanus gilleni,23.53449618,586.2530343,36.32360755,8.313899812,278.7868646,58.0400498,153.5007535,22.38742221
Anguimorpha,Varanidae,Varanus,Varanus bushi,24.89391045,532.3306006,37.31083322,10.40867098,364.157723,88.7595228,249.3478953,9.362362694
Anguimorpha,Varanidae,Varanus,Varanus caudolineatus,23.63483166,572.1435145,36.58905479,9.226564074,268.6545958,64.94729572,145.6095988,15.73834321
Anguimorpha,Varanidae,Varanus,Varanus eremius,23.2616685,580.8037149,36.13674427,8.341747743,267.9659782,57.18891614,140.6468465,21.59309688
Anguimorpha,Varanidae,Varanus,Varanus brevicauda,24.89439167,552.0053032,37.1121027,9.958432994,327.4109064,76.01244164,205.4460984,14.83496814
Anguimorpha,Varanidae,Varanus,Varanus salvadorii,25.555951,46.76981472,28.85984605,22.49285887,3284.208906,28.1353411,1124.684851,558.7277567
Anguimorpha,Varanidae,Varanus,Varanus komodoensis,26.59240122,64.31367781,29.37340426,24.03784195,2061.792553,67.1656535,1038.404255,111.9832827
Anguimorpha,Varanidae,Varanus,Varanus varius,17.91505186,461.2663469,28.95166223,6.747765619,708.6259343,34.76450852,291.4173053,99.73791123
Anguimorpha,Varanidae,Varanus,Varanus mertensi,26.35625132,303.0335918,35.13493002,15.38663702,855.5053308,110.3195117,631.3603678,7.959296441
Anguimorpha,Varanidae,Varanus,Varanus spenceri,25.00665862,481.8899807,36.10109662,10.9100318,440.6345892,89.6646269,297.7061452,17.25342098
Anguimorpha,Varanidae,Varanus,Varanus panoptes,24.65206498,426.8794646,35.2872725,12.3098146,608.5743908,85.45689443,408.5264355,17.01025572
Anguimorpha,Varanidae,Varanus,Varanus gouldii,22.39223493,507.5193681,34.33047716,9.108062898,431.1848073,59.15576869,241.5818496,33.24541547
Anguimorpha,Varanidae,Varanus,Varanus rosenbergi,16.62387849,397.3855252,27.55372204,7.234074747,467.5508465,37.97225568,192.7894785,60.24755552
Anguimorpha,Varanidae,Varanus,Varanus giganteus,23.61497232,596.9224019,36.61174574,8.38572358,261.5625123,59.64017374,137.8529822,19.75713477
Anguimorpha,Varanidae,Varanus,Varanus griseus,22.83403359,720.3393993,39.35779522,5.74238972,123.6665582,120.9300026,83.47485021,3.278556157
Anguimorpha,Varanidae,Varanus,Varanus niloticus,24.01783518,207.1107108,32.95475777,15.23917529,981.0801886,95.60127174,569.2133048,27.85333855
Anguimorpha,Varanidae,Varanus,Varanus exanthematicus,26.79167419,231.7707634,36.60922032,17.4540463,922.0213991,111.1913433,581.4205273,14.91653599
Anguimorpha,Varanidae,Varanus,Varanus yemenensis,25.57398104,277.7108934,34.72444716,16.1083404,247.8645669,77.37010179,141.3819318,10.78512953
Anguimorpha,Varanidae,Varanus,Varanus albigularis,21.64409157,266.4343845,31.03958279,11.27000598,708.2404179,91.67577681,425.421465,13.64856812
Lacertoidea,Blanidae,Blanus,Blanus cinereus,14.62059851,613.2795733,30.27440632,2.454905818,600.7374582,45.60162153,239.6332463,33.31696086
Lacertoidea,Blanidae,Blanus,Blanus mettetali,17.38115311,516.2001643,31.84315629,4.826190533,403.732443,69.89130125,191.3777324,7.299575382
Lacertoidea,Blanidae,Blanus,Blanus tingitanus,17.63948598,488.732439,30.75649683,7.026590292,700.353256,72.92895186,360.2530399,7.655712994
Lacertoidea,Blanidae,Blanus,Blanus strauchi,14.17763384,815.8731772,32.4114652,-0.993038127,674.3680594,72.00593331,355.4858647,17.71170088
Lacertoidea,Blanidae,Blanus,Blanus aporus,15.11728219,832.9064409,33.72952355,-0.549309812,587.2209085,75.03140764,310.9083513,13.27844147
Lacertoidea,Blanidae,Blanus,Blanus alexandri,16.55107401,783.6400584,33.97547216,1.426165194,842.2888871,62.36167626,388.7851179,32.29666856
Lacertoidea,Trogonophidae,Agamodon,Agamodon anguliceps,27.35579381,131.9252276,34.9442846,21.71492048,460.3892737,96.67757413,283.5371391,9.846963429
Lacertoidea,Trogonophidae,Diplometopon,Diplometopon zarudnyi,25.68632489,780.1374162,42.89694846,8.018687538,113.9201476,100.595415,74.39334203,0.637285502
Lacertoidea,Trogonophidae,Trogonophis,Trogonophis wiegmanni,16.77494825,639.8986774,33.31249907,3.388153248,370.1554911,52.44813656,157.4492606,17.35799336
Lacertoidea,Amphisbaenidae,Amphisbaena,Amphisbaena barbouri,25.0426082,204.8314123,29.88263098,19.25787016,1387.511503,60.06856492,627.9009112,115.5607062
Lacertoidea,Amphisbaenidae,Amphisbaena,Amphisbaena carlgansi,26.88,126.8,30.26,23.1,942.6,53.6,434.4,88.4
Lacertoidea,Amphisbaenidae,Amphisbaena,Amphisbaena cubana,25.28838453,147.865842,30.23232584,19.81663467,1269.666072,56.85405924,551.5671695,100.0013439
Lacertoidea,Amphisbaenidae,Amphisbaena,Amphisbaena bakeri,25.29709302,108.4116279,27.32591362,23.21245847,1509.788206,41.3961794,594.0581395,161.7466777
Lacertoidea,Amphisbaenidae,Amphisbaena,Amphisbaena xera,25.31888779,107.828924,27.34116486,23.23445212,1341.41461,45.87759131,579.2796973,137.3168806
Lacertoidea,Amphisbaenidae,Amphisbaena,Amphisbaena caeca,25.4790192,109.6539063,27.52853916,23.37150791,1632.861728,35.88507154,603.5795369,203.7201619
Lacertoidea,Amphisbaenidae,Amphisbaena,Amphisbaena fenestrata,26.46101695,113.8932203,28.55118644,24.30847458,1251.955932,37.08474576,497.5559322,161.7932203
Lacertoidea,Amphisbaenidae,Amphisbaena,Amphisbaena manni,23.86725657,129.4837282,28.7171473,18.63069219,1361.914398,41.88750352,517.7091662,164.3229699
Lacertoidea,Amphisbaenidae,Amphisbaena,Amphisbaena schmidti,25.82154056,111.1476823,27.88677573,23.70092025,1709.689502,32.30538514,606.8636673,229.1622359
Lacertoidea,Amphisbaenidae,Amphisbaena,Amphisbaena caiari,25.41395931,44.50662108,30.25952302,20.55623749,1957.440627,57.49733155,824.6257505,104.9678119
Lacertoidea,Amphisbaenidae,Amphisbaena,Amphisbaena mertensii,22.07534953,273.0918795,29.18897103,12.8911698,1469.643723,40.71220361,581.9346088,162.8334669
Lacertoidea,Amphisbaenidae,Amphisbaena,Amphisbaena cunhai,25.4,38.4,30.3,20.91818182,2382.363636,63.18181818,1087.545455,87.45454545
Lacertoidea,Amphisbaenidae,Amphisbaena,Amphisbaena brasiliana,25.21104213,59.97772479,30.15400636,21.88997352,1993.828764,65.81332127,972.460943,92.17995001
Lacertoidea,Amphisbaenidae,Amphisbaena,Amphisbaena fuliginosa,25.05456183,71.19600547,30.03856825,20.71902039,2191.639063,54.9247185,945.9232128,184.1194849
Lacertoidea,Amphisbaenidae,Amphisbaena,Amphisbaena roberti,22.46055236,228.9809324,28.89327476,13.5893999,1361.810556,51.94461016,618.0020727,113.4324632
Lacertoidea,Amphisbaenidae,Amphisbaena,Amphisbaena vermicularis,25.97599746,117.7243083,32.85332316,20.02261833,897.3730241,83.78732226,521.1147422,21.90106859
Lacertoidea,Amphisbaenidae,Amphisbaena,Amphisbaena alba,23.63192582,169.9382892,30.06358848,17.27393393,1729.412057,55.86477719,758.7986567,146.3849596
Lacertoidea,Amphisbaenidae,Amphisbaena,Amphisbaena bolivica,21.29849432,432.1476674,31.04806058,9.529012616,811.0767489,70.97616391,389.995507,35.87490913
Lacertoidea,Amphisbaenidae,Amphisbaena,Amphisbaena camura,22.57866494,376.0004053,31.390674,11.78173451,844.6529345,64.41963413,383.1162042,54.20278924
Lacertoidea,Amphisbaenidae,Amphisbaena,Amphisbaena ignatiana,26.67777778,105.8333333,33.97777778,19.7,689,87.88888889,353.8888889,2.555555556
Lacertoidea,Amphisbaenidae,Amphisbaena,Amphisbaena kraoh,25.05,108.2916667,32.6,19.75833333,1765.416667,87.33333333,969.0833333,8.5
Lacertoidea,Amphisbaenidae,Amphisbaena,Amphisbaena saxosa,25.68,103.58,33.29,19.51,1560.5,87.9,916.6,9
Lacertoidea,Amphisbaenidae,Amphisbaena,Amphisbaena kingii,17.29413513,489.211615,28.236814,5.616737571,918.5257345,39.92229211,344.0830507,117.5755271
Lacertoidea,Amphisbaenidae,Amphisbaena,Amphisbaena munoai,18.04100047,423.1032825,27.76163238,7.697237749,1392.386451,12.88028378,411.920729,290.1299323
Lacertoidea,Amphisbaenidae,Amphisbaena,Amphisbaena darwinii,18.66395901,436.958752,28.57444907,7.468312001,1112.789249,43.54965068,424.4165181,140.3488206
Lacertoidea,Amphisbaenidae,Amphisbaena,Amphisbaena leeseri,24.83259317,249.3557081,31.46358696,15.80736646,1229.348292,50.21434783,533.6538509,88.28450311
Lacertoidea,Amphisbaenidae,Amphisbaena,Amphisbaena angustifrons,19.69584732,455.0204703,29.95861808,7.980456545,922.4998946,57.0479811,392.2374163,71.32937289
Lacertoidea,Amphisbaenidae,Amphisbaena,Amphisbaena anaemariae,25.09898529,98.90624049,32.56052765,18.93039066,1624.05175,82.73871131,876.2085236,10.77016743
Lacertoidea,Amphisbaenidae,Amphisbaena,Amphisbaena silvestrii,25.17155043,95.625063,32.19333274,18.7304672,1677.382171,79.24949671,875.4603111,13.90742481
Lacertoidea,Amphisbaenidae,Amphisbaena,Amphisbaena hastata,26.8,105.3615385,34.10769231,19.82307692,667.6153846,87.53846154,335.6923077,1
Lacertoidea,Amphisbaenidae,Amphisbaena,Amphisbaena cuiabana,26.40833333,127.425,32.66666667,18.25,1425.75,69.16666667,690.3333333,37.08333333
Lacertoidea,Amphisbaenidae,Leposternon,Leposternon infraorbitale,22.15628426,187.70683,28.623984,15.341323,1295.927052,67.78142131,918.9541583,19.14578533
Lacertoidea,Amphisbaenidae,Leposternon,Leposternon microcephalum,21.52848386,358.0674838,30.13812308,11.4177786,1274.352435,45.11466748,473.235114,60.55877165
Lacertoidea,Amphisbaenidae,Leposternon,Leposternon polystegum,25.23137695,92.62878497,31.05401678,20.57692589,1545.350157,67.92764988,1174.857208,133.8884604
Lacertoidea,Amphisbaenidae,Amphisbaena,Amphisbaena anomala,26.10624306,58.70296186,30.89327312,22.43729801,2031.70624,73.09733967,1072.652444,118.2425817
Lacertoidea,Amphisbaenidae,Amphisbaena,Amphisbaena hyporissor,25.78016701,106.6388831,28.99806889,22.1894572,951.4770355,53.06002088,425.7181628,96.05532359
Lacertoidea,Amphisbaenidae,Amphisbaena,Amphisbaena innocens,24.61175766,110.2486157,28.15312434,20.84754491,1360.967594,47.2952448,580.2558647,152.8679112
Lacertoidea,Amphisbaenidae,Amphisbaena,Amphisbaena leali,26.225,103.525,28.725,23.8,1502.25,40.75,638.75,213.75
Lacertoidea,Amphisbaenidae,Geocalamus,Geocalamus acutus,22.33450936,147.5329993,29.74078204,14.69569004,696.2415343,81.77474425,1387.301653,211.3016529
Lacertoidea,Amphisbaenidae,Monopeltis,Monopeltis sphenorhynchus,21.79186018,396.1926688,32.35447233,8.0174691,480.2357933,97.26561987,482.982305,12.84659912
Lacertoidea,Amphisbaenidae,Monopeltis,Monopeltis capensis,20.5449969,392.6028444,30.05718004,7.53453425,578.4229255,78.26647353,655.3407814,104.7906159
Lacertoidea,Amphisbaenidae,Dalophia,Dalophia pistillum,21.74221203,342.126288,32.01956772,9.416222458,705.2725405,99.90063983,462.360352,7.140656724
Lacertoidea,Amphisbaenidae,Dalophia,Dalophia ellenbergeri,21.94364542,244.3299619,32.2372413,11.49144354,952.5009703,107.6128218,642.4429411,0
Lacertoidea,Amphisbaenidae,Zygaspis,Zygaspis vandami,22.69402146,300.6945947,30.33500305,12.08901457,649.4191078,77.38637154,353.780725,31.87358554
Lacertoidea,Amphisbaenidae,Zygaspis,Zygaspis nigra,21.28763193,217.8382657,31.58499208,11.27708637,1038.045974,99.04630049,619.5977298,0.061775215
Lacertoidea,Amphisbaenidae,Zygaspis,Zygaspis quadrifrons,21.28298019,327.5052907,31.71111396,9.094675423,695.1522526,101.8548735,452.9032606,3.664306508
Lacertoidea,Amphisbaenidae,Chirindia,Chirindia swynnertoni,21.97692688,280.3431678,29.89149283,11.74605789,1001.189012,87.93827401,594.4105782,42.95706734
Lacertoidea,Amphisbaenidae,Cynisca,Cynisca kraussi,26.72572481,120.8453628,32.95257889,22.14673234,1280.745235,55.15104918,556.4773346,60.19013295
Lacertoidea,Amphisbaenidae,Cynisca,Cynisca leucura,24.52033668,163.354047,33.72655882,17.80004899,1683.86904,82.20632757,888.0432287,14.74507256
Lacertoidea,Cadeidae,Cadea,Cadea blanoides,25.0991099,196.7700456,29.59552333,19.6920467,1446.042358,55.22760354,624.3548353,130.5357872
Lacertoidea,Bipedidae,Bipes,Bipes canaliculatus,24.6166438,121.6837335,32.01282799,17.28802092,879.2481564,106.5726291,578.0223804,10.90679129
Lacertoidea,Bipedidae,Bipes,Bipes biporus,23.10305099,398.1099131,33.86181159,12.71671007,127.9121828,90.38487525,87.86071718,0.429953901
Lacertoidea,Bipedidae,Bipes,Bipes tridactylus,24.22372423,81.36853667,30.06721865,18.30023657,1207.038864,110.6600203,860.4518418,9.130111524
Lacertoidea,Rhineuridae,Rhineura,Rhineura floridana,21.15811021,468.2100595,30.29221705,9.310337602,1318.174169,45.87456991,572.6712715,171.2703273
Lacertoidea,Lacertidae,Psammodromus,Psammodromus algirus,15.30320406,612.7638546,30.91055674,2.83862741,527.7189523,46.10254352,523.8277796,38.58578579
Lacertoidea,Lacertidae,Psammodromus,Psammodromus blanci,16.18654079,627.3653283,32.03557132,4.024587561,460.7470981,48.23198141,609.6153846,132.6153846
Lacertoidea,Lacertidae,Psammodromus,Psammodromus hispanicus,14.07202886,593.7174486,29.03372223,2.370896741,643.9825347,41.974657,904.4615385,113.3846154
Lacertoidea,Lacertidae,Psammodromus,Psammodromus occidentalis,12.76160411,596.4354569,28.28449697,1.297758343,652.9302794,40.49516394,756.1881974,68.68975122
Lacertoidea,Lacertidae,Gallotia,Gallotia simonyi,17.82821918,198.1432877,21.12,14.65780822,191.6657534,89.06575342,181.6544567,3.237484737
Lacertoidea,Lacertidae,Gallotia,Gallotia bravoana,15.88741259,206.6461538,19.24405594,12.58041958,328.4545455,81.53146853,75.91702432,0
Lacertoidea,Lacertidae,Gallotia,Gallotia intermedia,14.49474969,211.1387057,17.93308913,11.11373626,348.2197802,80.95115995,201.228809,4.134656652
Lacertoidea,Lacertidae,Gallotia,Gallotia caesaris,17.95908072,201.7274664,21.29473094,14.74540359,250.8116592,85.02466368,175.034965,2.328671329
Lacertoidea,Lacertidae,Gallotia,Gallotia galloti,15.80587446,210.2999464,19.2583691,12.45464056,381.8680258,80.61400215,136.2993274,1.362107623
Lacertoidea,Lacertidae,Gallotia,Gallotia atlantica,19.43713877,197.1507582,22.74649499,16.22188841,126.6274678,94.3167382,301.7160575,19.39991001
Lacertoidea,Lacertidae,Gallotia,Gallotia stehlini,17.90150215,201.0440773,21.2088412,14.6506867,187.772103,87.77896996,107.6493151,0.419178082
Lacertoidea,Lacertidae,Podarcis,Podarcis filfolensis,18.97107943,467.609165,26.74480652,12.11303462,523.4175153,81.15885947,2503.065693,157.5985401
Lacertoidea,Lacertidae,Podarcis,Podarcis tiliguerta,15.05309223,514.9117175,25.61169169,6.749134096,703.0057992,51.27693041,253.7233429,2.855907781
Lacertoidea,Lacertidae,Podarcis,Podarcis siculus,14.01257167,627.4185803,27.40105345,2.575782931,802.8635088,34.52103664,237.9434549,100.8757518
Lacertoidea,Lacertidae,Podarcis,Podarcis lilfordi,16.97979583,474.9380923,24.96759104,10.21362182,629.3289654,51.86987658,431.3950967,91.00917904
Lacertoidea,Lacertidae,Podarcis,Podarcis pityusensis,17.49750446,464.1974153,25.5412656,10.72112299,478.8297683,51.70053476,269.5181703,65.54597142
Lacertoidea,Lacertidae,Podarcis,Podarcis erhardii,12.7386077,703.642169,27.9752801,-0.333813392,712.8713216,43.36815958,319.3016661,25.08727794
Lacertoidea,Lacertidae,Podarcis,Podarcis cretensis,15.84416705,479.4484358,23.44831253,8.600416089,762.9414394,83.85529357,672.8186493,19.53163884
Lacertoidea,Lacertidae,Podarcis,Podarcis peloponnesiacus,14.63549042,639.1903665,28.81535556,3.177979647,714.9763064,72.47930324,278.2592593,21.74358974
Lacertoidea,Lacertidae,Podarcis,Podarcis tauricus,11.70598391,776.8218486,27.47650501,-2.49321575,639.1219845,30.99306868,536.5135614,199.2690765
Lacertoidea,Lacertidae,Podarcis,Podarcis gaigeae,16.36866097,570.0521368,25.58205128,7.9,524.6780627,70.56695157,965.3711912,207.351812
Lacertoidea,Lacertidae,Podarcis,Podarcis milensis,17.9573487,512.6348703,26.07809798,10.28184438,448.907781,84.59942363,302.3869476,73.43541805
Lacertoidea,Lacertidae,Podarcis,Podarcis melisellensis,11.36737918,679.5841213,25.40604456,-1.059151829,1429.586774,31.01627617,436.3473571,4.591924796
Lacertoidea,Lacertidae,Podarcis,Podarcis waglerianus,15.93159634,537.7712556,27.12944243,6.538516767,521.8093678,57.07211032,382.6111007,23.54336018
Lacertoidea,Lacertidae,Podarcis,Podarcis raffonei,16.70576923,524.7759615,26.49134615,8.476923077,734.3653846,55.01923077,279.8083194,35.73502971
Lacertoidea,Lacertidae,Podarcis,Podarcis muralis,10.80836196,661.0061795,25.15392878,-1.622804791,848.7529918,26.24675736,273.8574338,3.737270876
Lacertoidea,Lacertidae,Podarcis,Podarcis liolepis,12.24078186,583.2448478,26.53315025,0.975343323,687.2810554,28.01450804,375.8480956,37.22662037
Lacertoidea,Lacertidae,Podarcis,Podarcis bocagei,11.73461147,460.1267938,23.5610841,2.338366337,1114.215317,40.94020362,924.8283367,69.09525958
Lacertoidea,Lacertidae,Podarcis,Podarcis vaucheri,16.06268189,610.1120925,31.85136107,3.519260857,482.6299529,53.28793046,298.5189712,139.3391195
Lacertoidea,Lacertidae,Podarcis,Podarcis hispanicus,13.41569677,578.2188853,27.99930448,2.035116259,714.2566781,38.98971398,980.9127304,235.0079863
Lacertoidea,Lacertidae,Podarcis,Podarcis carbonelli,14.55471329,500.9080738,27.5543979,4.195350447,897.73617,53.58167212,266.9821303,69.84932281
Lacertoidea,Lacertidae,Dalmatolacerta,Dalmatolacerta oxycephala,10.47032291,679.2049946,24.76741843,-2.142439596,1384.215056,32.24048775,529.3747883,181.10853
Lacertoidea,Lacertidae,Hellenolacerta,Hellenolacerta graeca,14.60907629,641.6425896,28.86988741,3.087330538,706.8037971,71.78518497,1534.535194,48.61825941
Lacertoidea,Lacertidae,Takydromus,Takydromus sexlineatus,23.34385914,250.7847374,29.84182091,15.02717079,2114.659876,64.19931404,1018.069326,177.5690044
Lacertoidea,Lacertidae,Takydromus,Takydromus kuehnei,19.63098447,563.6717273,29.53609804,6.693931691,1607.932549,67.50787891,834.7136752,103.1977052
Lacertoidea,Lacertidae,Takydromus,Takydromus tachydromoides,11.64376133,797.7828421,26.28782343,-2.423791071,1647.889704,39.71707945,678.6145452,211.4067806
Lacertoidea,Lacertidae,Takydromus,Takydromus smaragdinus,22.07193084,434.3774928,28.63276657,14.79089337,2578.304323,33.10605187,1000.602017,415.2706052
Lacertoidea,Lacertidae,Takydromus,Takydromus amurensis,4.711066463,1305.832109,25.71506483,-20.33277186,693.3330273,96.61665518,477.5371701,25.50981917
Lacertoidea,Lacertidae,Takydromus,Takydromus hsuehshanensis,15.20053776,422.3223989,23.5408347,6.316121113,2594.606266,46.4143091,1111.576105,307.2145195
Lacertoidea,Lacertidae,Takydromus,Takydromus wolteri,9.048681124,1086.679462,27.14674524,-12.26086748,934.8808364,83.77302917,553.8254359,52.94420687
Lacertoidea,Lacertidae,Takydromus,Takydromus luyeanus,22.07483093,360.690733,28.6619448,14.13862182,2293.245842,65.43940779,1155.949735,187.6836045
Lacertoidea,Lacertidae,Takydromus,Takydromus viridipunctatus,20.94194722,489.4602214,29.58174098,11.86214741,2870.321504,31.71474067,1119.847892,460.1107067
Lacertoidea,Lacertidae,Takydromus,Takydromus formosanus,19.19003795,413.152127,26.83911345,10.32923966,2344.89568,65.58964741,1163.490733,207.8757336
Lacertoidea,Lacertidae,Takydromus,Takydromus septentrionalis,14.51879976,815.4944496,28.96650524,-2.339999776,1155.189735,70.40718326,604.3505863,78.3447152
Lacertoidea,Lacertidae,Takydromus,Takydromus stejnegeri,19.13310224,417.1604321,26.81480281,10.23363728,2314.668023,66.91655363,1158.912911,202.3673449
Lacertoidea,Lacertidae,Takydromus,Takydromus toyamai,23.8848,362.3396,29.3248,17.5204,2234.996,22.348,723.712,419.628
Lacertoidea,Lacertidae,Takydromus,Takydromus sauteri,21.39248904,356.0509457,27.83062637,13.29693668,2131.900905,81.78029057,1228.22903,126.7171738
Lacertoidea,Lacertidae,Takydromus,Takydromus dorsalis,23.55976331,353.2547337,28.84822485,17.28772189,2412.696746,21.48076923,796.8727811,445.9955621
Lacertoidea,Lacertidae,Takydromus,Takydromus sylvaticus,17.04637264,770.5823242,31.37240084,1.401200176,1857.764844,60.94608967,999.3311216,172.6974191
Lacertoidea,Lacertidae,Takydromus,Takydromus intermedius,13.87625989,546.3702503,24.07982172,0.440629254,1131.904134,82.24202113,652.9215367,48.26556247
Lacertoidea,Lacertidae,Apathya,Apathya cappadocica,13.42536809,908.3919253,33.6371816,-3.715213782,574.9537316,69.53369022,274.5439295,10.625661
Lacertoidea,Lacertidae,Apathya,Apathya yassujica,13.536685,860.9199529,33.44179104,-4.442340927,749.6457188,103.2757266,482.1382561,2.473684211
Lacertoidea,Lacertidae,Phoenicolacerta,Phoenicolacerta laevis,16.0475878,690.1012592,31.36241315,2.307055204,610.0526428,81.33123473,1043.950041,202.3447342
Lacertoidea,Lacertidae,Phoenicolacerta,Phoenicolacerta cyanisparsa,15.42006669,803.6737816,33.72073358,-0.188205369,647.8927839,74.4434422,482.0618459,2.039961941
Lacertoidea,Lacertidae,Phoenicolacerta,Phoenicolacerta troodica,18.84896609,554.0675916,28.79083929,9.998707617,518.7289038,85.70510871,809.704536,17.54756787
Lacertoidea,Lacertidae,Phoenicolacerta,Phoenicolacerta kulzeri,16.70133355,644.7137926,31.83635287,2.636254214,354.4141741,97.30936447,680.6683252,72.15469307
Lacertoidea,Lacertidae,Iberolacerta,Iberolacerta aranica,4.879120879,578.8956044,19.09450549,-6.596703297,1160.912088,13.92307692,699.7620744,203.087886
Lacertoidea,Lacertidae,Iberolacerta,Iberolacerta bonnali,8.235764552,579.3619908,22.48267626,-3.237122302,995.1957619,17.25441465,922.2931402,234.5458032
Lacertoidea,Lacertidae,Iberolacerta,Iberolacerta aurelioi,1.433846154,577.7723077,15.70820513,-10.16205128,1040.85641,15.42051282,527.2817535,168.0624543
Lacertoidea,Lacertidae,Iberolacerta,Iberolacerta martinezricai,11.44509284,612.9522546,27.40132626,-0.305835544,1030.734748,48.36870027,519.2359504,154.3142618
Lacertoidea,Lacertidae,Iberolacerta,Iberolacerta galani,9.719185591,522.8683242,23.77464109,-0.910219264,983.4182981,42.51135474,866.1569806,252.1670842
Lacertoidea,Lacertidae,Iberolacerta,Iberolacerta cyreni,10.17823681,658.415082,26.95450682,-2.148260526,778.5426962,41.12680372,510.7714792,135.0597874
Lacertoidea,Lacertidae,Iberolacerta,Iberolacerta monticola,9.968042236,473.1525517,22.03222064,0.353791139,1136.513841,34.73437798,534.3127349,128.6338205
Lacertoidea,Lacertidae,Iberolacerta,Iberolacerta horvathi,8.775515121,691.3852798,22.9984239,-4.332628703,1372.541377,24.58257468,863.3842933,134.2881599
Lacertoidea,Lacertidae,Iranolacerta,Iranolacerta brandtii,9.92478964,862.6030461,28.42803041,-7.196725085,395.8287004,56.59131516,621.5303544,48.43325604
Lacertoidea,Lacertidae,Iranolacerta,Iranolacerta zagrosica,8.454289485,953.2762429,29.37545095,-10.45349758,624.2969644,86.19797624,1002.958573,155.8424694
Lacertoidea,Lacertidae,Darevskia,Darevskia parvula,7.80397997,804.1228307,23.61863361,-8.145727922,886.7718494,33.74705936,330.1410138,136.329156
Lacertoidea,Lacertidae,Darevskia,Darevskia valentini,7.275240975,832.5424634,24.63906471,-9.119123936,553.6848742,44.60686185,228.3102362,51.98696959
Lacertoidea,Lacertidae,Darevskia,Darevskia rudis,8.17112846,776.5134853,23.64884209,-6.717109202,850.2691344,33.67063722,318.165563,129.8601942
Lacertoidea,Lacertidae,Darevskia,Darevskia portschinskii,9.87547147,828.8171782,26.54056758,-6.753261548,571.6039247,43.37021234,259.6845326,70.56065211
Lacertoidea,Lacertidae,Darevskia,Darevskia defilippii,13.25523115,834.9559587,30.74437108,-3.396787005,497.5438004,51.53237392,211.6342423,48.86794108
Lacertoidea,Lacertidae,Darevskia,Darevskia kopetdaghica,12.15334943,893.9412432,31.68265435,-5.714941201,292.0268795,67.7651197,150.9963251,10.63355733
Lacertoidea,Lacertidae,Darevskia,Darevskia steineri,15.05815339,859.2819062,34.21258377,-2.338272524,547.2948622,48.27550261,236.072971,51.19285182
Lacertoidea,Lacertidae,Darevskia,Darevskia schaekeli,10.13726027,809.5496062,27.64100599,-6.195637842,380.1406678,39.98261986,144.5093322,46.0380137
Lacertoidea,Lacertidae,Darevskia,Darevskia clarkorum,9.093017904,753.128113,23.27343971,-5.630844123,1356.354061,24.22676006,457.9919077,219.5808467
Lacertoidea,Lacertidae,Darevskia,Darevskia mixta,7.321828556,788.2480449,22.76658557,-7.970625442,1126.218728,24.16458776,379.7606452,205.3260645
Lacertoidea,Lacertidae,Darevskia,Darevskia armeniaca,8.314431354,826.8670395,25.06996431,-8.356629188,604.820318,39.98837254,252.7678345,85.30412398
Lacertoidea,Lacertidae,Darevskia,Darevskia caucasica,7.700394843,802.5860933,23.70738036,-7.56873065,856.7016666,32.40010539,313.5785521,137.2909558
Lacertoidea,Lacertidae,Darevskia,Darevskia daghestanica,7.451634796,836.2233307,24.25840777,-8.611128989,672.9725368,37.67278641,273.9656538,92.44619785
Lacertoidea,Lacertidae,Darevskia,Darevskia derjugini,7.17390023,783.7561368,22.64854254,-7.89327374,1036.174581,30.62006513,374.6016063,171.5114196
Lacertoidea,Lacertidae,Darevskia,Darevskia rostombekowi,6.714685888,822.7429794,23.53968589,-10.01200969,573.0359822,44.28445851,265.3727536,73.56102516
Lacertoidea,Lacertidae,Darevskia,Darevskia unisexualis,5.964895388,839.4690219,23.14000941,-11.31500036,531.8011113,43.21320495,240.7541627,68.69631869
Lacertoidea,Lacertidae,Darevskia,Darevskia bendimahiensis,6.009941176,877.8139328,24.22820168,-12.31198319,383.5428571,44.63764706,166.3668067,40.17310924
Lacertoidea,Lacertidae,Darevskia,Darevskia sapphirina,6.680069444,910.5450417,25.84781944,-11.59134722,519.52375,46.51055556,207.6406944,32.04277778
Lacertoidea,Lacertidae,Darevskia,Darevskia raddei,8.380292952,858.3999859,26.50066326,-8.812478124,469.5419305,50.43548544,213.3352269,42.83334328
Lacertoidea,Lacertidae,Darevskia,Darevskia kamii,14.73814446,842.47793,33.30403153,-2.368949477,465.3826076,46.13033553,192.9361244,44.35921954
Lacertoidea,Lacertidae,Darevskia,Darevskia chlorogaster,12.44898614,822.0206439,29.65903304,-3.811647918,482.862794,49.14334644,206.3258984,45.5048533
Lacertoidea,Lacertidae,Darevskia,Darevskia caspica,14.8650347,747.0032562,29.41293613,0.61444077,624.8717101,35.73796991,244.0234779,82.23361438
Lacertoidea,Lacertidae,Darevskia,Darevskia saxicola,8.296743729,785.1772849,23.74020087,-5.912738124,973.8964177,24.9939307,336.225743,176.9818056
Lacertoidea,Lacertidae,Darevskia,Darevskia brauneri,8.887394201,773.7353899,23.93213846,-5.018120878,1027.89997,26.23563506,356.1808567,184.6500616
Lacertoidea,Lacertidae,Darevskia,Darevskia alpina,8.501008711,846.6460361,25.22978795,-7.057032517,736.3501236,37.13018856,290.740365,111.6959601
Lacertoidea,Lacertidae,Darevskia,Darevskia lindholmi,11.39770049,796.4378867,26.1884447,-1.498090152,472.7731996,17.70657141,153.1853803,92.6307548
Lacertoidea,Lacertidae,Darevskia,Darevskia praticola,9.331465355,835.4188777,26.14789621,-6.728216746,623.0352429,38.94820529,258.2404313,83.87674544
Lacertoidea,Lacertidae,Parvilacerta,Parvilacerta fraasii,8.715434892,645.6527401,23.78954248,-4.003167421,621.2775264,87.31674208,1181.340883,59.06385539
Lacertoidea,Lacertidae,Parvilacerta,Parvilacerta parva,9.66025864,815.5986405,27.3437607,-6.147277381,468.5119818,47.25623638,618.9683168,25.59206822
Lacertoidea,Lacertidae,Anatololacerta,Anatololacerta danfordi,11.99500702,782.6668409,29.48287135,-2.695466667,647.8063041,66.75535673,342.4671696,23.42491228
Lacertoidea,Lacertidae,Anatololacerta,Anatololacerta anatolica,13.7666184,709.5085215,29.74877898,0.673776773,632.796329,61.00390232,309.1726114,33.88641781
Lacertoidea,Lacertidae,Dinarolacerta,Dinarolacerta montenegrina,7.643587149,693.600683,22.77073109,-5.645737415,1936.808753,40.85605869,790.7105995,206.7867442
Lacertoidea,Lacertidae,Dinarolacerta,Dinarolacerta mosorensis,9.796416028,685.791988,24.47430417,-3.144865743,1508.929907,34.34025076,586.2670607,187.4178783
Lacertoidea,Lacertidae,Algyroides,Algyroides fitzingeri,15.06080867,514.8509826,25.61580689,6.759164388,702.4679266,51.29628749,299.6341178,41.10630374
Lacertoidea,Lacertidae,Algyroides,Algyroides marchi,11.95013369,655.9045455,29.05248281,-1.209129106,655.4841482,43.77043545,245.341673,38.33938121
Lacertoidea,Lacertidae,Algyroides,Algyroides nigropunctatus,12.65420323,669.8618089,26.88967714,0.464564065,1187.219503,41.49475967,484.9635455,135.540699
Lacertoidea,Lacertidae,Algyroides,Algyroides moreoticus,14.68878084,634.3277178,28.66132421,3.380421994,735.9222642,72.84305781,394.9755387,23.48727415
Lacertoidea,Lacertidae,Timon,Timon lepidus,13.92021549,575.2033672,28.38986549,2.575576891,703.9758403,41.00359467,271.7970191,60.23792567
Lacertoidea,Lacertidae,Timon,Timon pater,16.4633682,655.3751518,32.81522335,3.914118662,461.8262264,45.22950631,184.7879302,27.24793521
Lacertoidea,Lacertidae,Timon,Timon tangitanus,15.51120475,588.1645177,31.15821466,2.54460092,418.5472521,58.97977406,187.5749797,12.40223967
Lacertoidea,Lacertidae,Timon,Timon princeps,15.59274144,935.5121649,36.71686714,-2.820565139,577.3332964,90.01438674,323.0137687,2.686105218
Lacertoidea,Lacertidae,Lacerta,Lacerta viridis,10.271059,782.9614923,26.030525,-4.040837369,698.2440048,30.43349952,655.5269574,13.32146769
Lacertoidea,Lacertidae,Lacerta,Lacerta bilineata,11.55234629,584.5514084,24.77560152,0.574190819,875.9247951,23.10102618,501.7880992,34.91264463
Lacertoidea,Lacertidae,Lacerta,Lacerta strigata,11.19753056,860.0542871,28.69955666,-5.142494369,499.5707878,40.63509036,816.9320883,190.7113752
Lacertoidea,Lacertidae,Lacerta,Lacerta schreiberi,13.03669384,521.9866131,26.41345011,2.576848244,934.6290973,43.56921275,512.6968162,19.59095513
Lacertoidea,Lacertidae,Lacerta,Lacerta media,10.95493347,858.2300435,29.25224287,-5.705241399,569.1340428,55.7506378,608.937843,119.89268
Lacertoidea,Lacertidae,Lacerta,Lacerta trilineata,12.55467674,725.0829053,28.04914743,-0.851124458,703.1286787,43.64115603,460.2967033,193.3837701
Lacertoidea,Lacertidae,Lacerta,Lacerta pamphylica,13.70800377,750.835232,30.02530668,-0.091275628,908.5896028,83.81916445,906.6774194,78.04789834
Lacertoidea,Lacertidae,Lacerta,Lacerta agilis,4.572436712,1056.881479,24.17213304,-14.02186031,514.9564436,38.48159121,671.2078601,33.16308172
Lacertoidea,Lacertidae,Archaeolacerta,Archaeolacerta bedriagae,14.4591385,517.7200739,25.21547199,6.036656761,739.7343572,50.24839615,313.9428722,45.62890549
Lacertoidea,Lacertidae,Zootoca,Zootoca vivipara,0.79856606,1189.188443,22.05673524,-19.64053788,545.8665254,48.54672712,236.9120436,67.84314293
Lacertoidea,Lacertidae,Scelarcis,Scelarcis perspicillata,15.80287955,614.8163532,32.2808413,2.123567152,405.8171101,57.37109275,177.6774083,12.95382051
Lacertoidea,Lacertidae,Teira,Teira dugesii,15.84145877,264.4811839,20.7872093,11.94348837,1383.882875,44.05687104,548.4243129,114.0048626
Lacertoidea,Lacertidae,Poromera,Poromera fordii,23.87999379,73.84720102,28.15282287,19.92203602,1774.825712,53.02205588,902.7361226,90.47299545
Lacertoidea,Lacertidae,Latastia,Latastia longicaudata,26.59242192,307.7559882,37.26722485,15.31237381,449.3997945,137.6893504,258.3904639,42.50401719
Lacertoidea,Lacertidae,Philochortus,Philochortus spinalis,23.26669165,157.8414783,31.3110371,14.50038997,697.662198,68.79140125,822.0847384,189.8149589
Lacertoidea,Lacertidae,Heliobolus,Heliobolus lugubris,21.30480716,376.2846598,32.06241194,7.717114209,477.8111278,99.37074307,842.7510725,102.0191275
Lacertoidea,Lacertidae,Heliobolus,Heliobolus spekii,25.12735007,126.7008626,32.5036883,18.52948002,586.2996535,89.0062252,772.0144145,114.6760238
Lacertoidea,Lacertidae,Pseuderemias,Pseuderemias smithii,24.69993408,99.72085982,32.22980019,17.49589239,446.9091837,107.8510147,738.786264,119.1590527
Lacertoidea,Lacertidae,Nucras,Nucras intertexta,20.31865169,412.7090367,30.61421287,6.180490608,456.1140121,89.03102723,175.968648,110.8697818
Lacertoidea,Lacertidae,Nucras,Nucras ornata,21.63318921,284.5655525,30.44200016,11.01368862,853.2250666,95.45088687,1251.557513,315.5265804
Lacertoidea,Lacertidae,Nucras,Nucras lalandii,15.90913887,358.593054,25.26724649,3.772493638,767.7315672,59.47288038,266.4955892,111.6043625
Lacertoidea,Lacertidae,Nucras,Nucras livida,16.7298589,492.7603363,29.97618109,2.985755308,236.6380911,48.40060772,285.2711669,19.67123883
Lacertoidea,Lacertidae,Nucras,Nucras taeniolata,16.85387765,360.2452252,27.51848929,5.454552899,437.3561858,30.59028066,723.9808472,82.57508166
Lacertoidea,Lacertidae,Nucras,Nucras tessellata,19.65255765,420.0090109,31.95332268,6.178970039,293.0862195,82.85603616,369.3944288,11.94800441
Lacertoidea,Lacertidae,Nucras,Nucras boulengeri,22.29715357,118.5857041,29.09280758,15.70851254,948.4587487,76.84171715,964.2621934,296.8611762
Lacertoidea,Lacertidae,Meroles,Meroles squamulosus,21.27361015,323.8265108,31.31554675,9.23060137,725.4296389,99.00729748,233.9488132,31.59875424
Lacertoidea,Lacertidae,Meroles,Meroles knoxii,17.91693711,386.722473,29.66806587,6.151819543,178.541474,62.63504536,704.9674505,157.1489554
Lacertoidea,Lacertidae,Meroles,Meroles suborbitalis,19.3334855,469.1808247,32.02596584,5.185800394,169.8291413,87.03269008,60.4893122,1.328439798
Lacertoidea,Lacertidae,Meroles,Meroles ctenodactylus,18.79812806,314.4235687,29.13188417,8.444824776,87.00601059,54.4118531,749.6381612,12.38743253
Lacertoidea,Lacertidae,Meroles,Meroles anchietae,20.92438122,261.6519983,29.76620854,10.51147954,70.20033506,120.4762945,1082.693236,39.15401715
Lacertoidea,Lacertidae,Meroles,Meroles cuneirostris,19.62799567,325.7802913,29.89347179,8.051371192,77.26581576,91.38109969,682.6319442,22.71014481
Lacertoidea,Lacertidae,Meroles,Meroles micropholidotus,20.31054404,261.5028898,28.79261798,10.40999236,35.72346676,104.1374427,683.6521835,10.48391376
Lacertoidea,Lacertidae,Meroles,Meroles reticulatus,22.13381802,197.6832804,29.90286287,12.81248816,84.54127103,130.4843406,1019.748681,4.40871303
Lacertoidea,Lacertidae,Ichnotropis,Ichnotropis capensis,21.26007637,269.3373964,31.05517287,10.03865329,833.332839,95.92751042,325.5948718,202.3384615
Lacertoidea,Lacertidae,Ichnotropis,Ichnotropis bivittata,21.09241182,141.8965751,30.12106457,13.22947039,1272.84483,85.31380095,355.043956,239.6813187
Lacertoidea,Lacertidae,Vhembelacerta,Vhembelacerta rupicola,20.77544675,354.447391,29.41580721,8.031144695,646.3373328,81.54018176,379.7543654,22.18206882
Lacertoidea,Lacertidae,Tropidosaura,Tropidosaura montana,16.37298632,349.1040051,26.27669082,5.852146402,556.4026495,35.81707121,211.5645587,73.59122055
Lacertoidea,Lacertidae,Tropidosaura,Tropidosaura gularis,16.15282146,360.6960269,26.31563614,5.686946144,493.6659431,29.80539049,178.7652369,76.63183019
Lacertoidea,Lacertidae,Tropidosaura,Tropidosaura cottrelli,10.3016616,412.5526328,20.39426632,-3.317762696,891.4713316,72.90287854,471.8694126,32.01287152
Lacertoidea,Lacertidae,Tropidosaura,Tropidosaura essexi,10.50448611,414.123875,20.67771528,-3.187770833,908.8649306,69.07090278,456.13875,34.51763889
Lacertoidea,Lacertidae,Pedioplanis,Pedioplanis lineoocellata,18.91450422,464.2326452,30.68897005,4.540613231,367.0727641,76.17561562,221.284967,39.4449344
Lacertoidea,Lacertidae,Pedioplanis,Pedioplanis breviceps,21.49417664,218.5763524,30.38200599,10.59790493,145.4402938,129.3484222,1420,454.3846154
Lacertoidea,Lacertidae,Pedioplanis,Pedioplanis benguellensis,23.67333166,176.5857137,31.99541966,13.29797198,240.0287949,119.3115641,1463.466893,57.19392829
Lacertoidea,Lacertidae,Pedioplanis,Pedioplanis undata,21.65446112,290.3670592,31.96647625,8.990685022,322.3384192,118.1348685,220.1728215,0
Lacertoidea,Lacertidae,Pedioplanis,Pedioplanis gaerdesi,21.67161079,207.1239249,30.56069849,10.50506924,160.4142128,126.9504252,1765.714925,174.0149254
Lacertoidea,Lacertidae,Pedioplanis,Pedioplanis rubens,20.49005556,362.0952889,31.48913333,6.512288889,536.8608889,107.4758889,464.8831211,0
Lacertoidea,Lacertidae,Pedioplanis,Pedioplanis inornata,19.68875992,456.3433387,32.45779734,5.625087747,122.7512565,90.90323985,191.7017952,0
Lacertoidea,Lacertidae,Pedioplanis,Pedioplanis huntleyi,23.93612219,195.0696682,33.38995824,12.48235184,290.0565436,115.0822111,1124.025109,299.2449635
Lacertoidea,Lacertidae,Pedioplanis,Pedioplanis haackei,21.28849101,168.1448612,30.60363756,10.63057038,750.1353648,104.786547,1106.612843,231.8916138
Lacertoidea,Lacertidae,Pedioplanis,Pedioplanis husabensis,20.69690197,325.6205559,31.53329737,7.866163173,159.8149404,124.1726264,1074.5,179.0833333
Lacertoidea,Lacertidae,Pedioplanis,Pedioplanis namaquensis,19.99212248,445.8343223,31.89532668,5.690345479,280.2099441,89.35638973,132.2955053,0
Lacertoidea,Lacertidae,Pedioplanis,Pedioplanis laticeps,17.55356062,541.6840046,31.47686333,2.860591889,219.5801403,57.90401227,120.0674707,0.088591805
Lacertoidea,Lacertidae,Pedioplanis,Pedioplanis burchelli,15.21790008,442.7346647,26.96280671,1.933255927,487.1460167,51.89443886,1244.04,103.88
Lacertoidea,Lacertidae,Australolacerta,Australolacerta australis,15.31800112,436.1125863,27.87177337,3.378036781,420.1376168,58.21124575,198.8862878,36.21481164
Lacertoidea,Lacertidae,Ophisops,Ophisops jerdonii,25.26302304,490.8153419,38.57056558,10.94452851,808.8221949,115.2730665,406.6908534,22.76961347
Lacertoidea,Lacertidae,Ophisops,Ophisops occidentalis,17.46571459,664.8675445,33.8800326,4.202394085,305.1861995,52.25701679,1085.320052,165.1912185
Lacertoidea,Lacertidae,Ophisops,Ophisops elegans,14.96645458,821.9678001,33.01608834,-1.457720952,404.4267262,72.87489283,287.2429308,0
Lacertoidea,Lacertidae,Acanthodactylus,Acanthodactylus orientalis,21.33333577,936.1223822,41.57530212,2.894931009,204.1298118,85.40595239,107.5109077,0.117515382
Lacertoidea,Lacertidae,Acanthodactylus,Acanthodactylus tristrami,16.92444093,700.2933024,33.3785185,1.871681591,236.1679519,94.3575511,144.8446183,0.069762624
Lacertoidea,Lacertidae,Acanthodactylus,Acanthodactylus busacki,21.40638513,443.5851218,35.70141916,9.107324176,88.45205853,84.43575545,49.94870276,0.906066972
Lacertoidea,Lacertidae,Acanthodactylus,Acanthodactylus bedriagai,17.87855918,753.186662,36.30438436,3.100965612,279.018976,40.98077183,101.708723,23.13605547
Lacertoidea,Lacertidae,Acanthodactylus,Acanthodactylus maculatus,19.65284264,746.7033779,37.51223968,3.969956362,179.7060543,57.15961306,74.25832205,9.887644151
Lacertoidea,Lacertidae,Acanthodactylus,Acanthodactylus beershebensis,19.38576687,564.5152284,32.87135651,5.892038173,257.0227676,108.0530334,182.4935242,0
Lacertoidea,Lacertidae,Acanthodactylus,Acanthodactylus pardalis,20.56754432,535.6334287,33.50485891,8.425949956,109.4384819,108.3524807,80.73373363,0.028018116
Lacertoidea,Lacertidae,Acanthodactylus,Acanthodactylus blanci,17.76311652,673.3970101,34.43809205,4.451742541,357.4153543,41.33014968,137.8855971,27.77090007
Lacertoidea,Lacertidae,Acanthodactylus,Acanthodactylus erythrurus,15.23127739,600.7243857,30.71078605,2.938874893,535.5490828,47.91341744,216.8211785,33.48849408
Lacertoidea,Lacertidae,Acanthodactylus,Acanthodactylus longipes,25.20668201,664.234174,40.81531943,8.18046226,41.10481788,145.7636196,34.64305071,0.713940302
Lacertoidea,Lacertidae,Acanthodactylus,Acanthodactylus scutellatus,25.1544975,668.6424436,40.78669738,8.220447102,52.41083565,144.7170148,42.62987513,0.613814132
Lacertoidea,Lacertidae,Acanthodactylus,Acanthodactylus aureus,23.61210615,333.5497837,34.93101953,12.90976394,100.0083161,110.2678603,81.28446662,0.894862329
Lacertoidea,Lacertidae,Acanthodactylus,Acanthodactylus opheodurus,25.11179875,661.1275629,40.56711861,8.928137996,94.31632631,98.11194819,61.20658507,0.786463206
Lacertoidea,Lacertidae,Acanthodactylus,Acanthodactylus boskianus,25.16591524,605.6254161,40.10545142,9.381939486,134.173772,133.0346356,107.6033752,1.836630331
Lacertoidea,Lacertidae,Acanthodactylus,Acanthodactylus schreiberi,18.81130448,553.8557921,28.75745474,9.962372776,519.5235024,85.64214125,313.48248,10.2046461
Lacertoidea,Lacertidae,Acanthodactylus,Acanthodactylus nilsoni,21.75235935,988.0011797,43.43194192,2.547549909,479.9727768,93.3030853,269.4346642,0
Lacertoidea,Lacertidae,Acanthodactylus,Acanthodactylus felicis,24.42740702,301.0144519,34.05035557,14.35921814,199.2177117,89.58242503,123.7139375,7.082483875
Lacertoidea,Lacertidae,Acanthodactylus,Acanthodactylus masirae,26.27584588,366.9402558,37.21606929,14.90313421,55.58886191,94.80009713,34.45850737,2.413242674
Lacertoidea,Lacertidae,Acanthodactylus,Acanthodactylus cantoris,24.47411241,657.9159893,39.61161527,6.844505405,422.141329,114.9803027,351.4483804,13.4294532
Lacertoidea,Lacertidae,Acanthodactylus,Acanthodactylus gongrorhynchatus,27.78810164,704.7702308,44.01364546,11.47051427,74.94504131,123.517533,57.11259886,0
Lacertoidea,Lacertidae,Acanthodactylus,Acanthodactylus blanfordii,23.61611421,770.459403,40.95376247,5.43840158,138.3258648,105.6336522,95.18726977,3.463993999
Lacertoidea,Lacertidae,Acanthodactylus,Acanthodactylus schmidti,26.28697673,713.1924908,42.73038653,9.199402735,89.36996716,112.7360612,64.81460129,0.320726775
Lacertoidea,Lacertidae,Acanthodactylus,Acanthodactylus khamirensis,24.15333333,630.3066667,37.34666667,10.16666667,158.2666667,123,117.6666667,0.4
Lacertoidea,Lacertidae,Acanthodactylus,Acanthodactylus micropholis,24.42687515,741.2263575,41.32383721,6.476294484,122.2509245,101.8555465,81.25489787,3.534168929
Lacertoidea,Lacertidae,Acanthodactylus,Acanthodactylus grandis,22.13711326,894.8577484,41.45633327,3.62904129,155.4689745,88.06247243,89.28142665,0.008542768
Lacertoidea,Lacertidae,Mesalina,Mesalina olivieri,21.63009969,642.284898,37.50524098,6.802498213,142.2084618,86.59684477,53.16145613,0.923655045
Lacertoidea,Lacertidae,Mesalina,Mesalina pasteuri,25.41272531,692.1145835,41.52448037,7.929560553,36.96487141,125.4196365,13.58298726,0
Lacertoidea,Lacertidae,Mesalina,Mesalina simoni,18.05515317,478.1752194,31.55689459,6.008482662,332.1365992,71.39792957,86.54908765,2.193146265
Lacertoidea,Lacertidae,Mesalina,Mesalina watsonana,19.81146576,854.9721447,38.51251448,0.910869466,208.131367,96.94534138,55.70080617,1.513549175
Lacertoidea,Lacertidae,Mesalina,Mesalina brevirostris,23.62368738,781.2526167,40.92370006,5.864138233,140.0521641,92.50656896,28.71455865,1.545591326
Lacertoidea,Lacertidae,Mesalina,Mesalina bahaeldini,19.06507396,602.3746955,33.99611311,4.430903831,19.5950259,112.3882693,56.32585542,3.815085632
Lacertoidea,Lacertidae,Mesalina,Mesalina guttulata,24.8623972,645.2538082,40.21702336,8.388873575,73.29450565,138.9044104,76.09425835,0.125929216
Lacertoidea,Lacertidae,Mesalina,Mesalina rubropunctata,24.70613512,640.7422389,39.88307445,8.046639126,29.82771251,167.995494,299.9801415,0
Lacertoidea,Lacertidae,Mesalina,Mesalina kuri,26.85316456,127.2955696,29.77974684,24.42405063,120.6708861,159.5063291,467.8588743,6.697168205
Lacertoidea,Lacertidae,Mesalina,Mesalina balfouri,24.84147455,119.4534125,27.98813056,22.78735449,304.8326866,143.5727003,87.48083663,15.58328774
Lacertoidea,Lacertidae,Mesalina,Mesalina adramitana,26.95132121,610.0089642,41.83851889,11.30733735,74.6149651,110.8048836,40.47493888,6.926548492
Lacertoidea,Lacertidae,Mesalina,Mesalina martini,28.09167418,393.321396,38.67782704,17.61030413,137.6471381,100.2742881,109.0602761,8.269180275
Lacertoidea,Lacertidae,Eremias,Eremias intermedia,12.15885214,1149.679127,34.58107336,-8.61796236,171.112395,51.40506895,79.23315335,16.190713
Lacertoidea,Lacertidae,Eremias,Eremias arguta,7.536596164,1158.69063,29.11665982,-12.85388758,308.8094524,34.63979941,332.1335158,16.1292105
Lacertoidea,Lacertidae,Eremias,Eremias grammica,11.5877953,1158.019579,34.02853653,-9.46010813,181.0052563,50.73875809,340.1439091,17.30161296
Lacertoidea,Lacertidae,Eremias,Eremias pleskei,8.468737098,856.5947515,26.28109026,-8.843541168,438.5753393,47.79016789,117.9077279,3.713386567
Lacertoidea,Lacertidae,Eremias,Eremias scripta,12.68461519,1086.044779,34.34594953,-7.206521727,208.7262017,54.40483544,74.94750117,3.365801716
Lacertoidea,Lacertidae,Eremias,Eremias argus,5.77353764,1235.448322,27.06650459,-18.4698528,472.4090991,103.2395061,70.55731049,0.685158292
Lacertoidea,Lacertidae,Eremias,Eremias brenchleyi,7.746051708,1169.845436,28.1835045,-15.34282393,480.4293869,103.7398807,119.2487757,45.06906467
Lacertoidea,Lacertidae,Eremias,Eremias przewalskii,5.474785397,1171.938781,27.24876955,-18.76604184,102.1853044,105.0066759,202.4082099,49.72217249
Lacertoidea,Lacertidae,Eremias,Eremias multiocellata,3.848718715,1146.649039,25.05650832,-19.80476972,201.7461724,98.89201647,250.1943671,2.430516868
Lacertoidea,Lacertidae,Eremias,Eremias suphani,7.082212034,911.7405728,26.55420446,-10.96949068,522.2473836,51.45267285,168.8810775,26.25367742
Lacertoidea,Lacertidae,Eremias,Eremias persica,17.50801325,891.9213988,36.9218319,-1.727394092,193.2914027,96.66429836,139.8661225,7.200755565
Lacertoidea,Lacertidae,Eremias,Eremias acutirostris,22.44401162,898.5645728,42.24497415,2.421779262,102.6063549,113.532524,987.6839403,196.8952254
Lacertoidea,Lacertidae,Eremias,Eremias lalezharica,10.33209765,757.4221519,27.82377939,-6.944484629,274.5641953,100.7938517,76.39242871,14.58418897
Lacertoidea,Lacertidae,Eremias,Eremias montana,11.50433302,954.1700609,33.61092541,-7.23816156,487.4487775,79.39977303,187.636528,8.888788427
Lacertoidea,Lacertidae,Eremias,Eremias strauchi,11.75047983,878.2466894,30.52791396,-5.823306162,360.1497036,57.41160658,95.60346593,16.23981921
Lacertoidea,Lacertidae,Eremias,Eremias velox,10.77397091,1086.009585,32.10867513,-9.675181808,218.0398651,56.98872699,225.7755407,26.40150836
Lacertoidea,Lacertidae,Eremias,Eremias vermiculata,6.157325673,1109.003342,27.11853519,-17.2260696,111.4115317,104.7628384,101.563375,18.75314638
Lacertoidea,Lacertidae,Omanosaura,Omanosaura cyanura,25.73127774,530.3231338,38.8016308,13.07348689,124.3464022,105.5236046,538.1513648,289.0558313
Lacertoidea,Lacertidae,Omanosaura,Omanosaura jayakari,26.22338747,547.0561183,39.8237355,13.00886543,114.5210441,108.7925522,757.1111111,595.7777778
Lacertoidea,Lacertidae,Adolfus,Adolfus jacksoni,20.66464452,67.27039403,26.37105621,16.16869141,1459.850344,40.98442577,551.7850141,157.458136
Lacertoidea,Lacertidae,Adolfus,Adolfus alleni,17.17816183,105.9090552,25.15286717,10.93115996,1120.358513,45.10982226,469.8840037,119.3302619
Lacertoidea,Lacertidae,Adolfus,Adolfus africanus,22.53125708,95.09461413,29.28027436,17.81598678,1526.118702,54.56271524,644.217547,86.60891561
Lacertoidea,Lacertidae,Congolacerta,Congolacerta asukului,15.05632776,75.06374946,21.11818962,10.29184899,1755.78979,52.82539683,694.8837409,61.16387816
Lacertoidea,Lacertidae,Congolacerta,Congolacerta vauereselli,19.88758809,64.38289937,25.6430247,15.46783483,1376.140191,44.35691096,534.6125299,111.4045845
Lacertoidea,Lacertidae,Gastropholis,Gastropholis prasina,24.16825827,138.7325542,29.80468928,18.54523945,978.4468358,62.58950969,848.2950481,401.1595598
Lacertoidea,Lacertidae,Gastropholis,Gastropholis vittata,25.4377868,133.2706861,30.70292012,20.43132082,1098.665934,62.55228592,533.1013398,75.12628278
Lacertoidea,Lacertidae,Holaspis,Holaspis guentheri,24.13981045,85.66658,29.46964576,19.96851926,1797.160884,51.75476347,769.8150043,20.99169991
Lacertoidea,Lacertidae,Holaspis,Holaspis laevis,23.91678068,187.8719276,30.96089337,16.34297318,1093.425905,92.16056062,253.9796546,31.69101725
Lacertoidea,Lacertidae,Atlantolacerta,Atlantolacerta andreanskyi,12.91199831,638.2357868,30.39427366,-1.896121502,331.2516383,54.76076501,141.9872873,14.33688651
Lacertoidea,Gymnophthalmidae,Pantepuisaurus,Pantepuisaurus rodriguesi,18.34166667,44.95833333,23.15833333,13.89166667,2233.916667,46.83333333,570.5,8.666666667
Lacertoidea,Gymnophthalmidae,Kaieteurosaurus,Kaieteurosaurus hindsi,22.46086957,50.00869565,26.69130435,18.5,4267.26087,39,1106.441318,41.04581731
Lacertoidea,Gymnophthalmidae,Leposoma,Leposoma nanodactylus,23.21557645,143.8965263,28.33239071,17.96186402,1105.724902,40.10079504,643.5660672,59.83022451
Lacertoidea,Gymnophthalmidae,Leposoma,Leposoma sinepollex,22.60632911,129.4632911,27.21392405,17.94405063,1210.379747,16.64556962,1513.15037,161.1259975
Lacertoidea,Gymnophthalmidae,Leposoma,Leposoma puk,23.23662284,143.3081484,28.31685309,18.02283561,1116.795016,39.19565678,1371.775461,131.5587833
Lacertoidea,Gymnophthalmidae,Leposoma,Leposoma scincoides,23.35491683,173.847967,29.29944121,17.24290739,1210.752518,55.60287008,474.4264706,28.8872549
Lacertoidea,Gymnophthalmidae,Leposoma,Leposoma annectans,25.65759872,134.6964749,31.74543649,19.92574938,898.4507797,56.41606828,1237.665735,254.5103247
Lacertoidea,Gymnophthalmidae,Leposoma,Leposoma baturitensis,27.48969761,73.78426026,33.74032225,22.43508448,880.6054843,104.3845078,642.2113017,52.96427851
Lacertoidea,Gymnophthalmidae,Yanomamia,Yanomamia guianensis,21.77866379,50.70107759,26.54091236,17.38444684,2156.859914,40.95797414,926.455819,292.1443966
Lacertoidea,Gymnophthalmidae,Yanomamia,Yanomamia hoogmoedi,18.26,45.015,23.09,13.82,2318.75,45.3,1018.6,250.2
Lacertoidea,Gymnophthalmidae,Arthrosaura,Arthrosaura reticulata,25.26100365,57.41978478,29.68633371,21.72423967,2387.510618,46.72842145,967.3348167,256.1722769
Lacertoidea,Gymnophthalmidae,Arthrosaura,Arthrosaura kockii,25.73941714,80.8774073,31.2495378,22.34925676,2374.415765,56.13513758,1092.215467,162.4091904
Lacertoidea,Gymnophthalmidae,Loxopholis,Loxopholis southi,25.09865634,34.45811844,27.91011288,22.80124895,3598.963634,41.46742767,1046.23923,94.94135952
Lacertoidea,Gymnophthalmidae,Loxopholis,Loxopholis parietalis,24.51212451,49.26926265,28.50681611,20.77457081,2840.520929,36.96595149,420.0176309,50.70617081
Lacertoidea,Gymnophthalmidae,Loxopholis,Loxopholis osvaldoi,24.98760857,51.96294397,30.34683065,20.1035886,2114.396153,63.21549243,252.4642118,120.8893398
Lacertoidea,Gymnophthalmidae,Loxopholis,Loxopholis hexalepis,24.92265091,54.8952822,29.04939556,21.92572612,2833.878856,57.70939634,962.0977816,72.2454502
Lacertoidea,Gymnophthalmidae,Loxopholis,Loxopholis percarinatum,25.17297297,61.96321163,30.10588236,21.36907452,2311.163102,54.71209133,362.7486753,21.18441605
Lacertoidea,Gymnophthalmidae,Loxopholis,Loxopholis guianense,25.14634832,66.65618204,29.96165345,21.6562541,2308.845018,52.67737063,1084.836617,448.817321
Lacertoidea,Gymnophthalmidae,Marinussaurus,Marinussaurus curupira,26.33636364,50.44545455,30.57272727,23.07272727,2496.545455,48.63636364,43.2520756,1.12082702
Lacertoidea,Gymnophthalmidae,Colobosauroides,Colobosauroides cearensis,27.27374034,115.4927466,34.56410003,21.83869877,908.6884125,103.0836252,639.8663406,12.95768942
Lacertoidea,Gymnophthalmidae,Anotosaura,Anotosaura collaris,23.77524319,147.2380782,29.65709724,17.78755349,859.6097877,56.25166052,386.2525986,87.80282724
Lacertoidea,Gymnophthalmidae,Anotosaura,Anotosaura vanzolinia,24.23190081,129.347929,30.64216129,18.0834777,595.2057281,72.64625145,334.3790947,30.21564082
Lacertoidea,Gymnophthalmidae,Dryadosaura,Dryadosaura nordestina,25.02851984,116.4500772,30.09256907,20.13725963,1071.566018,60.27198459,1058.935112,83.8782024
Lacertoidea,Gymnophthalmidae,Ecpleopus,Ecpleopus gaudichaudii,21.43909759,206.7073427,27.71827961,14.13682266,1418.305065,58.12409678,134.3085379,5.222499174
Lacertoidea,Gymnophthalmidae,Riama,Riama orcesi,20.16970139,50.80550694,24.74074306,15.50965972,2992.597917,21.81361111,965.0365278,534.0170833
Lacertoidea,Gymnophthalmidae,Riama,Riama simotera,16.16145833,28.02721875,19.87814583,12.61814236,1658.05809,32.26131944,598.2285069,230.0217708
Lacertoidea,Gymnophthalmidae,Riama,Riama colomaromani,14.32426157,29.24315278,18.30946759,10.33675694,1603.151204,34.8618287,596.064537,209.6588889
Lacertoidea,Gymnophthalmidae,Riama,Riama unicolor,16.95913889,34.33952315,20.68659491,12.8393588,1833.993819,54.43648148,840.2868519,162.6917593
Lacertoidea,Gymnophthalmidae,Riama,Riama cashcaensis,11.304625,45.43164583,16.77369444,5.415638889,1720.395556,27.80625,585.2883333,308.1358333
Lacertoidea,Gymnophthalmidae,Riama,Riama laBionis,16.97124306,39.69076736,20.97895486,12.35379167,1836.932986,62.32322917,913.7974306,136.1972569
Lacertoidea,Gymnophthalmidae,Riama,Riama stigmatoral,15.50834773,44.23941095,20.58918207,9.798341683,1186.039471,67.24956815,658.4107359,72.51407842
Lacertoidea,Gymnophthalmidae,Riama,Riama meleagris,11.19331726,43.13563496,16.51287682,5.5185251,1680.808847,28.04588437,574.2082249,295.982357
Lacertoidea,Gymnophthalmidae,Macropholidus,Macropholidus annectens,14.5436402,41.83801827,20.55158117,9.019114547,1015.709065,42.29304287,991.9356702,91.66943073
Lacertoidea,Gymnophthalmidae,Macropholidus,Macropholidus huancabambae,21.5156765,85.87278326,27.17373367,15.00519346,412.2393835,107.4555583,589.0146775,9.569749363
Lacertoidea,Gymnophthalmidae,Macropholidus,Macropholidus ruthveni,15.08891843,37.95271159,20.60187477,8.964195385,688.9829567,71.24879845,977.3505496,274.0888784
Lacertoidea,Gymnophthalmidae,Pholidobolus,Pholidobolus prefrontalis,15.10527619,48.31129067,20.34404204,9.452665753,1405.520934,45.97847678,224.9999671,0.287544191
Lacertoidea,Gymnophthalmidae,Pholidobolus,Pholidobolus affinis,15.49665369,46.83815542,21.11099301,9.870668564,1356.061151,42.50357785,413.7638095,14.00619048
Lacertoidea,Gymnophthalmidae,Pholidobolus,Pholidobolus montium,13.86399287,33.31659452,18.12116119,9.408865971,1977.944954,34.41159494,333.3437073,10.59870896
Lacertoidea,Gymnophthalmidae,Pholidobolus,Pholidobolus macbrydei,16.15660445,48.30070782,21.49133487,10.62453692,1393.737235,44.26758855,743.327994,193.2156473
Lacertoidea,Gymnophthalmidae,Pholidobolus,Pholidobolus hillisi,15.50769231,47.40769231,21.47692308,9.938461538,1195.384615,28.07692308,638.479798,214.5606061
Lacertoidea,Gymnophthalmidae,Petracola,Petracola ventrimaculatus,17.65399158,55.92727499,23.11389894,11.59473859,800.8012256,72.3901512,84.0854878,5.374775877
Lacertoidea,Gymnophthalmidae,Proctoporus,Proctoporus sucullucu,8.712975121,115.1415342,13.43363856,1.410228058,864.2097443,81.59018659,655.3325499,47.52116004
Lacertoidea,Gymnophthalmidae,Proctoporus,Proctoporus chasqui,11.65263158,109.0473684,16.21578947,4.905263158,1135,65.68421053,300.3476752,0
Lacertoidea,Gymnophthalmidae,Proctoporus,Proctoporus pachyurus,8.384916667,83.98758333,12.67913194,1.961541667,1096.095694,57.49923611,200.4838422,20.00967887
Lacertoidea,Gymnophthalmidae,Proctoporus,Proctoporus bolivianus,11.41687153,136.5333125,16.64199901,3.818653274,1491.448839,71.17959821,272.5862069,0
Lacertoidea,Gymnophthalmidae,Proctoporus,Proctoporus xestus,17.07287607,250.8071244,24.04042381,7.486412135,1089.905596,79.24364146,405.2780368,5.534893012
Lacertoidea,Gymnophthalmidae,Proctoporus,Proctoporus unsaacae,7.571171303,116.7586676,11.98190337,0.274040996,839.3084919,80.76954612,405.4556862,5.510971627
Lacertoidea,Gymnophthalmidae,Proctoporus,Proctoporus guentheri,15.85156007,141.7814424,20.69208924,8.854485417,1658.247521,62.49483333,25.69425599,0.895070104
Lacertoidea,Gymnophthalmidae,Cercosaura,Cercosaura quadrilineata,20.25609301,238.1376092,26.74740871,12.11810944,1535.589467,47.13156385,665.5073859,161.8414883
Lacertoidea,Gymnophthalmidae,Cercosaura,Cercosaura schreibersii,21.73803854,275.3291343,29.67466243,12.63487615,1361.606606,57.25254073,615.869257,102.3304683
Lacertoidea,Gymnophthalmidae,Cercosaura,Cercosaura eigenmanni,24.85960395,96.18473763,30.20367073,18.69227355,1904.210957,60.93281554,870.6358373,104.4330787
Lacertoidea,Gymnophthalmidae,Cercosaura,Cercosaura ocellata,24.40998734,121.6868573,30.18299821,18.75705587,1810.950849,57.8588082,805.9772921,147.0350532
Lacertoidea,Gymnophthalmidae,Cercosaura,Cercosaura argulus,24.75661811,68.86334266,29.6255942,20.50151303,2264.591698,52.79092758,966.0462241,201.1441282
Lacertoidea,Gymnophthalmidae,Oreosaurus,Oreosaurus mcdiarmidi,20.20315064,48.545553,25.17492616,15.68086643,2823.546767,50.47062685,822.4546412,16.78512117
Lacertoidea,Gymnophthalmidae,Potamites,Potamites ecpleopus,24.77074553,54.06696125,29.09757968,20.88691062,2404.213888,45.03385497,658.4068692,16.65139161
Lacertoidea,Gymnophthalmidae,Potamites,Potamites strangulatus,21.16244444,57.34208125,25.91870069,15.90172465,2304.780233,26.13918403,735.9538071,131.8362542
Lacertoidea,Gymnophthalmidae,Potamites,Potamites juruazensis,23.3963146,57.33037351,27.54662055,18.40980269,1902.927881,46.66941608,607.1176471,10.54901961
Lacertoidea,Gymnophthalmidae,Placosoma,Placosoma glabellum,22.24645091,191.3717285,28.70581676,14.04339953,1416.828556,67.91947953,224.6384439,44.32158892
Lacertoidea,Gymnophthalmidae,Placosoma,Placosoma cordylinum,23.26612337,143.6591633,29.9025293,16.02567206,1579.227132,73.48283622,1230.3816,415.3260103
Lacertoidea,Gymnophthalmidae,Neusticurus,Neusticurus rudis,25.33746245,90.00532275,31.16704815,21.64946521,2126.943665,54.9056133,547.596651,183.1609302
Lacertoidea,Gymnophthalmidae,Neusticurus,Neusticurus bicarinatus,25.30395778,60.57374011,30.15182315,21.70042658,2290.556328,53.50899943,433.9576272,217.7224133
Lacertoidea,Gymnophthalmidae,Bachia,Bachia bresslaui,24.52713016,136.6718856,31.30213394,17.10662046,1518.520234,73.20549524,788.0884417,39.18831475
Lacertoidea,Gymnophthalmidae,Bachia,Bachia trisanale,24.23269713,51.82357539,27.99829189,20.16033945,2542.561916,33.95855502,902.0694815,356.3172213
Lacertoidea,Gymnophthalmidae,Bachia,Bachia scaea,25.41185848,45.65800933,30.27624417,20.47912131,1877.412131,56.40979782,775.1333593,108.3133748
Lacertoidea,Gymnophthalmidae,Bachia,Bachia barbouri,18.56928944,56.35541689,24.08752378,12.4815789,795.1264552,63.5530344,362.8058402,91.70366362
Lacertoidea,Gymnophthalmidae,Bachia,Bachia intermedia,18.56928944,56.35541689,24.08752378,12.4815789,795.1264552,63.5530344,362.8058402,91.70366362
Lacertoidea,Gymnophthalmidae,Bachia,Bachia bicolor,24.70174687,39.51800435,28.92455138,20.6366642,1893.064427,52.49491595,799.7150411,129.7700681
Lacertoidea,Gymnophthalmidae,Bachia,Bachia peruana,20.58392657,58.04735723,24.73690589,15.41011844,1882.174525,45.74952053,718.9489102,198.6364835
Lacertoidea,Gymnophthalmidae,Bachia,Bachia panoplia,25.84094492,59.7853388,30.19350901,22.62693561,2353.912373,41.08877791,946.7992137,306.5849645
Lacertoidea,Gymnophthalmidae,Bachia,Bachia heteropa,24.38431348,54.13557116,28.31678997,20.78113981,1405.755524,53.16036364,597.4202633,86.94807524
Lacertoidea,Gymnophthalmidae,Bachia,Bachia scolecoides,24.73135343,76.21904711,31.68413708,18.85448091,1926.535003,75.75038625,969.1244742,16.80430453
Lacertoidea,Gymnophthalmidae,Bachia,Bachia huallagana,18.96114583,55.8927629,23.65111905,13.2346131,2144.155933,37.92782738,772.3649504,278.7286607
Lacertoidea,Gymnophthalmidae,Bachia,Bachia dorbignyi,24.28374111,123.1325134,29.88073498,17.43398344,1774.086627,62.33114323,824.2612733,105.7400872
Lacertoidea,Gymnophthalmidae,Bachia,Bachia flavescens,25.20349484,61.48199061,29.81848098,21.79006926,2409.668278,50.55301638,1038.938118,236.7748392
Lacertoidea,Gymnophthalmidae,Rhachisaurus,Rhachisaurus brachylepis,22.7006213,164.2700888,29.17314662,15.12317263,1152.916866,87.76981786,703.1113244,24.43621344
Lacertoidea,Gymnophthalmidae,Procellosaurinus,Procellosaurinus tetradactylus,25.46013458,111.1651441,32.58760609,18.84818415,762.0315513,85.32584315,101.6844602,5.318018217
Lacertoidea,Gymnophthalmidae,Procellosaurinus,Procellosaurinus erythrocercus,25.46342659,111.1790223,32.59281142,18.85852402,762.4036212,85.3226513,123.6726316,7.501873957
Lacertoidea,Gymnophthalmidae,Vanzosaura,Vanzosaura rubricauda,24.23526624,162.9888071,31.18902608,17.25815103,1377.990406,70.74171439,690.5994064,59.79155084
Lacertoidea,Gymnophthalmidae,Tretioscincus,Tretioscincus agilis,25.33596843,70.72684067,30.36467442,21.98244665,2303.177198,52.80856087,1020.461892,203.1448901
Lacertoidea,Gymnophthalmidae,Tretioscincus,Tretioscincus oriximinensis,25.55888056,56.82665359,29.71474844,22.39483696,2354.634077,39.33215339,957.1834071,334.8350952
Lacertoidea,Gymnophthalmidae,Micrablepharus,Micrablepharus maximiliani,25.13917515,117.2616894,31.72677301,19.15882095,1411.205912,76.9875776,25.15584108,0.277539618
Lacertoidea,Gymnophthalmidae,Micrablepharus,Micrablepharus atticolus,24.41368092,128.5344306,31.17693118,17.18727305,1595.639057,73.78996818,30.70787248,0.601580512
Lacertoidea,Gymnophthalmidae,Nothobachia,Nothobachia ablephara,25.15989836,125.7747377,31.98535258,18.51377796,568.632188,76.62572705,339.9483764,172.0537384
Lacertoidea,Gymnophthalmidae,Calyptommatus,Calyptommatus sinebrachiatus,25.4326473,111.5600281,32.55125564,18.80304869,732.6209619,85.2346713,388.6228736,5.959098961
Lacertoidea,Gymnophthalmidae,Calyptommatus,Calyptommatus nicterus,25.4326473,111.5600281,32.55125564,18.80304869,732.6209619,85.2346713,388.6228736,5.959098961
Lacertoidea,Gymnophthalmidae,Calyptommatus,Calyptommatus leiolepis,25.4326473,111.5600281,32.55125564,18.80304869,732.6209619,85.2346713,388.6228736,5.959098961
Lacertoidea,Gymnophthalmidae,Calyptommatus,Calyptommatus confusionibus,26.57029802,114.9934507,33.97130194,20.74805931,818.1841978,85.92388326,433.3691007,3.863298772
Lacertoidea,Gymnophthalmidae,Psilops,Psilops paeminosus,24.92818802,131.594722,31.69987251,18.30482918,555.057997,72.42166888,805.0413137,114.9417177
Lacertoidea,Gymnophthalmidae,Gymnophthalmus,Gymnophthalmus vanzoi,25.84334444,95.03045467,31.3245734,21.83002493,1861.191899,64.46514634,202.0663088,27.74668015
Lacertoidea,Gymnophthalmidae,Gymnophthalmus,Gymnophthalmus leucomystax,25.81954868,90.76774246,31.10765867,21.8937685,1864.604378,65.48091339,515.8560198,9.981644005
Lacertoidea,Gymnophthalmidae,Gymnophthalmus,Gymnophthalmus pleii,25.73828692,87.25393462,27.4313862,23.90696126,2248.262107,38.4933414,703.8395604,91.10345675
Lacertoidea,Gymnophthalmidae,Gymnophthalmus,Gymnophthalmus cryptus,24.52353873,56.7353553,29.2259568,20.77798329,2713.776992,66.21761813,347.4753577,12.63857976
Lacertoidea,Gymnophthalmidae,Gymnophthalmus,Gymnophthalmus underwoodi,25.13302604,72.13817345,30.17009479,21.59492007,2260.755326,50.97488748,666.1198056,22.6731297
Lacertoidea,Gymnophthalmidae,Gymnophthalmus,Gymnophthalmus speciosus,25.66268063,64.56852609,30.27426437,21.97373361,2174.749841,64.32372014,720.2371155,60.05152423
Lacertoidea,Gymnophthalmidae,Acratosaura,Acratosaura mentalis,23.80033009,141.9738769,29.8850364,17.50215727,844.9253242,66.74680675,429.2187752,55.8063089
Lacertoidea,Gymnophthalmidae,Stenolepis,Stenolepis ridleyi,26.13040787,111.5657841,32.97308702,19.62992528,713.3764064,90.21583569,471.3669031,21.90273287
Lacertoidea,Gymnophthalmidae,Iphisa,Iphisa elegans,24.64776511,62.2124907,29.16849504,20.67076154,2383.934371,47.65828927,874.3637922,21.66413454
Lacertoidea,Gymnophthalmidae,Colobosaura,Colobosaura modesta,24.96789137,114.2755965,31.57693377,18.99001194,1609.261598,75.37151264,833.014301,37.90719037
Lacertoidea,Gymnophthalmidae,Alexandresaurus,Alexandresaurus camacan,23.40754437,137.9261511,28.19457745,18.50721966,1187.139123,32.49655939,426.5114958,192.9187741
Lacertoidea,Gymnophthalmidae,Colobodactylus,Colobodactylus taunayi,21.62171327,253.9294468,27.29958358,15.3666865,1963.626413,33.87983343,754.4080904,281.5466984
Lacertoidea,Gymnophthalmidae,Colobodactylus,Colobodactylus dalcyanus,20.27614131,207.0170014,26.53723306,12.31980995,1522.342222,64.74190645,766.0121124,96.85448823
Lacertoidea,Gymnophthalmidae,Caparaonia,Caparaonia itaiquara,22.51427048,189.5394761,28.9638501,15.61388528,1267.919796,71.81529889,689.7245119,68.56132421
Lacertoidea,Gymnophthalmidae,Heterodactylus,Heterodactylus imbricatus,21.06865433,200.7979303,27.41038033,13.13211316,1437.002629,68.82595738,204.1757222,23.02526118
Lacertoidea,Gymnophthalmidae,Riolama,Riolama leucosticta,24.00107598,75.0248675,29.31102884,19.66617306,1483.576211,65.12869204,759.9178896,130.1425413
Lacertoidea,Alopoglossidae,Alopoglossus,Alopoglossus brevifrontalis,24.96720771,54.12005999,29.01442797,21.43775159,2542.537442,40.80790613,43.97687424,0.037851961
Lacertoidea,Alopoglossidae,Alopoglossus,Alopoglossus festae,21.47831689,47.53376674,25.14130458,17.39231224,1811.558287,73.17951444,900.5959948,163.5678824
Lacertoidea,Alopoglossidae,Alopoglossus,Alopoglossus viridiceps,17.27104723,21.67207392,20.87310062,13.61252567,1507.184805,45.55441478,629.5441478,137.7926078
Lacertoidea,Alopoglossidae,Alopoglossus,Alopoglossus buckleyi,23.98897527,50.5500023,27.82881848,19.79579719,2395.056391,28.33642788,802.5440555,386.7520946
Lacertoidea,Alopoglossidae,Alopoglossus,Alopoglossus angulatus,24.98960818,60.98370572,29.63277067,21.05004985,2353.434425,50.75833434,990.7676943,220.4279847
Lacertoidea,Alopoglossidae,Alopoglossus,Alopoglossus copii,24.09763154,50.6158083,27.86066802,20.25070537,3228.425906,19.27195597,1046.297647,598.2565172
Lacertoidea,Alopoglossidae,Alopoglossus,Alopoglossus atriventris,24.67042319,42.39707669,28.26692816,20.9667545,2555.130825,29.38133542,870.6402747,367.4124275
Lacertoidea,Teiidae,Callopistes,Callopistes flavipunctatus,20.8506634,77.38229855,25.8925486,15.10642334,838.580936,87.33144769,387.4836883,99.65668201
Lacertoidea,Teiidae,Callopistes,Callopistes maculatus,13.86055497,408.9366565,25.01440157,2.297878805,213.3300458,115.9482882,152.750686,2.168330771
Lacertoidea,Teiidae,Tupinambis,Tupinambis teguixin,24.10861243,121.3899518,29.86981232,18.64714182,1955.518312,55.86352452,853.0056155,160.8124327
Lacertoidea,Teiidae,Tupinambis,Tupinambis quadrilineatus,24.91137549,92.37077332,31.70478935,19.18169117,1803.637214,75.57292703,904.0161906,25.033109
Lacertoidea,Teiidae,Tupinambis,Tupinambis longilineus,25.55230167,44.34291106,30.21594081,21.67368792,2284.73464,53.84287091,955.3964627,142.111683
Lacertoidea,Teiidae,Crocodilurus,Crocodilurus amazonicus,25.20632666,55.25735868,29.58531933,21.68254627,2474.648619,47.24651801,1006.328265,246.5049144
Lacertoidea,Teiidae,Dracaena,Dracaena guianensis,25.23595323,51.94737502,29.32778011,21.63615279,2461.980009,43.83499257,968.1706469,269.0092896
Lacertoidea,Teiidae,Salvator,Salvator duseni,24.36748756,139.1976643,31.35847165,17.11639983,1514.430641,74.1477393,791.699899,39.19347356
Lacertoidea,Teiidae,Salvator,Salvator rufescens,20.56781176,400.0442816,30.0597599,9.35630634,815.464305,64.73147668,388.4546075,48.43805164
Lacertoidea,Teiidae,Salvator,Salvator merianae,23.32656062,187.7074897,30.20529755,16.44791958,1566.061472,58.07300067,703.4946299,116.5488492
Lacertoidea,Teiidae,Dicrodon,Dicrodon guttulatum,21.28919869,75.56595818,26.11486399,15.78390575,720.8782556,99.95582416,449.8155523,43.37610695
Lacertoidea,Teiidae,Teius,Teius teyou,21.21629486,383.5576208,30.30165393,10.12266646,861.8399982,66.25955834,404.3149211,52.22814596
Lacertoidea,Teiidae,Holcosus,Holcosus festivus,24.30015246,68.41723275,28.2172086,20.74911441,2747.899597,48.84075964,448.4480341,88.91426169
Lacertoidea,Teiidae,Holcosus,Holcosus quadrilineatus,24.3103381,52.27357197,27.78468193,21.88769685,3007.768338,52.19346595,303.9910225,150.9602913
Lacertoidea,Teiidae,Holcosus,Holcosus undulatus,24.07058625,160.3935113,30.36393442,17.5574961,1550.909204,76.81940147,787.9355073,115.0556984
Lacertoidea,Teiidae,Aurivela,Aurivela longicauda,14.71586053,538.2443707,26.76818636,0.999277591,295.1736009,70.44187451,151.1804225,23.63985004
Lacertoidea,Teiidae,Pholidoscelis,Pholidoscelis corax,26.8,115.675,28.9,24.6,1078.75,34.75,534.0835809,211.7284736
Lacertoidea,Teiidae,Pholidoscelis,Pholidoscelis plei,26.63180077,114.1842912,28.70574713,24.4835249,1124.099617,34.651341,735.0661199,196.8344493
Lacertoidea,Teiidae,Pholidoscelis,Pholidoscelis fuscatus,24.94827957,91.54,26.70387097,23.05795699,2212.267742,38.07526882,575.3737826,205.4955631
Lacertoidea,Teiidae,Pholidoscelis,Pholidoscelis erythrocephalus,25.88224044,107.9131148,27.86120219,23.8010929,1353.289617,33.84153005,558.4245512,209.3632731
Lacertoidea,Teiidae,Pholidoscelis,Pholidoscelis pluvianotatus,25.6312,104.0832,27.556,23.58,1427.552,35.952,498.3196721,170.5327869
Lacertoidea,Teiidae,Pholidoscelis,Pholidoscelis griswoldi,26.62422907,109.5896476,28.61475771,24.52312775,1170.69163,34.97356828,584.2987679,108.3056786
Lacertoidea,Teiidae,Pholidoscelis,Pholidoscelis dorsalis,25.14614998,100.4008286,27.79188149,22.38118514,1721.060345,43.60470372,453.6153846,215.7692308
Lacertoidea,Teiidae,Pholidoscelis,Pholidoscelis auberi,25.1537978,174.3692029,29.86704635,19.84752948,1309.953653,57.73220214,331.2025978,17.21943397
Lacertoidea,Teiidae,Pholidoscelis,Pholidoscelis exsul,25.56527741,109.8141547,27.61634775,23.45626911,1605.819659,36.13324596,721.3637,287.3593922
Lacertoidea,Teiidae,Pholidoscelis,Pholidoscelis polops,26.712,109.9993333,28.746,24.60066667,1084.506667,37.47333333,596.114111,199.786457
Lacertoidea,Teiidae,Pholidoscelis,Pholidoscelis wetmorei,26.02516222,108.4195386,28.05111752,23.93496756,1302.041096,49.01009373,439.8744493,153.9977974
Lacertoidea,Teiidae,Pholidoscelis,Pholidoscelis maynardi,26.77720379,145.2497156,29.30379147,24.27540284,688.8075829,50.70995261,403.75,137
Lacertoidea,Teiidae,Pholidoscelis,Pholidoscelis lineolatus,23.39350921,134.5369448,28.64546328,17.72939959,1187.432435,46.88382318,493.4688673,143.7837271
Lacertoidea,Teiidae,Pholidoscelis,Pholidoscelis taeniurus,24.04004417,125.7510758,28.65579877,19.05851745,1384.974141,42.79604445,800.9892473,254.5989247
Lacertoidea,Teiidae,Pholidoscelis,Pholidoscelis chrysolaemus,23.78919442,130.6572496,28.70183073,18.50447936,1256.121893,43.94353893,312.9826669,10.11487
Lacertoidea,Teiidae,Medopheos,Medopheos edracanthus,19.73613963,70.93224017,24.38824951,14.39034839,656.7871426,99.04471799,653.25,123.9285714
Lacertoidea,Teiidae,Aspidoscelis,Aspidoscelis guttatus,24.43333957,146.6823703,30.35859346,18.00155781,1360.739914,93.8255981,817.6450346,47.50874942
Lacertoidea,Teiidae,Aspidoscelis,Aspidoscelis ceralbensis,23.76141304,386.9092391,31.21304348,15.95217391,228.3206522,124.7391304,217.1086957,2.548913043
Lacertoidea,Teiidae,Aspidoscelis,Aspidoscelis hyperythrus,20.9090115,451.5520986,32.59578478,10.08852765,198.0430772,89.01864256,125.8146111,2.556632295
Lacertoidea,Teiidae,Aspidoscelis,Aspidoscelis maximus,22.59206915,325.8556376,29.26953614,15.75338777,315.0645413,129.0225851,305.9259903,2.718120222
Lacertoidea,Teiidae,Aspidoscelis,Aspidoscelis lineattissimus,24.41487975,163.1092279,31.47420017,16.42278552,1029.201853,111.0673637,738.6150647,10.97696838
Lacertoidea,Teiidae,Aspidoscelis,Aspidoscelis deppii,24.98448202,125.571552,30.8763757,19.20750439,1840.880192,80.27147401,969.4104841,87.75108174
Lacertoidea,Teiidae,Aspidoscelis,Aspidoscelis tigris,16.14885134,729.5368355,33.40260639,0.386648493,292.1772091,57.85092498,147.1129582,22.66128222
Lacertoidea,Teiidae,Aspidoscelis,Aspidoscelis marmoratus,18.73008774,659.0841367,33.65020469,2.230937475,342.090406,67.52884074,177.0081762,27.69563466
Lacertoidea,Teiidae,Aspidoscelis,Aspidoscelis uniparens,17.13842764,728.4116914,34.03579576,0.612270085,341.3989923,71.58953053,196.2892589,21.52920266
Lacertoidea,Teiidae,Aspidoscelis,Aspidoscelis costatus,21.61546303,238.9226711,30.92899153,11.69931878,908.5711832,106.4954463,633.6506492,16.78381024
Lacertoidea,Teiidae,Aspidoscelis,Aspidoscelis gularis,19.38502498,598.5959268,32.87061996,4.178870284,572.543044,58.53806406,264.2009554,62.20085903
Lacertoidea,Teiidae,Aspidoscelis,Aspidoscelis laredoensis,23.20730485,564.3418835,35.13423081,8.932196569,534.4321522,49.10261569,236.0737987,61.75730655
Lacertoidea,Teiidae,Aspidoscelis,Aspidoscelis communis,24.41945353,141.742548,31.06104247,16.99399539,990.211127,108.6110392,689.6064084,10.38788544
Lacertoidea,Teiidae,Aspidoscelis,Aspidoscelis scalaris,18.97360744,538.0396949,32.68762927,3.322496671,379.2718186,84.31484032,236.4792757,18.07837835
Lacertoidea,Teiidae,Aspidoscelis,Aspidoscelis angusticeps,25.73186769,174.7420701,31.65028779,19.68576346,1192.716411,61.71688809,578.2834344,91.99558384
Lacertoidea,Teiidae,Aspidoscelis,Aspidoscelis rodecki,25.93210526,155.4938596,29.60807018,21.76754386,1216.405263,49.06491228,561.9508772,123.6315789
Lacertoidea,Teiidae,Aspidoscelis,Aspidoscelis maslini,25.71365031,157.7642127,30.69343047,20.41940184,1542.246933,59.424591,700.0881902,103.0746421
Lacertoidea,Teiidae,Aspidoscelis,Aspidoscelis stictogrammus,18.95600934,635.674179,34.97026724,3.498510046,453.1203417,92.02159141,322.6206647,16.68480161
Lacertoidea,Teiidae,Aspidoscelis,Aspidoscelis velox,11.63864874,843.6915227,30.64095111,-5.605642599,323.8122886,44.662589,149.022994,37.27039186
Lacertoidea,Teiidae,Aspidoscelis,Aspidoscelis burti,21.02649174,595.0412432,35.43799278,6.353472731,439.6642556,95.63104168,325.5638242,12.92383396
Lacertoidea,Teiidae,Aspidoscelis,Aspidoscelis sexlineatus,15.54852763,796.9032091,31.47020428,-0.909594685,967.915842,35.34020878,347.9467761,147.4866607
Lacertoidea,Teiidae,Aspidoscelis,Aspidoscelis inornatus,17.66233332,621.1438464,32.37653826,1.750680208,342.2334474,69.43560627,186.0163721,25.64401365
Lacertoidea,Teiidae,Kentropyx,Kentropyx viridistriga,24.22649918,219.1708619,31.36583276,15.74511675,1427.283716,59.64403916,141.253662,20.72767582
Lacertoidea,Teiidae,Kentropyx,Kentropyx paulensis,23.7771746,144.6615992,30.54548559,16.19439711,1498.826998,75.31206355,969.7264503,58.53430659
Lacertoidea,Teiidae,Kentropyx,Kentropyx vanzoi,24.78999142,106.4232718,31.33551849,18.07445478,1747.459709,71.5961982,232.781738,0.939349431
Lacertoidea,Teiidae,Kentropyx,Kentropyx altamazonica,23.98504501,60.34290042,27.98732755,19.8609361,2410.059724,39.62436196,1200.651163,303.4418605
Lacertoidea,Teiidae,Kentropyx,Kentropyx pelviceps,24.47384375,48.84035757,28.26349453,20.60420033,2569.584716,36.28702927,1801.826087,497.0869565
Lacertoidea,Teiidae,Kentropyx,Kentropyx calcarata,24.96043557,111.656508,31.01284376,19.32828549,1651.950964,68.03568296,1355.037429,28.2282689
Lacertoidea,Teiidae,Kentropyx,Kentropyx borckiana,25.5084919,58.29651105,29.90374868,22.33483348,2458.295527,41.47118014,1436.236348,36.95749767
Lacertoidea,Teiidae,Kentropyx,Kentropyx striata,25.16787456,71.48235813,30.15358645,21.5869741,2376.256779,55.0937072,579.8073993,120.8378672
Lacertoidea,Teiidae,Cnemidophorus,Cnemidophorus gramivagus,25.412612,79.14761785,30.27977902,22.01663322,2522.727258,59.05488663,1118.869454,161.005835
Lacertoidea,Teiidae,Cnemidophorus,Cnemidophorus lemniscatus,25.00791766,60.87470289,29.65523724,21.31743399,2263.450581,54.63627326,982.8280936,188.4418084
Lacertoidea,Teiidae,Cnemidophorus,Cnemidophorus arenivagus,25.98163276,72.90301971,29.31539521,22.44357385,882.0907502,80.80276542,504.3863107,28.55975842
Lacertoidea,Teiidae,Cnemidophorus,Cnemidophorus ruatanus,24.58796482,139.8855934,29.69412714,19.36329325,2145.328101,48.89634825,936.5666889,200.2832888
Lacertoidea,Teiidae,Cnemidophorus,Cnemidophorus vanzoi,27.05,79.1,28.65,25.3,1905.5,42,737.5,212
Lacertoidea,Teiidae,Contomastix,Contomastix lacertoides,20.65832314,318.4262513,28.67135717,11.16948468,1015.603115,49.38025149,423.8672717,119.4451713
Lacertoidea,Teiidae,Ameivula,Ameivula ocellifera,24.2605674,154.4243754,30.87360117,17.67316221,1486.760598,67.50302786,725.0931834,71.86018449
Lacertoidea,Teiidae,Glaucomastix,Glaucomastix abaetensis,24.62542412,134.8536491,29.64489293,19.69997199,1041.767461,36.32770238,102.448343,26.24897674
Lacertoidea,Teiidae,Ameiva,Ameiva ameiva,24.50638712,109.3872742,30.06142583,19.14796882,1858.547078,59.03988074,828.4349529,145.5212673
Lacertoidea,Teiidae,Ameiva,Ameiva bifrontata,24.45137484,62.25475037,28.98047346,20.52115108,2212.958434,52.19458833,925.4369582,209.9669545
Lacertoidea,Teiidae,Ameiva,Ameiva aggerecusans,18.64744624,53.9202621,24.76155914,12.07526882,821.8084677,41.82896505,327.2254704,81.9546371
Lacertoidea,Teiidae,Ameiva,Ameiva concolor,14.38294937,44.71487598,20.19478763,7.967519538,1038.982433,48.48515121,444.3149847,90.78528712
Lacertoidea,Teiidae,Ameiva,Ameiva nodam,18.56928944,56.35541689,24.08752378,12.4815789,795.1264552,63.5530344,362.8058402,91.70366362
Lacertoidea,Teiidae,Ameiva,Ameiva parecis,24.228733,74.86340737,30.49590513,17.89349528,1928.580351,72.12167641,955.5437798,33.64909398
Lacertoidea,Teiidae,Ameiva,Ameiva jacuba,21.93043478,182.3086957,28.25217391,13.53913043,1595.304348,58.17391304,735.6521739,83.04347826
Scincoidea,Xantusiidae,Xantusia,Xantusia vigilis,17.78341574,734.7403,35.53824971,2.415051181,188.8080546,60.49694745,93.43551616,9.521781499
Scincoidea,Xantusiidae,Xantusia,Xantusia sierrae,18.24018827,700.6713251,36.59051412,3.722302679,422.26937,83.3577118,225.8935554,4.748732802
Scincoidea,Xantusiidae,Xantusia,Xantusia arizonae,17.9804878,783.8846432,35.79783198,1.305691057,373.6973803,51.24661247,178.2177055,23.22222222
Scincoidea,Xantusiidae,Xantusia,Xantusia jaycolei,23.725,575.425,35.60833333,10.85,124.5833333,71.16666667,56.66666667,1
Scincoidea,Xantusiidae,Xantusia,Xantusia wigginsi,20.53774461,555.8986493,34.96190233,7.79402706,133.7827652,71.33221067,67.18113931,1.873677487
Scincoidea,Xantusiidae,Xantusia,Xantusia bezyi,19.4749084,768.4325077,36.60625824,2.909526601,403.1088964,48.81591675,167.1593141,20.78162099
Scincoidea,Xantusiidae,Xantusia,Xantusia henshawi,16.54240643,559.0033258,32.24960667,3.501752471,314.1472243,72.00965818,164.5934884,8.978276084
Scincoidea,Xantusiidae,Xantusia,Xantusia gracilis,18.55090909,639.6054545,36.02181818,4.089090909,110.3454545,62.47272727,56.76363636,2.963636364
Scincoidea,Xantusiidae,Xantusia,Xantusia extorris,22.02528335,448.6476896,34.61769834,7.160505667,277.4359198,89.40453357,173.6643418,9.247602441
Scincoidea,Xantusiidae,Xantusia,Xantusia sanchezi,20.21467213,239.7168033,31.31229508,9.184754098,884.6262295,115.7868852,667.2,14.55327869
Scincoidea,Xantusiidae,Xantusia,Xantusia bolsonae,20.93589744,430.5935897,33.37948718,6.385897436,333.8205128,91.24358974,217.025641,11.21794872
Scincoidea,Xantusiidae,Xantusia,Xantusia sherbrookei,24.00416667,426.8541667,34.8875,13.01666667,125.5833333,85.41666667,72.75,0
Scincoidea,Xantusiidae,Xantusia,Xantusia gilberti,19.76346644,314.6215803,26.11512319,13.38215803,359.6125743,131.751062,353.9915038,2.670348343
Scincoidea,Xantusiidae,Xantusia,Xantusia riversiana,15.06006826,161.9498294,18.86279863,11.95324232,268.0546075,87.3003413,152.9283276,3.986348123
Scincoidea,Xantusiidae,Lepidophyma,Lepidophyma pajapanensis,23.32289815,188.9780246,28.56572112,17.60239234,2661.052973,69.18079289,728.876506,33.18072289
Scincoidea,Xantusiidae,Lepidophyma,Lepidophyma mayae,22.90819986,152.4231777,28.63976914,17.08359628,2847.507529,52.93245996,1058.257754,427.088663
Scincoidea,Xantusiidae,Lepidophyma,Lepidophyma tuxtlae,24.45719986,190.5129188,31.06888675,17.63626041,2314.343724,68.86708979,1580.419118,220.5955882
Scincoidea,Xantusiidae,Lepidophyma,Lepidophyma lipetzi,23.33556851,174.158309,29.97725948,16.19387755,2025.311953,56.27696793,963.683816,460.7735068
Scincoidea,Xantusiidae,Lepidophyma,Lepidophyma flavimaculatum,24.69577112,111.3155166,29.40169155,20.23488729,2514.625937,53.68805547,1015.168919,159.9963138
Scincoidea,Xantusiidae,Lepidophyma,Lepidophyma reticulatum,23.03030959,54.85395154,26.76431112,20.61667147,3203.122152,62.2422844,623.9939441,67.63548512
Scincoidea,Xantusiidae,Lepidophyma,Lepidophyma micropholis,24.26752775,346.8572553,32.76821393,13.48123108,1112.947528,84.87063572,1250.960526,436.2631579
Scincoidea,Xantusiidae,Lepidophyma,Lepidophyma sylvaticum,19.14064589,303.5312884,27.88297625,8.467911784,894.5024952,71.98132323,968.6268222,142.4110787
Scincoidea,Xantusiidae,Lepidophyma,Lepidophyma gaigeae,18.97441051,278.5651334,27.58028605,8.969063265,1099.495039,79.95670661,1079.053857,283.7691782
Scincoidea,Xantusiidae,Lepidophyma,Lepidophyma smithii,24.92057925,87.64215862,30.27897189,19.33579267,1563.64663,96.92514464,625.5519677,22.87891019
Scincoidea,Xantusiidae,Lepidophyma,Lepidophyma lineri,17.98435923,106.0163471,23.53319879,11.72522704,1079.409687,93.70232089,1454.759747,851.5658588
Scincoidea,Xantusiidae,Lepidophyma,Lepidophyma cuicateca,17.232,171.156,25.332,8.824,849.72,89.84,996.4558896,298.5872393
Scincoidea,Xantusiidae,Lepidophyma,Lepidophyma radula,17.93897059,148.6264706,25.63897059,9.974754902,870.627451,88.16911765,1104.29087,197.3574634
Scincoidea,Xantusiidae,Lepidophyma,Lepidophyma dontomasi,18.15662651,153.288253,25.32379518,10.60150602,1204.870482,97.5,1066.506098,106.7560976
Scincoidea,Xantusiidae,Lepidophyma,Lepidophyma lowei,19.51397059,189.1411765,27.21764706,11.59117647,3111.323529,70.63970588,789.0890593,199.8611676
Scincoidea,Xantusiidae,Lepidophyma,Lepidophyma occulor,20.50843293,295.7521948,29.25661789,10.24490115,1083.22808,83.86887077,478.04,26.8
Scincoidea,Xantusiidae,Cricosaura,Cricosaura typica,24.58176481,127.5416437,29.00080719,19.51630893,1178.97395,56.08071913,506.4654192,85.98844249
Scincoidea,Gerrhosauridae,Matobosaurus,Matobosaurus validus,21.365024,305.3031986,30.71347268,9.927114732,763.4220542,99.82772927,344.1661109,56.96835379
Scincoidea,Gerrhosauridae,Matobosaurus,Matobosaurus maltzahni,21.50570947,257.2561173,31.55897112,9.30420617,476.3834952,113.3322863,345.061558,9.007072341
Scincoidea,Gerrhosauridae,Gerrhosaurus,Gerrhosaurus typicus,16.856125,421.0353959,29.22120988,4.732929651,232.8475349,48.36042442,434.315678,64.17584746
Scincoidea,Gerrhosauridae,Gerrhosaurus,Gerrhosaurus skoogi,22.17902871,186.6393627,29.85664235,12.82937072,64.70668709,137.4458314,300.8952746,36.70833731
Scincoidea,Gerrhosauridae,Gerrhosaurus,Gerrhosaurus nigrolineatus,23.62691716,99.00029498,28.7630017,17.77171448,1280.217073,71.48597767,248.2287411,32.51985576
Scincoidea,Gerrhosauridae,Gerrhosaurus,Gerrhosaurus flavigularis,20.79555982,293.3051864,29.73047068,10.09047025,782.2129568,84.68186666,926.2823114,170.0052933
Scincoidea,Gerrhosauridae,Gerrhosaurus,Gerrhosaurus multilineatus,20.89645116,136.8931838,30.10063752,12.84438228,1311.230821,84.72818252,1362.039757,39.45572724
Scincoidea,Gerrhosauridae,Gerrhosaurus,Gerrhosaurus bulsi,20.87792141,142.1943622,30.16946519,12.64728228,1282.933004,86.93053771,1121.111111,20.22222222
Scincoidea,Gerrhosauridae,Tetradactylus,Tetradactylus tetradactylus,15.77645612,418.3862836,27.59388762,3.668463937,399.2320116,46.04880306,173.9183046,43.97655808
Scincoidea,Gerrhosauridae,Tetradactylus,Tetradactylus seps,14.99129735,394.205692,25.74842831,3.282995507,598.2291242,43.70843819,249.1366253,65.31302104
Scincoidea,Gerrhosauridae,Cordylosaurus,Cordylosaurus subtessellatus,20.15870583,347.2994321,31.20430715,7.617087346,229.0003713,99.27702813,160.3748798,7.06990819
Scincoidea,Gerrhosauridae,Broadleysaurus,Broadleysaurus major,23.70205036,213.2586236,31.97738384,15.06358407,931.409686,90.73183319,558.0011815,22.33740259
Scincoidea,Gerrhosauridae,Zonosaurus,Zonosaurus madagascariensis,22.50440557,201.1764653,28.68022993,14.92608314,1484.678525,94.41268481,922.8906495,76.46933936
Scincoidea,Gerrhosauridae,Zonosaurus,Zonosaurus haraldmeieri,24.79938991,104.1221298,27.80024958,20.92945092,1388.607598,119.791736,1155.956461,31.67304493
Scincoidea,Gerrhosauridae,Zonosaurus,Zonosaurus aeneus,18.5722646,233.9758824,25.00806628,10.81452849,1504.21787,84.63611244,875.0242333,87.00270141
Scincoidea,Gerrhosauridae,Tracheloptychus,Tracheloptychus petersi,25.10350224,224.1175644,30.324505,17.31348733,470.3337237,123.4271876,392.3034916,7.630402385
Scincoidea,Gerrhosauridae,Tracheloptychus,Tracheloptychus madagascariensis,23.49972464,243.8861995,30.14441154,14.87264996,737.219593,98.94137084,506.6752194,33.29435557
Scincoidea,Gerrhosauridae,Zonosaurus,Zonosaurus trilineatus,23.61025939,231.3808235,29.13595502,16.46054054,749.7828043,77.47516779,435.6161437,59.95142391
Scincoidea,Gerrhosauridae,Zonosaurus,Zonosaurus quadrilineatus,24.82112038,240.5625745,30.59620977,16.54791418,461.8171633,102.0283671,323.2779499,14.07079857
Scincoidea,Gerrhosauridae,Zonosaurus,Zonosaurus karsteni,25.51448536,178.5187591,30.72942302,18.31578429,1037.479501,109.1734996,742.0921427,29.29086692
Scincoidea,Gerrhosauridae,Zonosaurus,Zonosaurus ornatus,18.49689403,241.3808017,24.84845319,10.79653862,1491.914053,80.89291343,852.863708,83.27658621
Scincoidea,Gerrhosauridae,Zonosaurus,Zonosaurus laticaudatus,24.96526546,169.4466444,30.93793535,17.22792222,1234.906396,115.3865177,940.5601179,16.82001748
Scincoidea,Gerrhosauridae,Zonosaurus,Zonosaurus anelanelany,21.37172719,219.4460225,26.12711419,15.62670807,1993.574176,41.07130913,809.0195891,240.2318442
Scincoidea,Gerrhosauridae,Zonosaurus,Zonosaurus boettgeri,24.20462854,128.9698444,28.35476427,19.3711836,1736.114605,84.4909058,1024.423717,119.2548186
Scincoidea,Gerrhosauridae,Zonosaurus,Zonosaurus subunicolor,23.1075445,123.7786663,27.53413394,17.80316474,2314.948856,83.59282283,1387.370444,135.1689743
Scincoidea,Gerrhosauridae,Zonosaurus,Zonosaurus brygooi,22.06996381,204.2323966,26.8247299,16.80773059,2980.52262,43.71033583,1221.916095,310.0865666
Scincoidea,Gerrhosauridae,Zonosaurus,Zonosaurus bemaraha,24.28486387,145.01006,29.46211352,16.91361329,1260.299954,116.7923396,954.5588371,9.706045224
Scincoidea,Gerrhosauridae,Zonosaurus,Zonosaurus rufipes,24.61812636,136.1058186,28.45925582,19.97038993,1771.385038,76.70839428,984.9479148,150.4889943
Scincoidea,Gerrhosauridae,Zonosaurus,Zonosaurus tsingy,25.26346013,108.2510501,28.46058158,21.24984579,1371.857541,114.8131884,1094.92598,37.40270231
Scincoidea,Gerrhosauridae,Zonosaurus,Zonosaurus maximus,22.40761177,232.1674589,27.65209767,16.03785958,1930.264763,51.25766249,851.5168828,187.5437287
Scincoidea,Cordylidae,Platysaurus,Platysaurus intermedius,20.8086378,320.405519,29.85365557,8.898187923,686.2258994,94.19867426,96.2503873,8.368308898
Scincoidea,Cordylidae,Platysaurus,Platysaurus pungweensis,21.36260253,263.9013565,29.26450583,11.4152511,1214.182039,89.71782117,543.3673209,13.92534959
Scincoidea,Cordylidae,Platysaurus,Platysaurus monotropis,20.13625625,368.8053839,28.9868696,6.950386188,399.9059518,80.99318492,138.1757554,9.175694896
Scincoidea,Cordylidae,Platysaurus,Platysaurus minor,19.31659046,405.5110903,28.84963121,4.970523646,541.8659013,83.56389547,209.0954246,28.95074118
Scincoidea,Cordylidae,Platysaurus,Platysaurus broadleyi,20.04695192,548.660398,34.18094663,4.941770186,111.7935358,72.59552565,55.73393015,0.535220225
Scincoidea,Cordylidae,Platysaurus,Platysaurus capensis,18.91927297,382.9510625,31.10254277,6.402536136,81.98271118,64.8394941,380.3253034,18.91466128
Scincoidea,Cordylidae,Platysaurus,Platysaurus mitchelli,13.408,216.572,21.224,4.968,2080.84,74.68,134.9537379,7.702742214
Scincoidea,Cordylidae,Smaug,Smaug giganteus,16.24674957,472.4331704,27.58530344,0.871622533,608.0390152,69.43112102,300.2652471,20.36607488
Scincoidea,Cordylidae,Smaug,Smaug vandami,18.5802088,349.0849548,27.48617054,5.584049933,692.7813799,78.70067653,374.2436553,19.2567911
Scincoidea,Cordylidae,Smaug,Smaug breyeri,19.11086749,393.3274207,28.52878828,5.020040235,543.7403223,82.4939546,302.7465201,10.41649225
Scincoidea,Cordylidae,Smaug,Smaug regius,19.92982721,264.7622173,28.14265337,9.585883683,1214.032558,96.2522324,771.8659109,37.2951409
Scincoidea,Cordylidae,Smaug,Smaug mossambicus,20.72367635,269.3389446,28.78587034,10.64816396,1106.002669,92.154462,682.7385426,42.68427982
Scincoidea,Cordylidae,Smaug,Smaug warreni,21.20050795,283.7769324,28.74197217,10.94986749,702.5517889,66.670053,352.01303,35.35788428
Scincoidea,Cordylidae,Ninurta,Ninurta coeruleopunctatus,16.2211218,357.4410711,26.27315753,5.536132108,579.0920804,17.41912902,232.8396455,77.75758226
Scincoidea,Cordylidae,Ouroborus,Ouroborus cataphractus,17.21717314,419.7471243,29.68146061,5.243926169,202.9958127,53.46376945,1014.801126,108.1297014
Scincoidea,Cordylidae,Hemicordylus,Hemicordylus nebulosus,15.40002086,352.380438,25.14779979,5.934890511,651.4921794,54.30385819,375.4840591,23.82858456
Scincoidea,Cordylidae,Hemicordylus,Hemicordylus capensis,15.99172161,423.2085225,28.1045431,4.017466979,378.0983776,42.66643415,335.7032097,22.37517043
Scincoidea,Cordylidae,Cordylus,Cordylus machadoi,22.92906079,174.6403553,31.7951103,12.10719074,458.2663066,112.0551479,325.7156317,0
Scincoidea,Cordylidae,Cordylus,Cordylus tropidosternum,22.36514608,182.1465831,30.36285724,14.32499372,1055.749002,94.64992221,641.43066,17.47371812
Scincoidea,Cordylidae,Cordylus,Cordylus meculae,23.43302846,163.8380081,31.32418699,15.73587398,1334.797764,106.245935,862.6707317,13.57926829
Scincoidea,Cordylidae,Cordylus,Cordylus rivae,22.46833508,117.3862089,30.69826176,16.56033677,675.3601354,93.28446262,429.7214389,30.90239285
Scincoidea,Cordylidae,Cordylus,Cordylus beraduccii,21.10189289,115.8510923,28.61442415,13.33305953,759.9638441,76.21021464,448.4447069,30.58488469
Scincoidea,Cordylidae,Cordylus,Cordylus marunguensis,18.43088181,127.1602269,26.29520673,11.70774485,1253.962312,83.44407855,646.9049884,1.457616783
Scincoidea,Cordylidae,Cordylus,Cordylus ukingensis,17.6399066,166.4957353,25.67611243,9.515199577,1244.841572,95.47149529,756.9909243,12.24151908
Scincoidea,Cordylidae,Cordylus,Cordylus vittifer,17.51404166,392.2262123,27.16536576,3.812422763,693.5061379,73.56874458,356.9149637,22.40893534
Scincoidea,Cordylidae,Cordylus,Cordylus rhodesianus,20.75934819,275.7386232,29.0490168,10.25657951,988.2188012,94.98253815,623.0915581,31.20056978
Scincoidea,Cordylidae,Cordylus,Cordylus jonesii,20.82954488,354.2840431,29.68557107,8.393734337,605.2803253,82.24935353,339.1532065,19.53185715
Scincoidea,Cordylidae,Cordylus,Cordylus macropholis,17.94142602,354.6273684,28.51506758,7.724024069,224.9219256,65.87795954,111.611684,15.2368238
Scincoidea,Cordylidae,Cordylus,Cordylus mclachlani,16.40995944,459.0215943,29.7006715,3.88123795,308.4643308,62.92972542,152.8658334,22.4260355
Scincoidea,Cordylidae,Cordylus,Cordylus aridus,15.39176163,427.9607484,27.73957499,2.343532492,232.2531568,32.30043117,88.11964891,35.04019095
Scincoidea,Cordylidae,Cordylus,Cordylus minor,14.69362221,463.5902956,28.12381608,1.846148956,237.0122894,33.83822439,90.3320267,37.67104566
Scincoidea,Cordylidae,Cordylus,Cordylus imkeae,15.99191213,387.3125811,28.25792977,4.279613912,182.6187386,59.94641371,86.88367449,13.76668331
Scincoidea,Cordylidae,Cordylus,Cordylus cordylus,15.73740715,389.7054565,26.53893398,3.930654329,511.8383145,43.8060239,210.6355606,54.45363787
Scincoidea,Cordylidae,Cordylus,Cordylus oelofseni,15.28929309,420.779226,27.26363261,3.898906089,484.8291022,59.05918473,226.8384417,42.31021672
Scincoidea,Cordylidae,Cordylus,Cordylus niger,16.98105939,290.2492242,24.26848582,10.02150883,517.6318887,65.71428571,247.8389513,42.51310861
Scincoidea,Cordylidae,Namazonurus,Namazonurus peersi,17.29855388,389.6302666,29.47010131,5.538931967,149.5807675,56.85657686,669.9319411,1.109859026
Scincoidea,Cordylidae,Namazonurus,Namazonurus lawrenci,18.8501593,351.1359755,30.34510004,7.301274372,68.60647381,51.82795973,152.4831294,0.81211524
Scincoidea,Cordylidae,Namazonurus,Namazonurus namaquensis,19.42630433,515.303669,33.18151464,4.300874236,148.7174005,98.89488098,299.0229748,24.43963576
Scincoidea,Cordylidae,Namazonurus,Namazonurus pustulatus,20.28797786,353.336089,31.61233271,6.869975719,224.5628776,123.2947654,975.6483959,24.96360453
Scincoidea,Cordylidae,Namazonurus,Namazonurus campbelli,18.71943747,456.6990896,31.64318857,4.058762685,146.5862238,106.3508337,160.4767685,19.26774615
Scincoidea,Cordylidae,Karusasaurus,Karusasaurus polyzonus,17.58620498,494.6651089,30.52690799,3.343648724,283.9141477,63.16813037,1227.076923,312.2307692
Scincoidea,Cordylidae,Karusasaurus,Karusasaurus jordani,19.98871025,435.8326503,32.15158289,5.180596831,299.8317729,113.8784966,1051.454618,196.3563833
Scincoidea,Cordylidae,Pseudocordylus,Pseudocordylus microlepidotus,15.90700049,412.5488827,27.36256424,3.895066138,431.7951478,43.31064669,928.7178446,32.75446128
Scincoidea,Cordylidae,Pseudocordylus,Pseudocordylus subviridis,13.47244927,410.491003,23.73759634,-0.137629109,750.4819509,64.66406045,57.8988399,0.005243329
Scincoidea,Cordylidae,Pseudocordylus,Pseudocordylus spinosus,14.02044534,400.4507727,23.99613894,0.304520151,871.9983523,70.66849254,53.06890503,0.544996699
Scincoidea,Cordylidae,Pseudocordylus,Pseudocordylus transvaalensis,18.7871637,375.211341,27.98081228,5.094249143,637.0183202,81.48333283,99.13726334,3.256225461
Scincoidea,Cordylidae,Pseudocordylus,Pseudocordylus melanotus,14.24507736,412.3368911,24.50519582,0.439287748,759.2116431,66.77493283,1160.5,516.9
Scincoidea,Cordylidae,Pseudocordylus,Pseudocordylus langi,13.08807102,382.2930843,22.68769772,0.08049726,884.4382972,68.24480126,849.3469306,105.3927592
Scincoidea,Cordylidae,Chamaesaura,Chamaesaura anguina,18.16220027,266.7161135,26.65673685,8.606218977,784.8710713,50.11894893,343.469801,73.31834185
Scincoidea,Cordylidae,Chamaesaura,Chamaesaura tenuior,20.42952323,67.61034262,26.38061998,15.7266856,1355.795927,44.7380023,566.6034322,146.1812315
Scincoidea,Cordylidae,Chamaesaura,Chamaesaura aenea,15.48653975,383.8187885,25.2935464,1.976607054,730.2830583,71.1744856,371.2814199,26.25597477
Scincoidea,Scincidae,Tribolonotus,Tribolonotus novaeguineae,23.05396247,29.92980248,25.85620946,20.31594745,3256.0476,17.80311803,1034.767282,635.1341349
Scincoidea,Scincidae,Tribolonotus,Tribolonotus gracilis,25.34362238,19.69274806,28.06452332,22.58074213,2776.528437,28.31821015,969.5683586,433.5509528
Scincoidea,Scincidae,Tribolonotus,Tribolonotus blanchardi,24.89552077,38.13235873,26.35723568,23.33316598,3263.568222,16.75812168,1021.290116,651.8521362
Scincoidea,Scincidae,Tribolonotus,Tribolonotus brongersmai,27.00952813,20.58366606,28.03166969,25.66810345,3941.751815,11.72686025,1158.869782,835.4863884
Scincoidea,Scincidae,Tribolonotus,Tribolonotus pseudoponceleti,25.34026929,37.61611605,26.75776652,23.80805802,3343.981885,17.07794281,1048.593351,663.5885619
Scincoidea,Scincidae,Tribolonotus,Tribolonotus ponceleti,25.53244211,36.44398286,26.91763111,24.04142849,3361.585281,19.7151147,1102.646998,661.0907316
Scincoidea,Scincidae,Tribolonotus,Tribolonotus schmidti,24.45453833,36.80200658,26.1591472,22.85234363,2677.882897,28.69854209,983.4210691,492.395203
Scincoidea,Scincidae,Corucia,Corucia zebrata,25.42032891,37.45867826,26.84948608,23.93926329,3356.841658,21.50011112,1119.049086,651.8072393
Scincoidea,Scincidae,Liopholis,Liopholis pulchra,15.77452059,323.4801162,25.30107128,8.439761041,802.4475604,63.83880027,892.2715617,82.43520408
Scincoidea,Scincidae,Liopholis,Liopholis modesta,17.99982902,482.487481,28.8255642,5.699824978,690.4579312,33.40162661,852.5348028,112.361592
Scincoidea,Scincidae,Liopholis,Liopholis margaretae,20.6157635,615.9129528,34.13039352,5.557779103,260.5856484,36.52303403,1032.301368,188.9903253
Scincoidea,Scincidae,Liopholis,Liopholis whitii,15.61537737,428.978298,26.36005915,5.685919702,729.6073204,28.78795032,330.6068071,176.5511989
Scincoidea,Scincidae,Liopholis,Liopholis guthega,9.704001166,477.4436703,22.21478755,-0.282384666,1010.907951,20.74083522,655.0921085,32.29840366
Scincoidea,Scincidae,Liopholis,Liopholis montana,10.33703608,444.9305256,22.26421451,0.903713172,1001.551219,20.67243536,1174.416667,379.6666667
Scincoidea,Scincidae,Liopholis,Liopholis multiscutata,17.09143272,424.1208748,28.6556014,7.134993846,367.2530001,36.42549759,959.3093215,174.5315294
Scincoidea,Scincidae,Liopholis,Liopholis inornata,21.57796067,589.9363655,34.9053849,7.168783506,250.8094928,43.43906404,911.8333333,141.8333333
Scincoidea,Scincidae,Liopholis,Liopholis striata,23.75114043,577.4925354,36.38294868,8.508101252,299.0373525,62.02502322,987.4239488,169.6996706
Scincoidea,Scincidae,Liopholis,Liopholis kintorei,24.20216016,560.2927744,36.53813511,9.019623543,334.73148,66.85582605,970.0909091,33.09090909
Scincoidea,Scincidae,Lissolepis,Lissolepis coventryi,13.46505778,376.7101444,24.2231314,5.457262038,751.3920724,25.59293519,165.8486533,21.45032221
Scincoidea,Scincidae,Egernia,Egernia striolata,19.77780451,511.4440486,31.6398566,7.189443783,535.9707917,38.86048355,114.8443227,29.14385257
Scincoidea,Scincidae,Egernia,Egernia cunninghami,14.88092196,463.5779897,26.24659457,4.241482264,770.5570005,25.37908773,679.391996,123.6540947
Scincoidea,Scincidae,Egernia,Egernia saxatilis,13.93810654,477.3518548,25.75241323,3.299879605,770.6287277,22.15289223,140.8914482,45.08780866
Scincoidea,Scincidae,Lissolepis,Lissolepis luctuosa,16.07407449,339.9984195,25.97600329,8.443019795,793.7525139,66.5565338,264.8376966,113.7543734
Scincoidea,Scincidae,Egernia,Egernia stokesii,21.91451495,602.8889954,35.27188671,7.237566706,256.1783184,44.88640839,258.4923325,137.1996721
Scincoidea,Scincidae,Egernia,Egernia hosmeri,25.36664219,387.4697876,35.08090328,12.91279578,623.5164223,105.2831898,208.894064,7.03864279
Scincoidea,Scincidae,Egernia,Egernia kingii,17.34144684,429.82224,29.12237959,7.486195601,487.5908097,54.79934805,462.0625154,12.82464055
Scincoidea,Scincidae,Egernia,Egernia richardi,17.82060382,425.0033626,29.48789815,7.431876379,342.4290289,32.65317729,282.4784646,53.44271333
Scincoidea,Scincidae,Egernia,Egernia napoleonis,16.54863973,350.453653,26.60158094,8.24835565,585.5023237,51.14348227,239.7330879,44.24720946
Scincoidea,Scincidae,Egernia,Egernia cygnitos,25.58939882,511.4800474,37.39640177,11.63788796,337.3375016,88.75326394,271.4429995,129.2572952
Scincoidea,Scincidae,Egernia,Egernia eos,24.23416498,610.1083404,36.88086215,8.25724866,297.4767534,56.62966778,152.3361372,17.92114756
Scincoidea,Scincidae,Egernia,Egernia depressa,23.98461039,575.6609266,36.75895121,9.122394634,278.2713165,63.63790819,228.0343562,7.441289317
Scincoidea,Scincidae,Egernia,Egernia epsisolus,26.82090882,490.6021494,38.01329197,12.72014783,301.7546514,91.46904562,152.7406764,26.53609058
Scincoidea,Scincidae,Tiliqua,Tiliqua adelaidensis,15.67548573,368.4802416,25.59010905,7.809185503,469.9980012,40.53334705,185.2228623,55.87631169
Scincoidea,Scincidae,Cyclodomorphus,Cyclodomorphus branchialis,20.61197479,492.5770348,33.40294527,8.986000663,369.3782687,72.77333333,210.42067,21.80041128
Scincoidea,Scincidae,Cyclodomorphus,Cyclodomorphus michaeli,15.39816272,406.122574,24.44938508,5.586154583,984.9706155,29.38086119,361.8648972,160.3480954
Scincoidea,Scincidae,Cyclodomorphus,Cyclodomorphus casuarinae,10.73956064,277.2773723,18.38744151,4.877332963,1284.380734,23.03366639,428.6292287,199.8531662
Scincoidea,Scincidae,Cyclodomorphus,Cyclodomorphus praealtus,10.16304615,447.6210212,21.72335497,0.381632743,773.3139147,16.69665731,241.6470872,150.760572
Scincoidea,Scincidae,Tiliqua,Tiliqua nigrolutea,13.07957526,409.0140426,23.96765415,4.288435528,806.5513256,23.11355007,269.2465682,134.1477117
Scincoidea,Scincidae,Tiliqua,Tiliqua occipitalis,19.55770438,538.0438668,32.5545664,6.821921719,277.1559805,34.24214279,109.7435767,38.24445111
Scincoidea,Scincidae,Tiliqua,Tiliqua scincoides,21.6924386,402.6490922,31.93409138,10.41464203,723.3740758,67.04880844,414.2125663,54.21149633
Scincoidea,Scincidae,Tiliqua,Tiliqua gigas,25.14807079,46.79334815,28.03824087,22.34488118,3110.827161,28.50963548,1089.098428,515.303684
Scincoidea,Scincidae,Cyclodomorphus,Cyclodomorphus gerrardii,19.89922571,386.9849404,28.7772026,9.324007068,896.7507453,52.01764556,419.7983733,96.5187054
Scincoidea,Scincidae,Bellatorias,Bellatorias major,17.7062599,378.893383,26.14138022,7.900986807,1157.571232,38.61218978,465.8787508,144.4176854
Scincoidea,Scincidae,Bellatorias,Bellatorias frerei,23.23516216,271.4286013,30.1580119,15.06203483,1200.941611,76.07537157,687.0912381,73.24152153
Scincoidea,Scincidae,Tiliqua,Tiliqua rugosa,18.92565847,515.5054975,31.32241721,6.626134231,403.4451266,34.98472912,161.3668842,58.35449096
Scincoidea,Scincidae,Ristella,Ristella rurkii,26.25324821,126.7058863,32.59965357,20.4377215,1680.65844,76.00711264,1018.448341,60.48128334
Scincoidea,Scincidae,Lankascincus,Lankascincus fallax,26.94705811,98.90171694,31.06699556,22.83857409,1643.431396,64.34161599,321.0343994,34.93346886
Scincoidea,Scincidae,Eutropis,Eutropis dissimilis,21.74328784,584.6136938,35.03936884,5.302121375,988.3529885,122.5966604,1318.819874,143.8851712
Scincoidea,Scincidae,Dasia,Dasia olivacea,25.56466354,50.93342494,29.32762844,21.86635223,2671.283819,40.39686653,1032.636485,353.2174718
Scincoidea,Scincidae,Dasia,Dasia vittata,24.73322386,30.71706109,28.27615809,21.41761841,3283.048341,18.84536526,1055.97566,599.437234
Scincoidea,Scincidae,Dasia,Dasia grisea,25.5165185,76.46697745,29.26181145,21.85132707,2757.795845,45.39258818,1191.84768,338.6779815
Scincoidea,Scincidae,Dasia,Dasia subcaerulea,26.25044471,126.5333333,32.58873142,20.44104422,1684.618995,75.97607177,1020.775921,60.61910258
Scincoidea,Scincidae,Dasia,Dasia haliana,25.72751163,95.985744,30.23943955,21.08690651,1780.346519,55.62343979,857.8618147,191.1691446
Scincoidea,Scincidae,Dasia,Dasia johnsinghi,26.11,102.75,31.2,20.97,1109.5,56.7,614.1,116.9
Scincoidea,Scincidae,Heremites,Heremites auratus,17.09136195,876.6874467,36.23500897,-0.292410677,368.1906516,76.67168319,329.0212848,29.07240694
Scincoidea,Scincidae,Heremites,Heremites vittatus,17.62119262,729.6539337,34.20331886,2.887483636,338.8077831,74.63364986,384.4272728,0.3132899
Scincoidea,Scincidae,Trachylepis,Trachylepis tavaratra,25.21691515,113.1985091,28.56756542,21.02374306,1336.276606,104.5509913,984.520222,53.85035686
Scincoidea,Scincidae,Trachylepis,Trachylepis vezo,24.578327,251.5637516,31.26286439,15.45665399,526.4664132,99.65652725,360.5804816,15.41191381
Scincoidea,Scincidae,Trachylepis,Trachylepis dumasi,25.26454461,185.176272,30.18904825,18.06981316,857.5065613,117.4520708,667.38036,16.88721401
Scincoidea,Scincidae,Trachylepis,Trachylepis tandrefana,25.8504586,142.7666993,30.47979088,19.10388896,1191.057967,124.5253149,955.3923811,8.390424361
Scincoidea,Scincidae,Trachylepis,Trachylepis aureopunctata,22.50525249,237.6817032,29.41758573,13.70681462,822.8013606,105.2167451,593.4695861,25.40839676
Scincoidea,Scincidae,Trachylepis,Trachylepis nancycoutuae,23.38362524,243.1462812,31.34059501,13.5690739,720.6246401,117.87488,580.2207294,5.11384357
Scincoidea,Scincidae,Trachylepis,Trachylepis vato,22.19490608,251.1074262,29.29396688,13.38724983,816.0769249,95.19282045,555.6627139,34.78208421
Scincoidea,Scincidae,Trachylepis,Trachylepis boettgeri,17.69210344,241.7129305,24.33839091,9.611927256,1278.142847,91.81961111,812.2554195,49.53372211
Scincoidea,Scincidae,Trachylepis,Trachylepis madagascariensis,17.30363703,236.4750525,23.86081742,9.382920589,1492.273645,87.47167139,905.607603,65.91663621
Scincoidea,Scincidae,Trachylepis,Trachylepis elegans,23.03073343,196.120529,29.44597191,14.99815014,1221.604276,106.7034033,876.2659557,30.68462085
Scincoidea,Scincidae,Trachylepis,Trachylepis gravenhorstii,22.44309581,203.5438718,28.69226708,14.7734804,1483.863197,94.59888134,921.8779116,75.6348231
Scincoidea,Scincidae,Trachylepis,Trachylepis varia,21.76618736,208.4040938,30.33697812,12.83419449,964.8677276,84.96380219,529.1444282,25.86293982
Scincoidea,Scincidae,Trachylepis,Trachylepis irregularis,18.39695477,100.4230649,26.08781294,12.06120619,1013.63092,51.42477222,444.8772265,103.2292334
Scincoidea,Scincidae,Trachylepis,Trachylepis punctatissima,18.37958876,443.5437008,29.16301791,3.999052048,558.4698068,77.66383723,302.6148675,17.50199647
Scincoidea,Scincidae,Trachylepis,Trachylepis spilogaster,20.42713938,460.0658539,32.75021226,5.559281827,248.7734317,100.2301306,174.0175235,3.125510573
Scincoidea,Scincidae,Trachylepis,Trachylepis striata,22.33492528,198.9389704,30.92795438,13.60375899,921.8608047,88.41625471,517.460671,23.27753884
Scincoidea,Scincidae,Trachylepis,Trachylepis punctulata,21.20098082,424.6912788,32.02052758,6.915765204,397.2734598,94.09256767,251.4893164,5.779438381
Scincoidea,Scincidae,Trachylepis,Trachylepis variegata,18.63493569,436.553515,30.88992931,5.297460922,195.2465016,79.10537664,110.3737717,15.1209901
Scincoidea,Scincidae,Trachylepis,Trachylepis sulcata,19.36005417,403.3183423,31.20130894,6.032096891,292.6484169,87.08724298,182.2538247,10.67409706
Scincoidea,Scincidae,Trachylepis,Trachylepis hoeschi,21.72797144,267.2889357,31.50138426,9.751412924,232.2107316,122.9639716,186.5521605,0.27661019
Scincoidea,Scincidae,Trachylepis,Trachylepis binotata,22.1990461,214.0901598,31.97623439,10.7523215,593.8803925,109.2384244,404.7971547,0.001020745
Scincoidea,Scincidae,Trachylepis,Trachylepis capensis,18.2247109,435.3454808,29.51722055,4.428615729,435.5022027,74.0260932,227.4153578,21.7397498
Scincoidea,Scincidae,Trachylepis,Trachylepis occidentalis,19.70381176,444.574898,31.89991538,5.729079831,201.0123925,91.58911718,133.1260174,7.677559743
Scincoidea,Scincidae,Trachylepis,Trachylepis wrightii,26.98,67.22,28.82,25.42,2294.4,42,1062.8,265.6
Scincoidea,Scincidae,Trachylepis,Trachylepis sechellensis,26.16134752,69.4641844,28.02092199,24.56808511,2487.687943,43.71985816,1160.195035,285.535461
Scincoidea,Scincidae,Trachylepis,Trachylepis ozorii,25.12777778,147.6666667,27.80555556,22.35,1157.111111,77,570.5,8.666666667
Scincoidea,Scincidae,Trachylepis,Trachylepis comorensis,24.18878996,111.6405099,26.06705787,21.8790773,2141.813031,63.92513153,1032.150142,182.2747875
Scincoidea,Scincidae,Trachylepis,Trachylepis maculilabris,23.67491005,106.3114323,30.32786236,18.21808131,1494.867669,63.95365791,691.4936683,68.17682871
Scincoidea,Scincidae,Trachylepis,Trachylepis infralineata,25.075,197.9392857,28.275,21.74285714,539.5357143,94.46428571,352.6428571,21
Scincoidea,Scincidae,Trachylepis,Trachylepis atlantica,26.47272727,44.29545455,27.74090909,25.34090909,1603.954545,89,960.4090909,43.18181818
Scincoidea,Scincidae,Trachylepis,Trachylepis homalocephala,16.33141562,362.7236322,26.490259,5.063467704,575.1715881,43.7092816,234.8766169,58.79890649
Scincoidea,Scincidae,Trachylepis,Trachylepis acutilabris,22.25193354,240.8603758,31.00025798,11.30732603,310.2954698,121.3441308,244.1297952,0.381753625
Scincoidea,Scincidae,Trachylepis,Trachylepis polytropis,24.08529795,84.73109842,29.29743745,19.89747459,1769.154034,53.24829654,788.6978434,100.7410307
Scincoidea,Scincidae,Trachylepis,Trachylepis margaritifera,22.10113431,247.9029837,30.51401927,12.35538548,908.1673252,97.88874616,577.0357165,16.13252576
Scincoidea,Scincidae,Trachylepis,Trachylepis quinquetaeniata,26.26058145,253.8220471,36.42575556,16.33475137,780.5672909,116.8749084,503.7494438,13.92483729
Scincoidea,Scincidae,Trachylepis,Trachylepis albilabris,24.45016213,86.97837131,29.13713813,20.45056091,1840.695116,59.31386982,883.8018357,83.37426955
Scincoidea,Scincidae,Trachylepis,Trachylepis affinis,25.3067311,138.6313559,32.77432411,19.01710425,1469.084731,76.16091313,767.5731712,46.4481869
Scincoidea,Scincidae,Trachylepis,Trachylepis perrotetii,26.70771296,210.0190878,36.54402142,17.84404558,991.8888118,104.7164201,637.6819913,10.77776556
Scincoidea,Scincidae,Trachylepis,Trachylepis cristinae,26.75,126.325,29.7125,24.3625,121.75,161.125,139.75,0
Scincoidea,Scincidae,Trachylepis,Trachylepis brevicollis,25.31425955,232.7889618,34.37636462,16.66002156,427.9252726,90.22410485,248.7464072,16.69749694
Scincoidea,Scincidae,Trachylepis,Trachylepis socotrana,24.91150033,119.7263935,28.0504957,22.84432694,298.4221194,144.1273408,294.2753911,0
Scincoidea,Scincidae,Eumecia,Eumecia anchietae,20.96559149,182.6566799,30.69452554,11.96014645,1183.10495,95.54582482,166.8741509,9.752964722
Scincoidea,Scincidae,Chioninia,Chioninia vaillantii,20.56067416,165.5792135,23.6747191,18.03333333,365.3614232,153.005618,389.417603,0
Scincoidea,Scincidae,Chioninia,Chioninia delalandii,21.61736785,165.9078749,24.7328479,19.09773463,306.1014024,154.0291262,330.6364617,0
Scincoidea,Scincidae,Chioninia,Chioninia stangeri,22.98834951,162.2252427,26.06019417,20.46796117,192.8543689,131.6213592,184.815534,0
Scincoidea,Scincidae,Chioninia,Chioninia nicolauensis,22.17931034,164.1655172,25.30848806,19.64005305,211.7320955,160.0583554,245.9257294,0
Scincoidea,Scincidae,Chioninia,Chioninia fogoensis,18.79429929,157.3446556,21.76389549,16.2608076,199.7434679,135.0855107,190.3634204,0.064133017
Scincoidea,Scincidae,Chioninia,Chioninia spinalis,22.49222222,169.5289206,25.69390476,19.95431746,215.4895238,158.9393651,233.8644444,0
Scincoidea,Scincidae,Trachylepis,Trachylepis tessellata,25.62463897,381.4589034,36.71457692,14.33497807,133.0923794,90.31710721,82.62333462,4.575181254
Scincoidea,Scincidae,Panopa,Panopa carvalhoi,25.62134039,85.88073788,30.74546752,21.82388146,1946.610514,58.3059333,1227.476923,309.3692308
Scincoidea,Scincidae,Panopa,Panopa croizati,19.26,56.46,23.988,15.216,1278.56,56.84,542.2554113,18.1047619
Scincoidea,Scincidae,Mabuya,Mabuya mabouya,21.75337996,27.15639175,24.99441194,18.60399911,2318.645985,42.6859948,545.6469385,27.72057821
Scincoidea,Scincidae,Mabuya,Mabuya dominicana,24.94827957,91.54,26.70387097,23.05795699,2212.267742,38.07526882,1068.575414,12.20923519
Scincoidea,Scincidae,Varzea,Varzea altamazonica,23.79519854,56.73952195,27.6790248,19.33082813,2411.709278,31.73094742,843.0827034,358.0990625
Scincoidea,Scincidae,Orosaura,Orosaura nebulosylvestris,17.184,42.524,21.532,13.2,1112.8,52.92,611.4797726,31.37352371
Scincoidea,Scincidae,Maracaiba,Maracaiba meridensis,16.14166667,40.99166667,20.46666667,11.23333333,1781.916667,40,1304.821755,145.4372409
Scincoidea,Scincidae,Maracaiba,Maracaiba zuliae,25.05109617,55.69662534,29.54175004,20.74206357,1596.412355,52.75317122,1125.770788,235.3997947
Scincoidea,Scincidae,Marisora,Marisora berengerae,27.42758621,45.47931034,28.70689655,26.26896552,2068.896552,58.03448276,840.6675186,13.00804053
Scincoidea,Scincidae,Marisora,Marisora roatanae,26.70555556,112.4055556,29.55555556,23.46666667,2514.277778,66.72222222,1012.181818,225.6363636
Scincoidea,Scincidae,Marisora,Marisora alliacea,24.95917426,36.96294666,27.74134968,22.55335848,3777.02211,28.0300744,202.8471623,35.06625362
Scincoidea,Scincidae,Marisora,Marisora brachypoda,24.96687634,130.4712184,30.4978249,19.60979984,1899.279801,67.50403193,1912.320252,17.91177313
Scincoidea,Scincidae,Marisora,Marisora unimarginata,24.8554861,119.9366751,29.9775675,19.92615347,2005.770435,64.12615653,1308.283035,550.2659541
Scincoidea,Scincidae,Marisora,Marisora pergravis,27.1,53.82333333,28.46,25.81,1877.1,59.73333333,674.7618831,93.67107845
Scincoidea,Scincidae,Marisora,Marisora falconensis,26.25065427,47.2785497,30.40271656,22.29474767,1513.122666,57.05000765,659.5,174.9166667
Scincoidea,Scincidae,Marisora,Marisora aurulae,26.12691771,63.38675035,27.67977685,24.6083682,1890.301255,45.37238494,826.3050147,50.86773356
Scincoidea,Scincidae,Aspronema,Aspronema cochabambae,19.28040741,185.7481806,24.7220463,11.88000231,1495.421273,63.23226852,725.4689583,124.002037
Scincoidea,Scincidae,Aspronema,Aspronema dorsivittatum,21.46510118,302.7874358,29.69406165,11.88107043,1314.145525,55.43272824,583.0072746,112.1531692
Scincoidea,Scincidae,Varzea,Varzea bistriata,25.31220524,62.58260772,29.87834551,21.56599137,2343.5439,50.295498,985.0247187,223.6048401
Scincoidea,Scincidae,Copeoglossum,Copeoglossum aurae,26.21950464,57.799484,27.8744582,24.68036636,1968.296956,46.73890609,751.6991744,160.2902477
Scincoidea,Scincidae,Copeoglossum,Copeoglossum nigropunctatum,24.77072754,82.06932736,29.99246119,19.97298019,2074.760695,57.08649442,906.4283928,171.9417752
Scincoidea,Scincidae,Exila,Exila nigropalmata,24.55920345,53.994815,28.29008887,20.37295114,2482.776438,36.84561252,1420.384615,57.07692308
Scincoidea,Scincidae,Notomabuya,Notomabuya frenata,23.66730555,179.3238014,30.52750998,16.41418812,1540.182399,63.48065935,994.366442,196.4212782
Scincoidea,Scincidae,Brasiliscincus,Brasiliscincus caissara,19.89680575,212.5643054,26.0837842,12.20016812,1607.580937,58.16022576,758.727102,125.9264208
Scincoidea,Scincidae,Brasiliscincus,Brasiliscincus agilis,22.95728631,167.8918897,28.85566945,16.68168862,1147.887913,59.5219604,563.3753663,98.13967497
Scincoidea,Scincidae,Brasiliscincus,Brasiliscincus heathi,25.36641691,122.0706365,32.02088724,19.55001476,1024.930939,80.79990092,572.7956595,30.78947173
Scincoidea,Scincidae,Psychosaura,Psychosaura agmosticha,25.79340992,129.6045754,32.83497713,19.10929095,675.9250447,85.77152267,1021.98937,201.3498284
Scincoidea,Scincidae,Psychosaura,Psychosaura macrorhyncha,22.39125365,169.7970282,28.55551421,15.35787127,1148.839893,70.01542006,857.5063637,25.1654791
Scincoidea,Scincidae,Spondylurus,Spondylurus fulgidus,26.0526663,98.24332051,28.7273227,23.26542056,1379.232545,52.45079714,678.7839472,139.6173722
Scincoidea,Scincidae,Spondylurus,Spondylurus lineolatus,22.65430779,139.815587,28.19385071,16.73849885,1335.392593,39.03070536,497.9462348,166.4673627
Scincoidea,Scincidae,Spondylurus,Spondylurus powelli,26.14980989,108.9870722,28.15057034,24.05361217,1295.882129,35.33460076,484.9239544,156.9011407
Scincoidea,Scincidae,Spondylurus,Spondylurus sloanii,25.62836559,110.4419388,27.77624691,23.4209566,1529.867764,37.93955154,585.598346,188.1018842
Scincoidea,Scincidae,Spondylurus,Spondylurus semitaeniatus,26.47013575,114.0167421,28.56108597,24.31085973,1246.004525,36.87782805,494.5656109,161.9954751
Scincoidea,Scincidae,Spondylurus,Spondylurus macleani,26.9,114.4,29,24.73333333,1143,38,461,145
Scincoidea,Scincidae,Spondylurus,Spondylurus culebrae,26.73684211,113.5921053,28.83684211,24.58421053,1235.684211,32.57894737,434,158.5789474
Scincoidea,Scincidae,Spondylurus,Spondylurus monitae,27.1,107.85,29.1,25,1020.5,33,378,145
Scincoidea,Scincidae,Spondylurus,Spondylurus caicosae,26.49613003,149.8083591,29.10433437,23.92910217,696.0727554,37.95975232,281.6517028,95.41486068
Scincoidea,Scincidae,Manciola,Manciola guaporicola,24.4586074,128.1169613,31.01019001,17.43354958,1662.403368,69.22742274,914.1348723,386.9557066
Scincoidea,Scincidae,Toenayar,Toenayar novemcarinata,24.95624242,109.3067132,29.86019038,19.45488826,2524.061221,50.94198634,1088.654666,288.1339145
Scincoidea,Scincidae,Eutropis,Eutropis tytleri,27.21538462,56.40769231,28.96923077,25.98461538,3133.538462,70.15384615,946.6557731,16.89400384
Scincoidea,Scincidae,Eutropis,Eutropis rugifera,25.78464278,39.81425822,29.34263321,22.56160414,2778.850209,25.68881666,999.8474887,534.5058137
Scincoidea,Scincidae,Eutropis,Eutropis macrophthalma,24.25011425,26.01089004,26.09307808,22.47107507,1947.559104,28.33249735,993.5861696,64.40226327
Scincoidea,Scincidae,Eutropis,Eutropis rudis,24.48721447,30.8546654,27.82584095,21.44144314,3031.716664,21.16811161,1388.6017,26.18866824
Scincoidea,Scincidae,Eutropis,Eutropis multifasciata,22.45897495,282.8980596,29.23704623,13.90887303,2078.88784,63.78546479,1105.946563,237.6754368
Scincoidea,Scincidae,Eutropis,Eutropis bibronii,28.04167911,192.217501,33.51888838,22.22926866,1236.909898,90.5087332,1109.841328,28.14636545
Scincoidea,Scincidae,Eutropis,Eutropis trivittata,26.23112786,317.2774016,37.05399428,15.34865742,1254.8549,106.6641557,959.9865783,459.1602119
Scincoidea,Scincidae,Eutropis,Eutropis nagarjunensis,27.27824057,292.2694247,38.09534927,17.12868883,702.7236645,99.81397086,1009.626669,171.8200613
Scincoidea,Scincidae,Eutropis,Eutropis beddomei,25.51021941,168.8111169,33.65027209,18.24165393,1479.386417,90.95932383,314.7230275,14.43099591
Scincoidea,Scincidae,Eutropis,Eutropis carinata,23.46612067,441.2578766,35.16490395,10.0461367,1272.710065,112.172276,1445.867718,89.49611247
Scincoidea,Scincidae,Eutropis,Eutropis macularia,25.36608489,341.3426868,35.23210483,13.87676548,1464.444082,104.8634659,677.9229783,289.8642367
Scincoidea,Scincidae,Eutropis,Eutropis clivicola,25.6717937,112.015655,32.05280694,20.44532177,2957.231401,88.73756276,944.5477729,24.38873303
Scincoidea,Scincidae,Eutropis,Eutropis madaraszi,25.25199217,71.33307605,29.46551612,21.0363918,2136.824971,44.6204816,992.7913916,28.80812078
Scincoidea,Scincidae,Eutropis,Eutropis bontocensis,22.07964107,145.7751731,26.51275961,17.11791458,2569.10278,76.13792736,819.1928446,50.96246997
Scincoidea,Scincidae,Eutropis,Eutropis multicarinata,25.5742575,80.45918647,29.00597948,22.30918647,2427.471086,50.85335737,904.5722129,246.9917378
Scincoidea,Scincidae,Eutropis,Eutropis indeprensa,25.52871885,73.28650036,28.9166301,22.31128105,2410.196954,46.85844295,792.9077928,18.67419312
Scincoidea,Scincidae,Eutropis,Eutropis cumingi,25.40575083,115.9977808,29.30010432,21.37998164,2474.177059,68.50781011,2011.463715,46.8804199
Scincoidea,Scincidae,Eutropis,Eutropis quadricarinata,23.99366105,358.7736273,31.73811707,11.56319156,2073.245431,97.15295172,467.6202839,5.912121778
Scincoidea,Scincidae,Dasia,Dasia vyneri,24.41359198,33.81316661,28.35461345,20.91831202,3584.734079,17.76577785,1162.692751,666.737667
Scincoidea,Scincidae,Eutropis,Eutropis longicaudata,23.32353939,255.4934256,29.92368318,14.59822438,1770.624061,78.77207418,1059.997468,265.3013616
Scincoidea,Scincidae,Ablepharus,Ablepharus budaki,14.81989211,732.5202514,30.76383631,1.090987734,728.0148037,76.28620389,406.5576782,17.5489533
Scincoidea,Scincidae,Ablepharus,Ablepharus kitaibelii,12.17457516,745.5868451,28.00227597,-1.726970905,657.6611181,39.75008582,272.3986769,79.59004629
Scincoidea,Scincidae,Ablepharus,Ablepharus chernovi,10.25808143,842.4577694,28.61309289,-5.858499316,586.9339435,58.11539438,272.4665314,26.5679876
Scincoidea,Scincidae,Asymblepharus,Asymblepharus himalayanus,2.310173008,751.4920881,17.59374453,-14.67896266,697.490369,74.39053362,457.7180257,39.09260457
Scincoidea,Scincidae,Ablepharus,Ablepharus grayanus,25.70826113,520.7907599,38.98756207,9.850319548,433.7190863,134.1227713,387.0561344,6.704295787
Scincoidea,Scincidae,Lamprolepis,Lamprolepis smaragdina,24.76541144,67.4436664,27.81140345,21.80291564,2644.7318,39.80198025,981.5025,26.46333333
Scincoidea,Scincidae,Lygosoma,Lygosoma pruthi,26.24429292,216.9410473,34.50167735,17.7835538,951.3972453,73.80158189,1226.386284,27.94905768
Scincoidea,Scincidae,Lygosoma,Lygosoma punctata,24.98670036,422.0205925,36.75627625,11.87760315,1230.179404,115.4968105,1019.434228,66.23086478
Scincoidea,Scincidae,Lygosoma,Lygosoma lineata,26.32034975,290.0119605,37.67758289,15.49010375,1129.51669,120.1522525,703.6469376,75.99296335
Scincoidea,Scincidae,Lygosoma,Lygosoma vosmaeri,28.25729212,295.7342559,38.85213011,18.14646433,934.7733068,100.3169351,892.0824541,13.08314016
Scincoidea,Scincidae,Lygosoma,Lygosoma guentheri,26.46209424,250.1707403,36.65954615,17.05065009,1171.720222,103.3716452,529.5045617,255.9502284
Scincoidea,Scincidae,Lygosoma,Lygosoma goaensis,25.72098973,171.4790164,34.56567795,18.00977172,2099.96945,114.863582,283.774347,84.87328867
Scincoidea,Scincidae,Lygosoma,Lygosoma albopunctatum,24.3869883,416.4012859,34.33470757,11.19835297,1825.787509,102.6740357,679.4,65.77142857
Scincoidea,Scincidae,Mochlus,Mochlus sundevallii,22.34086055,236.6486272,31.42919988,12.53191349,780.2828632,96.19991278,864.396474,18.68368184
Scincoidea,Scincidae,Lygosoma,Lygosoma lineolatum,25.23162384,279.0607821,34.71905291,13.62319701,1706.288229,92.36061284,754.7267165,20.39975611
Scincoidea,Scincidae,Mochlus,Mochlus striatus,23.77721533,72.96994038,27.86515095,19.50409096,1582.282471,51.03649953,314.4448193,55.24722892
Scincoidea,Scincidae,Mochlus,Mochlus hinkeli,22.53194962,68.65672671,28.41917803,18.26360474,1674.157079,45.22346559,340.1818182,67.81818182
Scincoidea,Scincidae,Mochlus,Mochlus fernandi,24.15407443,91.47182483,29.66846544,19.88585189,1861.240874,57.0034102,452.6666667,78.66666667
Scincoidea,Scincidae,Lygosoma,Lygosoma bowringii,24.19049454,212.8686765,30.72809414,15.79377877,1813.273146,79.17336902,413.7586936,145.5090274
Scincoidea,Scincidae,Lygosoma,Lygosoma quadrupes,25.98390181,137.4528318,31.31808231,19.73404932,1901.427179,72.34166703,1899.321495,2.801164394
Scincoidea,Scincidae,Lygosoma,Lygosoma koratense,26.73841444,159.9981791,32.6517061,18.89539193,1250.978793,78.98013266,985.6608865,213.2133824
Scincoidea,Scincidae,Eugongylus,Eugongylus rufescens,24.70126117,46.01270388,27.72137311,21.80414665,3097.029883,31.28352866,1374.475075,538.7498111
Scincoidea,Scincidae,Eugongylus,Eugongylus albofasciolatus,25.14140679,51.68499723,27.2809657,22.97751299,3451.389045,42.26605798,118.6625976,12.12837164
Scincoidea,Scincidae,Emoia,Emoia loyaltiensis,23.40838455,197.4877085,26.77164179,19.96975417,1631.841528,38.25548727,1080.414345,535.4116751
Scincoidea,Scincidae,Leptosiaphos,Leptosiaphos graueri,20.00934737,46.26141682,25.13777824,15.79338809,1375.739148,38.43261259,912.2275005,13.71535486
Scincoidea,Scincidae,Leptosiaphos,Leptosiaphos hackarsi,17.7380129,51.19885161,23.19136774,13.26834839,1310.456387,36.62696774,1724.479352,207.6396304
Scincoidea,Scincidae,Leptosiaphos,Leptosiaphos amieti,23.64422166,88.52848234,28.3571232,20.54814647,2498.180423,65.53660024,981.6275975,41.18744816
Scincoidea,Scincidae,Leptosiaphos,Leptosiaphos kilimensis,21.38776689,97.70943295,28.12993504,15.88942368,1274.871791,56.00823247,842.2817136,151.5952823
Scincoidea,Scincidae,Leptosiaphos,Leptosiaphos vigintiserierum,22.5151735,114.0966776,29.03362203,18.50756934,2317.506322,70.2526178,594.8523846,15.50285603
Scincoidea,Scincidae,Lacertaspis,Lacertaspis rohdei,23.59107416,83.45525862,27.72566217,19.47764996,1969.957471,66.26491568,551.3834177,17.50712019
Scincoidea,Scincidae,Lacertaspis,Lacertaspis reichenowi,23.74697457,71.45293115,27.80971364,20.26105489,1889.249342,55.03740389,250.5304825,48.01188253
Scincoidea,Scincidae,Lacertaspis,Lacertaspis chriswildi,23.38863594,135.7062715,30.97673705,18.50402288,2503.910427,76.37010511,127.7469216,0
Scincoidea,Scincidae,Lacertaspis,Lacertaspis gemmiventris,24.03460705,105.3691896,29.68243952,20.66515872,2929.46892,70.70182492,203.7644397,74.75270742
Scincoidea,Scincidae,Lacertaspis,Lacertaspis lepesmei,20.776,132.4379792,28.57106944,16.48208333,1950.735903,70.918125,293.5529926,149.1514742
Scincoidea,Scincidae,Nannoscincus,Nannoscincus exos,21.90872483,200.0496644,26.32080537,17.15033557,2567.04698,49.45637584,112.1971808,3.885600548
Scincoidea,Scincidae,Caesoris,Caesoris novaecaledoniae,22.3720445,205.8611967,26.86781593,17.56616458,1656.135632,49.80584537,747.09535,183.6981966
Scincoidea,Scincidae,Nannoscincus,Nannoscincus manautei,20.48780488,205.2926829,25.25609756,15.37560976,1690.926829,51.09756098,430.2680812,110.2984358
Scincoidea,Scincidae,Nannoscincus,Nannoscincus hanchisteus,23.52,214.1622222,28.26666667,18.39333333,1251.755556,51.68888889,184.4530465,1.602574962
Scincoidea,Scincidae,Nannoscincus,Nannoscincus humectus,21.17121212,204.719697,25.88181818,16.08106061,1926.537879,51.31818182,130.8023381,3.006439701
Scincoidea,Scincidae,Nannoscincus,Nannoscincus rankini,20.7875,206.4416667,25.58194444,15.63611111,2090.291667,49.01388889,634.1384615,175.6153846
Scincoidea,Scincidae,Nannoscincus,Nannoscincus greeri,22.63349057,208.3580189,27.35,17.48584906,2552.283019,47.95283019,69.24221757,12.56356124
Scincoidea,Scincidae,Nannoscincus,Nannoscincus mariei,21.40831622,208.4670431,25.40192505,17.31812115,1852.150411,40.55082136,1155.060403,274.9127517
Scincoidea,Scincidae,Nannoscincus,Nannoscincus garrulus,19.68615385,205.5530769,24.11615385,15.12153846,1464.507692,44.57692308,30.28596916,6.672231426
Scincoidea,Scincidae,Nannoscincus,Nannoscincus gracilis,21.7006689,209.9027678,26.28524968,16.84316688,1669.174259,46.56833122,107.1193034,3.782599537
Scincoidea,Scincidae,Nannoscincus,Nannoscincus slevini,21.42645089,210.1007813,26.09486607,16.50200893,1573.335938,47.52120536,739.8679506,194.9536386
Scincoidea,Scincidae,Sigaloseps,Sigaloseps deplanchei,21.2621751,208.569357,25.39276676,17.00702804,1744.555062,41.97948016,758.9849521,218.747777
Scincoidea,Scincidae,Sigaloseps,Sigaloseps ruficauda,18.7880597,202.8034826,22.88606965,14.65621891,1993.099502,43.52736318,900.4527363,245.9751244
Scincoidea,Scincidae,Tropidoscincus,Tropidoscincus boreus,22.26745455,206.8659091,26.8216014,17.39283916,1685.348951,49.46895105,758.6953147,188.2806294
Scincoidea,Scincidae,Tropidoscincus,Tropidoscincus variabilis,21.36471304,208.3972276,25.37057393,17.26108949,1847.106518,40.81590467,802.3370623,235.1449416
Scincoidea,Scincidae,Tropidoscincus,Tropidoscincus aubrianus,22.23636651,208.9202844,26.8528278,17.29598736,1933.375039,48.44518167,862.8331754,221.4612954
Scincoidea,Scincidae,Caledoniscincus,Caledoniscincus chazeaui,21.94146467,203.0490459,26.50345539,16.98891181,2156.416194,49.88550799,978.8127901,239.4646725
Scincoidea,Scincidae,Caledoniscincus,Caledoniscincus terma,21.86493506,190.9662338,25.65584416,17.93766234,1989.922078,53.71428571,929.2727273,204.974026
Scincoidea,Scincidae,Caledoniscincus,Caledoniscincus aquilonius,22.30879252,199.6880048,26.56769445,17.75691267,1876.668789,50.42928188,849.2715337,203.8864134
Scincoidea,Scincidae,Caledoniscincus,Caledoniscincus atropunctatus,22.3016608,202.7350271,26.47559413,17.90682115,1717.603899,46.24967377,756.1741469,204.3219977
Scincoidea,Scincidae,Caledoniscincus,Caledoniscincus festivus,22.08400598,206.8038575,26.47958436,17.43027629,1680.226482,47.57138724,749.8678336,193.4584117
Scincoidea,Scincidae,Caledoniscincus,Caledoniscincus haplorhinus,22.24296167,205.6944485,26.51835198,17.7311269,1671.778321,46.51967499,740.5325222,194.8129068
Scincoidea,Scincidae,Caledoniscincus,Caledoniscincus austrocaledonicus,22.24296167,205.6944485,26.51835198,17.7311269,1671.778321,46.51967499,740.5325222,194.8129068
Scincoidea,Scincidae,Caledoniscincus,Caledoniscincus cryptos,20.71870504,208.0359712,25.34028777,15.8705036,1630.129496,48.10071942,721.5107914,188.3741007
Scincoidea,Scincidae,Caledoniscincus,Caledoniscincus renevieri,21.59602819,209.2482383,26.38725176,16.45714286,1850.223575,50.1537476,839.1742473,209.28123
Scincoidea,Scincidae,Caledoniscincus,Caledoniscincus auratus,23.68768473,202.1794335,27.79150246,19.33608374,1156.123153,52.37684729,529.7721675,118.8054187
Scincoidea,Scincidae,Caledoniscincus,Caledoniscincus orestes,21.15923132,204.5363865,25.65326868,16.4169181,1781.159842,47.9378592,788.4881466,201.7119253
Scincoidea,Scincidae,Caledoniscincus,Caledoniscincus constellatus,22.86296296,204.1666667,27.19259259,18.23703704,1210.666667,49.33333333,542.9259259,129.4074074
Scincoidea,Scincidae,Simiscincus,Simiscincus aurantiacus,21.75771208,208.3910668,25.61285347,17.82262211,1964.426093,38.72236504,831.9325193,258.5771208
Scincoidea,Scincidae,Graciliscincus,Graciliscincus shonae,21.2606282,207.4700146,25.16530314,17.28042367,2012.174215,39.85573411,1177.819515,324.6744321
Scincoidea,Scincidae,Phasmasaurus,Phasmasaurus maruia,21.12757848,208.5984305,25.9132287,16.02320628,1564.847534,49.80717489,99.30690336,0.389001261
Scincoidea,Scincidae,Phasmasaurus,Phasmasaurus tillieri,21.3658493,208.3900383,25.36293742,17.27300128,1842.870498,40.54380587,322.1287512,2.626331075
Scincoidea,Scincidae,Kanakysaurus,Kanakysaurus viviparus,23.94853101,192.6510337,27.52676823,20.26300326,1251.954298,53.94559304,521.5175041,28.28177047
Scincoidea,Scincidae,Epibator,Epibator nigrofasciolatus,22.24296167,205.6944485,26.51835198,17.7311269,1671.778321,46.51967499,473.3444815,133.5112549
Scincoidea,Scincidae,Lacertoides,Lacertoides pardalis,21.50322581,206.5677419,25.25483871,17.70645161,2322.83871,37.51612903,364.108612,70.16897177
Scincoidea,Scincidae,Phoboscincus,Phoboscincus bocourti,22.84292929,206.7222222,26.38737374,19.23989899,1608.040404,35.71717172,748.4345985,109.0320732
Scincoidea,Scincidae,Phoboscincus,Phoboscincus garnieri,22.20767805,205.9342953,26.51734622,17.65562616,1672.401686,46.97511252,603.831619,34.56844505
Scincoidea,Scincidae,Celatiscincus,Celatiscincus euryotis,22.84371859,206.7256281,26.38844221,19.24070352,1607.422111,35.71859296,638.2462312,214.4874372
Scincoidea,Scincidae,Celatiscincus,Celatiscincus similis,22.08938862,199.1382994,26.31813071,17.58988053,1868.975404,49.05340829,831.3534786,201.8271258
Scincoidea,Scincidae,Lioscincus,Lioscincus steindachneri,21.31263701,200.2840748,25.69348807,16.66189555,2150.882012,49.93617021,110.7184799,29.75996405
Scincoidea,Scincidae,Lioscincus,Lioscincus vivae,21.0672,207.132,25.8664,15.9056,1570.128,51.272,199.4760013,21.16761384
Scincoidea,Scincidae,Marmorosphax,Marmorosphax kaala,23.21704036,198.7338565,27.17017937,19.06883408,1264.721973,50.48654709,937.4827586,93.65517241
Scincoidea,Scincidae,Marmorosphax,Marmorosphax boulinda,20.62647059,206.8110294,25.40808824,15.51323529,1718.705882,51.03676471,744.0543933,175.0041841
Scincoidea,Scincidae,Marmorosphax,Marmorosphax taom,22.8762309,203.0169779,27.18658744,18.26672326,1427.427844,49.30220713,664.4073883,90.96189164
Scincoidea,Scincidae,Marmorosphax,Marmorosphax montana,18.21756757,201.4121622,22.25540541,14.18378378,2030.743243,42.48648649,926.6172093,113.3346672
Scincoidea,Scincidae,Marmorosphax,Marmorosphax tricolor,21.87436349,208.1747209,26.34738521,17.13152598,1735.238438,46.9159747,921.7666667,102.9333333
Scincoidea,Scincidae,Oligosoma,Oligosoma suteri,15.56271712,257.9373449,20.73573201,11.06457816,1582.208437,23.25310174,181.3291744,114.0827183
Scincoidea,Scincidae,Oligosoma,Oligosoma moco,15.28941469,269.3926526,20.55940224,10.69975093,1693.951432,22.69240349,454.6657143,216.3814286
Scincoidea,Scincidae,Oligosoma,Oligosoma acrinasum,8.636751524,234.786375,14.15034062,3.724238078,3786.013625,10.74435281,618.5908912,11.07533797
Scincoidea,Scincidae,Oligosoma,Oligosoma waimatense,7.733945591,360.5451413,16.50172284,-0.396815517,868.8661739,13.56512074,564.3009321,310.3382157
Scincoidea,Scincidae,Oligosoma,Oligosoma otagense,7.191452084,379.2415291,16.36146005,-1.618789488,587.3548182,17.09296522,511.8333333,281
Scincoidea,Scincidae,Oligosoma,Oligosoma infrapunctatum,10.80777123,321.9719387,19.1131476,3.624288968,1634.982759,14.95075373,588.4657534,299.6712329
Scincoidea,Scincidae,Oligosoma,Oligosoma pikitanga,7.172904483,301.4701754,14.51832359,0.343859649,4476.122807,13.22222222,480.7543465,314.2260185
Scincoidea,Scincidae,Oligosoma,Oligosoma judgei,5.673846874,328.6490049,13.79152423,-1.907422149,2234.209085,12.14516507,330.0627362,230.1416182
Scincoidea,Scincidae,Oligosoma,Oligosoma grande,7.323845109,378.6846184,16.45475543,-1.458140851,596.8113678,16.7035779,919.3018485,15.22876762
Scincoidea,Scincidae,Oligosoma,Oligosoma toka,3.538268156,382.098743,12.87793296,-5.282821229,681.1494413,14.81703911,394.2517176,254.8976209
Scincoidea,Scincidae,Oligosoma,Oligosoma repens,4.873633749,355.5920422,13.66174497,-3.366634708,1207.813039,12.44391179,341.8608696,195.1043478
Scincoidea,Scincidae,Oligosoma,Oligosoma stenotis,9.460236998,178.2036866,13.33831468,6.021922317,1356.007242,11.76563529,718.6176471,372.1470588
Scincoidea,Scincidae,Oligosoma,Oligosoma tekakahu,10.85555556,192.9444444,15.31111111,6.977777778,2704.777778,8.222222222,1253.861598,877.037037
Scincoidea,Scincidae,Oligosoma,Oligosoma inconspicuum,7.332670165,340.6335183,15.59319342,-0.484634514,1121.801955,14.69555092,469.3757404,282.5201477
Scincoidea,Scincidae,Oligosoma,Oligosoma notosaurus,9.668945578,176.8304422,13.52506803,6.254387755,1385.656463,11.16360544,327.6383496,207.2084267
Scincoidea,Scincidae,Oligosoma,Oligosoma maccanni,6.988203241,371.3875062,15.98329701,-1.560090064,786.4789439,15.04087843,327.4240063,222.8121757
Scincoidea,Scincidae,Oligosoma,Oligosoma longipes,6.355118175,364.1819996,15.41526725,-1.92012567,1450.147231,12.31976016,601.9146608,323.8140044
Scincoidea,Scincidae,Oligosoma,Oligosoma nigriplantare,11.38695652,212.1382609,15.52521739,7.840869565,1002.791304,19.46956522,566,386.8421053
Scincoidea,Scincidae,Oligosoma,Oligosoma polychroma,9.459484837,326.9344979,17.5049451,2.193110196,1309.586755,15.2276962,566.1768369,310.5890411
Scincoidea,Scincidae,Oligosoma,Oligosoma chloronoton,8.193293349,306.2103785,15.52793858,1.298153902,1132.131266,14.14356145,684.9008725,16.64546983
Scincoidea,Scincidae,Oligosoma,Oligosoma lineoocellatum,9.435027798,332.9829452,17.55131771,2.139918696,1072.335157,15.32562086,455.2416667,216.6983333
Scincoidea,Scincidae,Oligosoma,Oligosoma levidensum,16.17328571,231.6755714,20.63942857,12.24928571,1265.627143,26.92142857,486.6,234
Scincoidea,Scincidae,Oligosoma,Oligosoma aeneum,12.82065831,310.1885429,20.49891485,6.169493029,1497.160358,17.73838045,856.3541049,227.0790683
Scincoidea,Scincidae,Oligosoma,Oligosoma hardyi,16.169,231.3323333,20.6155,12.25966667,1267.47,26.96166667,1199.14645,53.75344446
Scincoidea,Scincidae,Oligosoma,Oligosoma fallai,16.3,219.44,20.32,12.66,1364.8,26.6,410.7916065,6.030865734
Scincoidea,Scincidae,Oligosoma,Oligosoma ornatum,15.28633803,267.9430986,20.49309859,10.75352113,1671.060563,22.93239437,233.5634562,158.8491528
Scincoidea,Scincidae,Oligosoma,Oligosoma oliveri,15.58529412,268.7235294,20.79411765,10.97058824,2053.382353,24.26470588,422.1786074,294.3323477
Scincoidea,Scincidae,Oligosoma,Oligosoma whitakeri,12.44054054,283.3421622,19.2172973,6.631891892,1507.891892,21.63243243,387.1073074,275.5095458
Scincoidea,Scincidae,Oligosoma,Oligosoma townsi,15.22948718,263.9910256,20.22692308,10.88696581,1798.226496,24.15598291,334.4256951,246.1955896
Scincoidea,Scincidae,Oligosoma,Oligosoma alani,15.84657534,252.8671233,20.86438356,11.43972603,1672.945205,24.82191781,1035.83753,40.1340594
Scincoidea,Scincidae,Oligosoma,Oligosoma macgregori,15.21111111,267.1,20.99444444,10.27777778,1515.444444,22.16666667,486.4060373,312.8220253
Scincoidea,Scincidae,Oligosoma,Oligosoma zelandicum,12.56590158,281.1889792,19.21879075,6.820237564,1639.182906,15.48888095,478.7982648,293.67586
Scincoidea,Scincidae,Oligosoma,Oligosoma homalonotum,15.22100656,263.9514223,20.20984683,10.88358862,1805.509847,24.18818381,1058.653281,774.87128
Scincoidea,Scincidae,Oligosoma,Oligosoma striatum,13.44223489,311.5570044,21.22978832,6.603821494,1551.371591,16.85907287,558.943662,304.9887324
Scincoidea,Scincidae,Oligosoma,Oligosoma microlepis,9.231779258,348.0644408,18.42796471,1.357131736,1590.848197,14.68220742,627.5350035,451.8358698
Scincoidea,Scincidae,Oligosoma,Oligosoma smithi,15.28482024,268.8482024,20.53754993,10.71078562,1693.499334,22.69241012,392.6340136,286.0928571
Scincoidea,Scincidae,Oligosoma,Oligosoma lichenigera,19.37894737,220.0526316,23.36842105,15.62631579,1797.315789,14.15789474,183.021909,117.2271852
Scincoidea,Scincidae,Saproscincus,Saproscincus hannahae,22.39508589,279.4395303,29.23444227,14.24776504,1748.718634,85.4687665,1059.327742,104.9891281
Scincoidea,Scincidae,Saproscincus,Saproscincus czechurai,23.53409276,216.2526743,28.63437857,17.5961171,2036.606974,89.40070227,1237.034501,109.481545
Scincoidea,Scincidae,Saproscincus,Saproscincus tetradactylus,22.06699671,272.0199441,28.82784868,14.09700329,1765.325987,85.33907895,1059.671151,106.7934868
Scincoidea,Scincidae,Saproscincus,Saproscincus basiliscus,22.5554007,320.6485503,29.47171478,13.80756595,1346.022213,81.13128422,839.4721254,64.42322051
Scincoidea,Scincidae,Saproscincus,Saproscincus lewisi,24.45748675,192.4763913,28.85530035,19.41649735,1963.903269,93.7729682,1268.060071,82.48542403
Scincoidea,Scincidae,Saproscincus,Saproscincus rosei,18.14825963,375.6920188,26.63516031,7.962265908,1169.456058,43.27912867,486.4479688,128.3743177
Scincoidea,Scincidae,Saproscincus,Saproscincus spectabilis,18.69643592,352.8274397,26.31309524,9.574963257,1351.08833,38.67570547,541.6193416,160.7153145
Scincoidea,Scincidae,Saproscincus,Saproscincus challengeri,18.90411196,357.8783801,26.79489886,9.155504791,1242.941714,42.10707949,510.0758517,136.9876242
Scincoidea,Scincidae,Saproscincus,Saproscincus mustelinus,13.57603735,410.9042103,23.75974124,4.299201167,866.9109582,20.88977041,287.0222643,155.421205
Scincoidea,Scincidae,Saproscincus,Saproscincus oriarus,18.64136713,343.1326875,25.77001746,10.25819422,1383.51452,38.1094594,555.3388571,168.4816214
Scincoidea,Scincidae,Techmarscincus,Techmarscincus jigurru,20.83693309,267.3567243,28.00733049,12.41356084,1508.756399,83.69140099,882.8682084,95.96160754
Scincoidea,Scincidae,Carinascincus,Carinascincus greeni,9.144097052,311.46349,18.00359919,2.399751418,1228.672117,22.57516981,412.4287165,187.3006442
Scincoidea,Scincidae,Carinascincus,Carinascincus ocellatus,10.62835009,286.1449878,18.59603226,4.534836145,1226.150372,23.03732606,411.8485262,189.9855512
Scincoidea,Scincidae,Carinascincus,Carinascincus metallicus,11.36632097,293.3310069,19.48157462,5.198379005,1201.840549,22.00028106,396.0294477,189.898412
Scincoidea,Scincidae,Carinascincus,Carinascincus pretiosus,10.61856385,286.625064,18.58927541,4.5166465,1200.414406,23.00244322,404.0280273,186.4150921
Scincoidea,Scincidae,Harrisoniascincus,Harrisoniascincus zia,16.13064835,406.7053752,25.56770118,5.039587775,994.833794,41.68572482,1015.590794,218.6772779
Scincoidea,Scincidae,Liburnascincus,Liburnascincus scirtetis,23.94049389,199.2500063,29.36027466,17.84568477,1382.520348,103.8602747,482.0618459,2.039961941
Scincoidea,Scincidae,Liburnascincus,Liburnascincus mundivensis,22.26256383,364.8612456,30.72859571,11.87615589,894.8361141,64.70343679,480.980981,2.042042042
Scincoidea,Scincidae,Liburnascincus,Liburnascincus coensis,25.63925654,178.6943955,32.5920271,18.38644798,1232.244,114.2939649,186.6306306,0.585585586
Scincoidea,Scincidae,Pygmaeascincus,Pygmaeascincus timlowi,21.97209363,403.6618216,31.25504505,10.63778186,799.6359802,60.96381393,255.7303365,1.730237888
Scincoidea,Scincidae,Lygisaurus,Lygisaurus zuma,22.53852725,343.3215717,30.21121547,12.96885647,1094.497627,74.40065944,1001.338701,73.53930669
Scincoidea,Scincidae,Lygisaurus,Lygisaurus abscondita,25.45709833,279.6084619,34.18438523,14.88084775,869.2942185,117.4834035,1080.312222,210.564572
Scincoidea,Scincidae,Lygisaurus,Lygisaurus foliorum,19.84304162,399.2789579,28.87036488,9.025348276,872.1936523,48.70094598,516.9933019,26.48345217
Scincoidea,Scincidae,Lygisaurus,Lygisaurus sesbrauna,25.75208486,136.6532986,30.95923506,20.46713649,1500.294891,108.1244311,949.1531308,413.0493183
Scincoidea,Scincidae,Lygisaurus,Lygisaurus tanneri,24.60382299,190.494763,29.26057869,19.34658288,1727.166667,97.57331762,394.6112688,99.05032241
Scincoidea,Scincidae,Lygisaurus,Lygisaurus malleolus,23.92805951,216.2947321,30.24209037,16.75159386,1211.328986,105.9448448,614.8975525,64.93881422
Scincoidea,Scincidae,Lygisaurus,Lygisaurus parrhasius,26.13186583,114.3817086,30.15974843,22.06121593,1662.908805,97.84433962,961.6776092,18.25087239
Scincoidea,Scincidae,Lygisaurus,Lygisaurus curtus,23.45421857,65.65458256,26.68806598,19.9639665,2733.887456,28.38591988,1220.228571,321.7714286
Scincoidea,Scincidae,Lygisaurus,Lygisaurus novaeguineae,25.62434983,51.07576911,28.58881224,22.80596258,3546.378132,20.27743419,694.9713262,9.155212716
Scincoidea,Scincidae,Lygisaurus,Lygisaurus macfarlani,25.59975882,99.01978064,29.45524788,21.78814923,1890.446641,69.65303324,685.4655535,65.24466895
Scincoidea,Scincidae,Lygisaurus,Lygisaurus aeratus,25.25417078,174.2387307,31.29811378,18.80932305,1338.061398,110.0755481,853.4951048,17.95655659
Scincoidea,Scincidae,Lygisaurus,Lygisaurus laevis,22.50836333,226.7461972,28.20314453,15.82050578,1562.283245,95.53130328,723.6382259,113.8798348
Scincoidea,Scincidae,Carlia,Carlia bicarinata,25.55782758,62.27459226,28.57590148,22.14451348,1769.253079,57.94507933,831.9221125,147.9710418
Scincoidea,Scincidae,Carlia,Carlia schmeltzii,23.12692022,337.2105863,31.73477327,12.74130464,896.117148,80.74077573,552.1539712,50.59034821
Scincoidea,Scincidae,Carlia,Carlia storri,24.58936581,186.1449715,30.63735995,18.02862289,1519.298239,94.43514355,930.5652342,74.68644732
Scincoidea,Scincidae,Carlia,Carlia fusca,23.38036565,38.59734591,26.25114584,20.61165187,3375.373284,20.40069421,1093.071664,627.8528847
Scincoidea,Scincidae,Carlia,Carlia quinquecarinata,26.52142857,95.13571429,28.35,24.52857143,1421.714286,77,744.3571429,61.28571429
Scincoidea,Scincidae,Carlia,Carlia aenigma,25.43319458,72.72932506,28.95952512,22.2853672,3844.630378,27.16777811,1300.161449,618.561908
Scincoidea,Scincidae,Carlia,Carlia pulla,26.46734367,18.88730625,28.86571352,23.97183324,2256.880812,28.43506146,794.0863175,380.4353287
Scincoidea,Scincidae,Carlia,Carlia mysi,25.13385782,37.94441776,27.28949921,22.92188413,3535.921126,30.96116034,1329.039124,550.8877637
Scincoidea,Scincidae,Carlia,Carlia eothen,26.1128624,76.99609986,27.87429821,24.17939485,3025.284514,22.46525541,975.1662448,526.3489416
Scincoidea,Scincidae,Carlia,Carlia luctuosa,25.25220438,65.36150093,28.39688637,21.6971791,1770.291582,45.89301872,743.9206955,195.6684112
Scincoidea,Scincidae,Carlia,Carlia sexdentata,26.28233504,153.8600682,32.24964466,20.15757249,1415.339729,110.0386526,999.6020618,9.172795224
Scincoidea,Scincidae,Carlia,Carlia ailanpalai,27.00952813,20.58366606,28.03166969,25.66810345,3941.751815,11.72686025,1158.869782,835.4863884
Scincoidea,Scincidae,Carlia,Carlia longipes,25.82478479,184.4901047,32.05735693,18.92491518,1395.515251,101.9916195,918.0758175,46.50482026
Scincoidea,Scincidae,Carlia,Carlia rhomboidalis,22.94768605,294.2887414,30.04669513,14.27246797,1259.497947,86.92862878,790.2235757,63.22551918
Scincoidea,Scincidae,Carlia,Carlia rubrigularis,22.76143641,274.1392135,30.09735636,14.09099419,1248.038423,95.96844201,811.6814396,55.05401334
Scincoidea,Scincidae,Carlia,Carlia johnstonei,26.71490613,192.6772518,33.45788059,17.94086595,1235.051999,114.3094732,918.6559675,5.853701163
Scincoidea,Scincidae,Carlia,Carlia triacantha,25.91545028,445.1177923,36.5680259,12.40621927,557.652673,91.04762149,386.7662493,12.63164459
Scincoidea,Scincidae,Carlia,Carlia rufilatus,27.27325151,229.3376802,35.03615393,17.24248547,1047.972376,114.4590066,785.1337424,4.905175957
Scincoidea,Scincidae,Carlia,Carlia tetradactyla,16.19217162,491.8282704,27.59614271,4.606631124,760.6670793,25.47529629,273.6539311,127.4032819
Scincoidea,Scincidae,Carlia,Carlia amax,26.91351618,238.4447518,34.94620879,17.17871619,1057.723061,111.1587693,754.4546033,4.521733394
Scincoidea,Scincidae,Carlia,Carlia decora,23.17579379,295.0845542,29.85244777,14.85547429,1492.610695,87.41271257,935.5076307,78.88581678
Scincoidea,Scincidae,Carlia,Carlia vivax,21.9119711,345.0613942,30.4993331,11.76790814,956.1433676,70.87645245,550.86634,67.59888687
Scincoidea,Scincidae,Carlia,Carlia rostralis,25.16440717,280.0075085,33.25754869,15.19313802,980.6756762,111.6864755,728.3480288,21.75958842
Scincoidea,Scincidae,Carlia,Carlia dogare,24.4149687,192.3291852,29.54396204,18.66293417,1465.494447,101.6823506,991.8460723,42.46673061
Scincoidea,Scincidae,Carlia,Carlia munda,25.71616181,374.3825532,35.25202943,13.68332955,706.5197538,98.6172043,494.0898207,16.70148019
Scincoidea,Scincidae,Carlia,Carlia inconnexa,23.69406393,268.1931507,28.23926941,17.77214612,1872.954338,77.07762557,1079.465753,79.78082192
Scincoidea,Scincidae,Carlia,Carlia rubigo,21.96474625,424.3254279,31.86745101,9.955988807,728.2506954,62.58669921,388.67236,60.54707029
Scincoidea,Scincidae,Carlia,Carlia pectoralis,21.35349023,389.5003025,30.33053578,10.41158159,856.3188889,57.18628353,428.1973044,80.13988747
Scincoidea,Scincidae,Carlia,Carlia gracilis,27.10975386,249.2854409,35.41951026,16.96235106,1000.127128,111.6556804,721.7494801,4.684937021
Scincoidea,Scincidae,Carlia,Carlia jarnoldae,23.95655044,246.1821302,31.02510813,15.81771793,1186.400628,100.1854648,807.7442593,36.92888411
Scincoidea,Scincidae,Lampropholis,Lampropholis robertsi,23.00250159,214.6728853,27.99168257,17.15740937,1868.851389,90.79810614,823.6578947,54.34210526
Scincoidea,Scincidae,Lampropholis,Lampropholis coggeri,22.49304449,258.4377155,29.01859141,14.8486581,1609.164037,89.95943803,570.1539229,18.81281935
Scincoidea,Scincidae,Lampropholis,Lampropholis guichenoti,14.89734602,428.8310374,25.66583878,5.059934501,793.3765439,27.08557992,303.2297653,143.5269547
Scincoidea,Scincidae,Lampropholis,Lampropholis delicata,17.7883869,381.3038184,27.04979835,8.04916482,864.3095752,44.00971286,223.2508208,22.81893747
Scincoidea,Scincidae,Proablepharus,Proablepharus reginae,24.09574223,548.3113365,36.35592613,9.241930166,332.3366655,67.6603953,44.28500199,2.474557859
Scincoidea,Scincidae,Pseudemoia,Pseudemoia entrecasteauxii,13.08094416,373.0064937,23.13809333,5.035605439,873.9905431,26.25591965,296.9440142,31.04133289
Scincoidea,Scincidae,Pseudemoia,Pseudemoia cryodroma,10.53651288,422.8373718,22.28282765,1.619063452,1009.607267,20.69039208,100.6829734,20.93833753
Scincoidea,Scincidae,Pseudemoia,Pseudemoia pagenstecheri,14.58420457,432.1466321,25.88445811,4.96760848,668.7744526,25.01773392,291.8836241,104.4106541
Scincoidea,Scincidae,Pseudemoia,Pseudemoia spenceri,12.57473496,428.9128405,23.85115127,3.35238398,834.3985711,19.13751097,288.017132,106.5554131
Scincoidea,Scincidae,Pseudemoia,Pseudemoia rawlinsoni,13.00394972,392.9051707,23.80208746,4.627369171,816.8207585,23.36552046,858.045348,244.3067106
Scincoidea,Scincidae,Pseudemoia,Pseudemoia baudini,17.67250467,365.0548673,27.58392387,8.277082777,301.0042463,34.02791868,261.0634215,29.41959714
Scincoidea,Scincidae,Acritoscincus,Acritoscincus duperreyi,13.28452032,395.7842666,24.19885543,4.855742337,748.2275077,25.56316944,253.5320878,119.8232543
Scincoidea,Scincidae,Acritoscincus,Acritoscincus platynotus,14.72947404,467.0745712,25.76863806,3.934742843,809.8303221,22.75335069,279.0850331,143.2726235
Scincoidea,Scincidae,Acritoscincus,Acritoscincus trilineatus,16.8819286,405.7663736,28.18694777,7.418381065,453.7276258,44.28122337,204.6372182,49.57902963
Scincoidea,Scincidae,Morethia,Morethia lineoocellata,19.68944458,387.3796393,30.14267553,10.68973742,553.8806226,78.5512817,287.1481818,0
Scincoidea,Scincidae,Morethia,Morethia adelaidensis,19.94192026,556.0565803,33.03401997,6.712196377,245.2735466,29.60284718,237.502849,60.00878443
Scincoidea,Scincidae,Morethia,Morethia ruficauda,25.2218777,496.615898,36.65729595,11.05638558,451.6382694,82.04661759,165.6163372,23.59368153
Scincoidea,Scincidae,Morethia,Morethia butleri,20.21548238,541.2100237,33.28455236,7.100083992,246.7987677,37.6465534,315.358423,35.17380877
Scincoidea,Scincidae,Cryptoblepharus,Cryptoblepharus keiensis,26.28008065,73.09241935,27.86774194,24.44927419,2922.208871,54.47258065,1300.483065,230.2806452
Scincoidea,Scincidae,Cryptoblepharus,Cryptoblepharus novocaledonicus,22.88810872,205.4994904,26.95928652,18.62222537,1611.46829,45.19337486,707.7650057,189.5639864
Scincoidea,Scincidae,Cryptoblepharus,Cryptoblepharus nigropunctatus,22.96511628,347.9337209,27.88837209,16.78023256,1441.616279,26.20930233,474.9883721,206.1976744
Scincoidea,Scincidae,Cryptoblepharus,Cryptoblepharus ater,23.20833333,110.4494337,25.05800971,20.93956311,2416.559871,51.34546926,1070.326052,271.9846278
Scincoidea,Scincidae,Cryptoblepharus,Cryptoblepharus boutonii,26.79166667,54.01666667,28.65,24.65,2587.666667,33.25,853.6666667,453.6666667
Scincoidea,Scincidae,Cryptoblepharus,Cryptoblepharus africanus,26.6442299,142.1706398,33.29963891,21.0520496,597.6259594,87.38958929,348.3094107,26.03449688
Scincoidea,Scincidae,Cryptoblepharus,Cryptoblepharus voeltzkowi,22.87339841,256.4719563,29.92207,14.02418326,910.9772034,87.47162904,550.3696267,60.74485551
Scincoidea,Scincidae,Cryptoblepharus,Cryptoblepharus gloriosus,25.78829953,114.1343214,27.71029641,23.41279251,1755.99064,75.58658346,927.6287051,101.2355694
Scincoidea,Scincidae,Cryptoblepharus,Cryptoblepharus cognatus,26.03562005,100.2722955,29.16596306,21.93693931,2343.398417,88.33509235,1469.456464,123.3509235
Scincoidea,Scincidae,Emoia,Emoia physicae,22.85604881,63.52069053,26.15762946,19.43858291,3061.342731,26.72775768,678.691396,209.7357331
Scincoidea,Scincidae,Emoia,Emoia jakati,24.44275266,31.66698021,27.0048049,21.83364046,3136.50959,25.0576849,1060.782609,684.5217391
Scincoidea,Scincidae,Emoia,Emoia atrocostata,25.27008686,54.08593809,28.51312738,22.21589284,2819.874355,34.50711643,194.0490174,1.580980348
Scincoidea,Scincidae,Emoia,Emoia cyanogaster,23.00925594,37.49789163,25.39387059,20.64678088,3569.601719,23.77893822,1073.896842,282.9059425
Scincoidea,Scincidae,Emoia,Emoia impar,23.07740474,88.78439971,25.44024083,20.66671819,2718.924275,33.40502037,908.5964598,375.8683968
Scincoidea,Scincidae,Emoia,Emoia cyanura,23.62924123,69.43712446,26.0798131,21.23138557,2424.727272,32.62630128,1245.820499,637.4965537
Scincoidea,Scincidae,Emoia,Emoia pseudocyanura,25.18860696,37.18946943,26.6763399,23.65991067,3229.5432,20.49722778,1038.141385,490.3721199
Scincoidea,Scincidae,Emoia,Emoia schmidti,26.45644898,38.888,27.7715102,25.04236735,4017.802857,24.59714286,1058.321654,631.0950639
Scincoidea,Scincidae,Emoia,Emoia isolata,26.9826087,53.47391304,28.36521739,25.56956522,3308.217391,17.91304348,1024.431332,418.3254254
Scincoidea,Scincidae,Emoia,Emoia caeruleocauda,24.38239608,42.7043,27.28758437,21.65931614,3040.053141,29.23521606,1053.88221,423.8105982
Scincoidea,Scincidae,Menetia,Menetia alanae,27.78580336,160.467458,34.78828937,19.86386091,1581.563309,103.4248601,729.574702,96.7205452
Scincoidea,Scincidae,Menetia,Menetia greyii,22.52197906,508.3353017,34.42905391,9.132553368,415.5563982,60.35666563,784.3902085,94.9571458
Scincoidea,Scincidae,Panaspis,Panaspis annobonensis,25.12777778,147.6666667,27.80555556,22.35,1157.111111,77,140.9569892,7.147168982
Scincoidea,Scincidae,Panaspis,Panaspis africanus,24.33922078,111.4436364,26.59437229,22.18796537,1184.620779,65.73333333,341.0169444,0.513472222
Scincoidea,Scincidae,Panaspis,Panaspis wahlbergi,22.17064866,216.9499549,30.42562983,13.23461473,912.6045451,89.70846963,833.253952,153.397159
Scincoidea,Scincidae,Panaspis,Panaspis togoensis,25.95390466,165.4055566,34.67742808,18.82049813,1333.764567,85.69494167,1565.186757,111.7164686
Scincoidea,Scincidae,Panaspis,Panaspis breviceps,24.04496921,82.1647281,29.05945995,19.73966415,1751.035367,54.8878137,95.87426958,1.240202571
Scincoidea,Scincidae,Leiolopisma,Leiolopisma telfairii,23.38923476,181.7191094,26.42412451,20.38996974,1815.546044,50.66493731,478.4361277,129.6317312
Scincoidea,Scincidae,Emoia,Emoia concolor,24.18493211,114.4156828,26.90457497,21.2944756,2479.162928,48.10419126,1074.007365,493.3507917
Scincoidea,Scincidae,Emoia,Emoia tongana,24.35941645,46.97113174,25.70035367,23.04814324,3198.912467,43.4403183,1403.558776,745.4832653
Scincoidea,Scincidae,Kaestlea,Kaestlea travancorica,26.20381277,134.648969,32.9338417,20.04298065,1638.292597,74.47420525,863.5625932,81.43327049
Scincoidea,Scincidae,Ateuchosaurus,Ateuchosaurus pellopleurus,22.04152494,435.6384921,28.62329932,14.7401644,2603.874717,33.22420635,1015.280045,418.9410431
Scincoidea,Scincidae,Tropidophorus,Tropidophorus microlepis,25.36792987,100.7429085,30.42426613,19.15903349,2463.0784,80.60337154,1341.942639,39.32641043
Scincoidea,Scincidae,Tropidophorus,Tropidophorus cocincinensis,23.11255139,228.1207819,28.76982132,15.87983871,2388.793782,79.19062302,1417.715449,97.0285223
Scincoidea,Scincidae,Tropidophorus,Tropidophorus grayi,26.51635179,71.34312972,29.29316605,24.00162791,2621.188915,46.96060897,1133.025936,282.4249332
Scincoidea,Scincidae,Tropidophorus,Tropidophorus baconi,23.03087959,34.96156418,26.44198064,20.35381294,2574.139425,40.919493,1087.682917,282.8552128
Scincoidea,Scincidae,Tropidophorus,Tropidophorus beccarii,24.14681688,33.16516152,27.84757379,20.69943953,3322.445081,17.88560712,1066.153501,617.0713416
Scincoidea,Scincidae,Tropidophorus,Tropidophorus misaminius,25.60688234,46.1826518,28.52024089,23.16322915,2496.448676,39.08477006,1017.347561,311.0397173
Scincoidea,Scincidae,Tropidophorus,Tropidophorus partelloi,25.14017749,44.44722655,28.45338458,22.30864392,2282.600655,33.01172743,858.5119389,321.4928402
Scincoidea,Scincidae,Tropidophorus,Tropidophorus brookei,24.92075342,36.7022574,28.69384837,21.5545276,3250.271308,19.49482014,1073.577522,593.1467354
Scincoidea,Scincidae,Isopachys,Isopachys anguinoides,26.44559217,85.45560089,30.87941979,21.73468302,1778.670615,64.83581418,702.9489144,112.9463602
Scincoidea,Scincidae,Tytthoscincus,Tytthoscincus atrigularis,25.15876945,44.17135383,28.44494688,22.35096284,2277.908753,33.19000036,857.1909596,319.8416294
Scincoidea,Scincidae,Tytthoscincus,Tytthoscincus hallieri,24.53101046,38.19894134,28.35867236,21.04404058,2969.481889,16.71904531,943.8286153,578.020205
Scincoidea,Scincidae,Tytthoscincus,Tytthoscincus parvus,24.72056452,25.34579973,26.85645161,22.78252688,1859.183132,27.40188172,637.6646505,282.0396505
Scincoidea,Scincidae,Tytthoscincus,Tytthoscincus aesculeticola,22.85159458,45.91070336,26.6641765,19.28706859,2209.93578,20.88685015,698.1896024,385.5054609
Scincoidea,Scincidae,Larutia,Larutia seribuatensis,24.77857143,56.93571429,26.86428571,22.85,3710.428571,70.57142857,341.5049888,50.84901828
Scincoidea,Scincidae,Sphenomorphus,Sphenomorphus concinnatus,25.53183797,37.50531392,26.95074684,24.05612911,3353.799266,21.63346835,1119.114962,648.946481
Scincoidea,Scincidae,Sphenomorphus,Sphenomorphus melanopogon,25.03675832,65.9270746,27.76849205,22.48248857,1634.47215,79.29925569,894.9398619,60.68151465
Scincoidea,Scincidae,Sphenomorphus,Sphenomorphus jobiensis,24.51587915,32.5627651,27.12494576,21.84925752,3167.273609,27.04359136,1122.306603,518.4587284
Scincoidea,Scincidae,Sphenomorphus,Sphenomorphus muelleri,25.26091458,58.46541631,28.78355398,22.06348094,3360.802536,29.95657489,1159.28773,558.3769399
Scincoidea,Scincidae,Sphenomorphus,Sphenomorphus scutatus,27.29146341,19.72414634,28.39195122,26.25853659,3985.834146,21.8804878,1352.621951,705.4268293
Scincoidea,Scincidae,Sphenomorphus,Sphenomorphus solomonis,24.6484943,31.92539086,26.79763861,22.42735234,3114.719256,26.27483864,1102.586211,519.1918621
Scincoidea,Scincidae,Sphenomorphus,Sphenomorphus cranei,25.46328464,36.63955733,26.90302789,23.97002804,3313.569308,22.29963111,1120.196842,640.3285229
Scincoidea,Scincidae,Sphenomorphus,Sphenomorphus maindroni,25.59911627,37.39621478,27.83147685,23.23747825,2947.641732,23.74602399,990.4778687,510.8493849
Scincoidea,Scincidae,Sphenomorphus,Sphenomorphus leptofasciatus,16.12319722,26.96414511,19.1600172,13.21894827,2985.309084,27.03277488,1025.892184,452.6138362
Scincoidea,Scincidae,Sphenomorphus,Sphenomorphus fasciatus,25.46871797,48.85900053,28.58833481,22.76616243,2376.48349,33.6182193,907.8997405,337.6269771
Scincoidea,Scincidae,Scincella,Scincella tsinlingensis,8.603349278,782.3571005,23.60798744,-8.33882461,726.2555789,80.49310746,399.6682324,14.82086276
Scincoidea,Scincidae,Scincella,Scincella potanini,6.257644587,603.4236754,17.70023292,-8.081217991,866.0961241,91.12587462,531.2840076,15.57014462
Scincoidea,Scincidae,Scincella,Scincella boettgeri,23.67223851,356.3256109,29.01055718,17.36304985,2371.55914,21.60606061,778.7302053,440.1241447
Scincoidea,Scincidae,Scincella,Scincella formosensis,20.21274513,423.693184,27.91867072,11.18044592,2254.043426,69.08702873,1153.238825,184.2291438
Scincoidea,Scincidae,Scincella,Scincella modesta,17.93980183,735.7487483,30.9515214,2.497950972,1485.292503,59.7554413,735.5345193,122.7266848
Scincoidea,Scincidae,Scincella,Scincella gemmingeri,21.63082961,212.5404566,28.48383533,13.9148735,1690.963859,71.82466781,878.5691756,109.4432792
Scincoidea,Scincidae,Scincella,Scincella cherriei,24.82243512,127.00132,29.87760102,19.97150299,2262.728587,54.74991619,1008.40367,174.1867895
Scincoidea,Scincidae,Scincella,Scincella assata,24.55332437,95.21875694,30.13947545,18.67045857,1455.337478,99.50814804,889.129429,16.63815997
Scincoidea,Scincidae,Scincella,Scincella lateralis,17.04260899,733.9238869,31.33785154,1.66839839,1172.174177,24.25093712,392.2114427,201.4959878
Scincoidea,Scincidae,Scincella,Scincella reevesii,22.41500575,339.8554611,30.26413823,11.93341187,1730.814927,81.70576018,1009.175811,50.5326719
Scincoidea,Scincidae,Scincella,Scincella rufocaudata,24.78724958,140.4689953,30.53483334,18.17124137,2088.353331,82.0020249,1165.133105,33.97870263
Scincoidea,Scincidae,Scincella,Scincella rupicola,22.89525096,441.0065019,30.7194946,12.51546397,1785.667121,76.72721197,986.4423669,72.83313609
Scincoidea,Scincidae,Sphenomorphus,Sphenomorphus buenloicus,22.25793123,256.3442237,27.96025485,14.7654502,2319.857959,72.46701958,1334.746885,122.2084231
Scincoidea,Scincidae,Sphenomorphus,Sphenomorphus tonkinensis,23.40574534,441.7600932,30.02484472,14.19798137,1989.939441,84.9378882,1203.17236,72.5310559
Scincoidea,Scincidae,Lipinia,Lipinia pulchella,25.46664389,65.44277305,28.79274916,22.46137112,2463.943811,45.3479958,327.3418913,172.141152
Scincoidea,Scincidae,Lipinia,Lipinia noctua,25.04012992,40.59273116,27.52900727,22.49646551,2887.347621,25.84074573,270.1599835,106.7607714
Scincoidea,Scincidae,Papuascincus,Papuascincus stanleyanus,17.78729375,36.5454317,21.06693968,14.60041664,3234.681538,23.268411,264.3133919,75.97005724
Scincoidea,Scincidae,Prasinohaema,Prasinohaema virens,25.52322847,30.85422662,28.18647985,22.72629127,2751.153719,30.72780946,1218.531095,339.2336459
Scincoidea,Scincidae,Insulasaurus,Insulasaurus victoria,20.24990125,129.5980689,24.80818521,15.33335528,2864.714505,76.6256309,918.0452463,89.51130769
Scincoidea,Scincidae,Insulasaurus,Insulasaurus traanorum,26.73722861,46.21015326,28.40140485,25.54227331,1566.432312,53.85887612,2011.40332,1154.155234
Scincoidea,Scincidae,Insulasaurus,Insulasaurus wrighti,25.33896588,46.0075693,26.99928038,24.15676972,1699.736141,53.87180171,1041.824473,296.8427856
Scincoidea,Scincidae,Insulasaurus,Insulasaurus arborens,26.25234587,61.81385115,29.30011484,23.65071847,2299.297471,53.88274838,825.8312674,153.0117393
Scincoidea,Scincidae,Lipinia,Lipinia relicta,24.16274627,28.79798454,26.79591184,21.72778705,3014.874922,30.02215809,148.7770312,49.5765956
Scincoidea,Scincidae,Lipinia,Lipinia vittigera,26.0324506,145.4014889,31.85560278,19.02470368,1798.735102,76.03863174,415.443556,53.71275531
Scincoidea,Scincidae,Sphenomorphus,Sphenomorphus apalpebratus,21.1115,377.7013542,27.51754167,8.684375,5080.728819,98.13597222,3503.139514,34.41847222
Scincoidea,Scincidae,Notoscincus,Notoscincus ornatus,25.59169358,450.3183016,36.35106401,12.10600317,522.9708019,91.81142622,1004.606016,191.4046464
Scincoidea,Scincidae,Nangura,Nangura spinosa,19.07556141,382.7934025,28.14189252,8.137618089,1001.388106,45.24268236,1006.775292,461.4153441
Scincoidea,Scincidae,Concinnia,Concinnia tenuis,20.02606568,360.7312956,28.40450011,10.16359526,999.2754872,56.12396212,492.2909081,98.71021557
Scincoidea,Scincidae,Concinnia,Concinnia martini,19.38473194,384.3478968,28.00902781,8.92957668,949.1212957,45.26937788,409.5450785,109.7534974
Scincoidea,Scincidae,Concinnia,Concinnia sokosoma,22.34043904,409.9094224,31.87818564,10.67999807,721.0252905,63.85900976,385.6031659,57.53682379
Scincoidea,Scincidae,Concinnia,Concinnia brachysoma,22.47082499,313.8806076,29.90155217,13.38595182,1088.008999,74.70968295,627.1106962,69.74096775
Scincoidea,Scincidae,Concinnia,Concinnia tigrinus,22.16855564,240.7504383,28.17443598,15.08075457,1781.417683,88.79786585,1074.275419,103.7812881
Scincoidea,Scincidae,Concinnia,Concinnia amplus,22.4522801,335.2388157,29.84809515,13.19711251,1190.479997,76.92724035,720.6512116,62.28747694
Scincoidea,Scincidae,Concinnia,Concinnia queenslandiae,22.63390713,240.936946,28.61751742,15.61657134,1779.334192,90.37761934,1096.454038,96.63888964
Scincoidea,Scincidae,Tumbunascincus,Tumbunascincus luteilateralis,21.86459399,347.6997297,30.26999131,11.54709858,871.6101188,70.82523897,496.7463551,49.00222072
Scincoidea,Scincidae,Silvascincus,Silvascincus murrayi,16.55778269,396.0566668,25.51425525,6.156225007,1064.305937,39.20034657,431.8739384,135.6881974
Scincoidea,Scincidae,Silvascincus,Silvascincus tryoni,16.67681855,418.6633082,26.28266569,5.297971812,916.1328551,38.68859871,371.526571,123.5234138
Scincoidea,Scincidae,Saiphos,Saiphos equalis,16.47521861,397.9789762,25.47992312,6.358928416,1039.433861,34.64459384,404.3372793,145.9460073
Scincoidea,Scincidae,Coeranoscincus,Coeranoscincus reticulatus,19.26116169,362.0977987,27.36316946,9.322370946,1228.100258,43.17572954,512.5846333,131.5960993
Scincoidea,Scincidae,Ophioscincus,Ophioscincus truncatus,17.94748467,384.495326,26.64720792,7.536286923,1086.593136,41.42755661,284.0041636,145.2232519
Scincoidea,Scincidae,Coggeria,Coggeria naufragus,21.75054489,293.5778931,27.43689673,14.57223664,1472.693306,38.10430721,603.044629,159.7073171
Scincoidea,Scincidae,Coeranoscincus,Coeranoscincus frontalis,21.83635741,253.4501872,28.75586248,13.6845174,1146.463474,97.54456214,753.2986942,48.90247466
Scincoidea,Scincidae,Ophioscincus,Ophioscincus ophioscincus,20.25117354,365.5071657,28.46827409,10.13337766,1028.028912,46.08195281,392.598277,201.0507774
Scincoidea,Scincidae,Calyptotis,Calyptotis temporalis,22.60016577,345.9678237,29.90896135,13.34966104,924.6743035,62.69996041,484.133109,75.0095502
Scincoidea,Scincidae,Calyptotis,Calyptotis scutirostrum,20.54139518,375.6233604,29.00757255,10.1643536,917.894545,52.16797052,431.6179079,92.81760752
Scincoidea,Scincidae,Calyptotis,Calyptotis lepidorostrum,21.5754534,351.710629,29.22847523,12.01410451,1008.02115,55.84524287,492.4579879,92.47256124
Scincoidea,Scincidae,Calyptotis,Calyptotis ruficauda,17.83279902,353.3934184,25.28279031,9.224218137,1363.792708,40.02034149,554.0495252,163.1052792
Scincoidea,Scincidae,Concinnia,Concinnia frerei,22.40674586,290.9265934,29.66592501,13.86830068,1715.962149,88.46432054,1085.711905,90.86330999
Scincoidea,Scincidae,Anomalopus,Anomalopus verreauxii,19.76467806,388.9282346,28.47981749,9.208272483,926.2242411,48.18531069,417.0766073,102.0643842
Scincoidea,Scincidae,Anomalopus,Anomalopus leuckartii,18.69611316,486.5908478,29.47715719,6.174656735,674.7418921,36.13459213,270.2231911,102.0259305
Scincoidea,Scincidae,Anomalopus,Anomalopus mackayi,18.9180757,526.6554423,30.38917853,5.738973763,605.769602,31.73106112,234.6601195,100.6452804
Scincoidea,Scincidae,Anomalopus,Anomalopus swansoni,17.07101114,407.7824069,26.25053683,7.36898274,940.4506659,28.01810954,338.0922805,154.5521881
Scincoidea,Scincidae,Glaphyromorphus,Glaphyromorphus pumilus,25.23329571,170.8700317,31.12064646,18.99735354,1337.229263,109.1278545,635.6319968,39.1191518
Scincoidea,Scincidae,Glaphyromorphus,Glaphyromorphus cracens,23.29594564,267.2376672,30.96692554,14.10241793,1054.74008,106.03777,1657.011844,181.94352
Scincoidea,Scincidae,Glaphyromorphus,Glaphyromorphus mjobergi,22.72141873,239.7932872,29.41185948,14.92801874,1176.142023,101.4093563,459.6539465,25.74658232
Scincoidea,Scincidae,Glaphyromorphus,Glaphyromorphus nigricaudis,25.30235346,157.844347,30.97674803,19.39064577,1631.250734,90.23092869,682.1612682,2.062172016
Scincoidea,Scincidae,Glaphyromorphus,Glaphyromorphus fuscicaudis,23.37557626,212.0148912,28.826648,17.07979858,1406.9595,101.3729535,684.2391982,1.191799177
Scincoidea,Scincidae,Glaphyromorphus,Glaphyromorphus darwiniensis,27.07118519,226.7270481,34.96813793,17.73780405,1102.912074,109.4217636,906.2872483,257.0534995
Scincoidea,Scincidae,Glaphyromorphus,Glaphyromorphus crassicaudus,25.33472215,171.5552265,31.32461929,18.96299476,1461.885557,103.8984847,1103.63124,217.270045
Scincoidea,Scincidae,Glaphyromorphus,Glaphyromorphus punctulatus,22.61377309,371.2511505,31.29660535,11.92673901,797.8638886,66.17097854,61.27459694,0
Scincoidea,Scincidae,Anomalopus,Anomalopus pluto,26.08929047,108.1404213,29.66177384,22.40574279,1721.778049,99.24545455,1084.33082,30.79534368
Scincoidea,Scincidae,Eulamprus,Eulamprus tympanum,13.34151222,412.1505198,24.50340563,4.561010446,781.2676335,23.42434968,317.8124942,98.65850176
Scincoidea,Scincidae,Eulamprus,Eulamprus heatwolei,14.79327866,480.7023948,26.10591746,3.811620541,775.6543163,21.48917612,1092.910498,503.4512319
Scincoidea,Scincidae,Eulamprus,Eulamprus kosciuskoi,13.03172373,460.5940318,24.1372112,2.533160176,862.5926513,24.21400281,262.4522485,142.0939736
Scincoidea,Scincidae,Eulamprus,Eulamprus leuraensis,16.69742333,402.0129965,25.81079688,7.23251634,1012.842886,29.81460533,300.1479278,149.6568249
Scincoidea,Scincidae,Eulamprus,Eulamprus quoyii,18.68994314,454.3320593,29.17965727,7.378209186,742.8166527,37.42309049,371.8017848,162.6953243
Scincoidea,Scincidae,Hemiergis,Hemiergis gracilipes,15.68896851,337.0630991,25.63491064,7.862929867,696.6126165,57.94648176,123.2992296,7.721720898
Scincoidea,Scincidae,Hemiergis,Hemiergis peronii,17.31483784,412.6031688,28.589664,7.267181818,347.9071155,30.60227328,724.2527627,29.7069672
Scincoidea,Scincidae,Hemiergis,Hemiergis quadrilineata,18.18638648,387.3706701,28.82528182,9.872091847,790.1581452,82.47773713,197.2885514,22.67628358
Scincoidea,Scincidae,Hemiergis,Hemiergis millewae,17.58310477,486.7649851,30.38257312,6.422710792,282.1678974,25.43016229,388.2710869,19.08537015
Scincoidea,Scincidae,Hemiergis,Hemiergis initialis,16.9866899,383.5255734,27.76211281,7.638190931,421.4046369,39.37269352,409.4523616,29.41996137
Scincoidea,Scincidae,Hemiergis,Hemiergis talbingoensis,14.39249716,483.9866145,26.44353943,3.558767281,714.0009566,22.48823261,212.3057086,10.08121556
Scincoidea,Scincidae,Hemiergis,Hemiergis decresiensis,16.90023167,529.8925815,29.6779809,4.98430784,477.4385113,21.71460722,38.33333333,8.583333333
Scincoidea,Scincidae,Anomalopus,Anomalopus brevicollis,22.39071262,391.426821,31.3700753,11.32281015,764.218815,60.65686178,393.3508829,65.27074668
Scincoidea,Scincidae,Anomalopus,Anomalopus gowi,23.41806043,260.0930062,30.72633098,14.88833669,1150.88853,100.6139345,776.9573448,40.83779462
Scincoidea,Scincidae,Eremiascincus,Eremiascincus fasciolatus,23.35109327,543.0704662,35.45054767,9.032538125,378.4188641,62.26243086,909.680528,4.485251416
Scincoidea,Scincidae,Eremiascincus,Eremiascincus pardalis,25.6652604,175.3401768,32.00122681,18.93472893,1341.092632,112.6779494,628.1819933,4.833403626
Scincoidea,Scincidae,Eremiascincus,Eremiascincus isolepis,27.11505281,284.4781496,35.74362637,16.44487465,862.9829299,110.7263971,210.2574208,30.02959698
Scincoidea,Scincidae,Eremiascincus,Eremiascincus douglasi,27.08962578,189.134073,34.62209928,18.68937352,1347.398829,106.9211513,81.8043435,3.415657288
Scincoidea,Scincidae,Eremiascincus,Eremiascincus richardsonii,22.74508466,547.4886026,35.2251079,8.576395898,337.4002325,58.02170155,988.8021929,15.15947421
Scincoidea,Scincidae,Lerista,Lerista picturata,17.81335984,441.7092593,29.48861461,7.231934537,291.9340515,30.44318678,247.332673,17.99672785
Scincoidea,Scincidae,Lerista,Lerista baynesi,17.86052934,340.9439636,27.25549857,8.437942162,265.7379297,21.44976735,501.8761111,28.43814815
Scincoidea,Scincidae,Lerista,Lerista edwardsae,17.65027058,456.1022267,29.67800869,7.052768488,294.1340176,30.32758614,811.4526908,4.313753078
Scincoidea,Scincidae,Lerista,Lerista distinguenda,17.36102518,399.3503022,28.50622154,8.033634768,514.0675475,56.71736003,753.5382194,5.462163882
Scincoidea,Scincidae,Lerista,Lerista elegans,21.47596562,415.0599982,32.30941622,11.54014546,417.5400369,80.13885987,227.0367906,10.21199956
Scincoidea,Scincidae,Lerista,Lerista christinae,18.98385382,516.5210777,32.72416311,7.45039317,409.1594024,69.23088445,101.0183964,40.97196527
Scincoidea,Scincidae,Lerista,Lerista planiventralis,21.92210337,401.2407023,32.22164073,12.25561934,372.2793925,81.48695623,114.9038621,20.78904248
Scincoidea,Scincidae,Lerista,Lerista lineata,16.98337442,405.5971499,28.61254284,8.269689135,859.7343515,79.76219109,124.4832861,8.171697731
Scincoidea,Scincidae,Lerista,Lerista allochira,24.7553403,366.3543464,33.50845687,15.04738881,269.981469,78.29834906,338.9702175,33.97932371
Scincoidea,Scincidae,Lerista,Lerista stictopleura,25.02800929,613.8620358,38.29933426,9.428655203,255.1172838,72.06051163,141.300953,7.092172421
Scincoidea,Scincidae,Lerista,Lerista haroldi,24.25340357,438.7738351,35.70141815,12.58287075,239.611325,75.12976094,125.0766106,27.61082002
Scincoidea,Scincidae,Lerista,Lerista muelleri,22.07896009,584.1464573,35.1123259,7.558653289,288.1024825,47.5758213,1105.100514,7.884519442
Scincoidea,Scincidae,Lerista,Lerista viduata,16.01588866,375.9562868,26.67478496,6.647105441,386.9069295,29.21774427,151.6082339,43.13675418
Scincoidea,Scincidae,Lerista,Lerista bougainvillii,14.4051411,439.5488305,26.12766165,4.910402476,618.6289027,25.32973808,141.1198516,16.85384624
Scincoidea,Scincidae,Lerista,Lerista kennedyensis,24.21395986,553.33689,37.50990788,10.1330738,229.0812041,71.33814015,470.1914249,6.839216762
Scincoidea,Scincidae,Lerista,Lerista onsloviana,25.9449532,458.4345042,36.7482786,13.50374742,289.3798191,84.56852293,117.9106262,9.517107139
Scincoidea,Scincidae,Lerista,Lerista uniduo,24.14811762,477.8620105,36.11154775,11.89822658,238.8261773,74.02205607,62.97841074,37.45119739
Scincoidea,Scincidae,Lerista,Lerista lineopunctulata,21.44756717,420.1699447,32.44812915,11.34833605,420.4202726,79.58931637,152.1832053,16.16890738
Scincoidea,Scincidae,Lerista,Lerista varia,24.01903719,564.3509637,37.37669532,9.995604018,225.7081169,66.96329744,467.0197644,4.581153923
Scincoidea,Scincidae,Lerista,Lerista connivens,23.07675957,460.9870743,34.94875343,11.54781367,252.6240303,74.22220547,87.04843148,46.8358433
Scincoidea,Scincidae,Lerista,Lerista nichollsi,21.52411677,622.5146966,35.67680617,7.253423434,246.2079343,47.39550184,187.2737693,9.106539128
Scincoidea,Scincidae,Lerista,Lerista gascoynensis,23.10248114,518.1385391,36.45145296,10.40164351,223.8358873,69.24485907,102.4103595,46.37725635
Scincoidea,Scincidae,Lerista,Lerista kendricki,21.88236992,354.5195514,30.94867651,13.70581347,289.574833,87.38245238,159.1990195,37.03437868
Scincoidea,Scincidae,Lerista,Lerista yuna,20.42897902,497.2834058,33.54457523,8.36843654,368.1440635,74.90762538,84.92646526,40.23235252
Scincoidea,Scincidae,Lerista,Lerista petersoni,24.92000181,525.1849576,37.5696623,11.13438022,254.893931,77.46060615,507.1927725,40.86819794
Scincoidea,Scincidae,Lerista,Lerista humphriesi,21.78517214,495.8171717,35.00934699,9.555875658,277.9242424,69.4170579,151.5666413,30.96672431
Scincoidea,Scincidae,Lerista,Lerista praepedita,21.65646488,388.3635876,31.65116423,12.42018315,416.193657,82.82671874,283.0438171,60.11995711
Scincoidea,Scincidae,Lerista,Lerista dorsalis,17.60516682,431.6063582,29.19165444,7.169486566,291.398465,25.37125345,207.9783097,102.0572718
Scincoidea,Scincidae,Lerista,Lerista microtis,16.08283746,321.0719273,25.41359387,8.380758242,618.9886014,46.60392782,184.9410564,20.30172497
Scincoidea,Scincidae,Lerista,Lerista arenicola,17.77814365,341.7714102,26.8849069,8.922051802,279.3560068,30.1027244,529.4243252,43.14500161
Scincoidea,Scincidae,Lerista,Lerista punctatovittata,19.54834315,565.2736532,32.43875047,6.14226161,400.3398674,29.12489939,132.3919036,32.88213841
Scincoidea,Scincidae,Lerista,Lerista emmotti,22.88049998,617.5744222,36.06670244,7.652353169,262.310128,48.48152463,225.4114806,29.17325695
Scincoidea,Scincidae,Lerista,Lerista speciosa,20.15626492,625.347494,33.66075179,4.568794749,305.5581146,48.34677804,689.2857412,4.624264149
Scincoidea,Scincidae,Lerista,Lerista elongata,20.61253317,594.9992037,34.2596261,6.447135613,194.1710675,28.22172946,367.5335481,31.56393733
Scincoidea,Scincidae,Lerista,Lerista tridactyla,17.82603679,429.2712183,29.83931044,6.949744737,263.9975173,21.80586055,151.3684393,63.9970291
Scincoidea,Scincidae,Lerista,Lerista terdigitata,18.7832777,496.2805854,31.20707912,6.682592679,242.040111,24.81989767,250.7874217,15.57771194
Scincoidea,Scincidae,Lerista,Lerista chalybura,24.90091701,557.8617095,37.66303344,9.953673559,340.0029559,84.28606192,621.6453835,24.25507215
Scincoidea,Scincidae,Lerista,Lerista flammicauda,25.22136576,535.1599332,37.81542861,10.86141111,334.1763066,86.70589016,140.9791877,11.1427548
Scincoidea,Scincidae,Lerista,Lerista walkeri,26.79886059,220.3847213,34.50446668,17.01692823,1055.152638,115.0485365,151.390436,10.1650755
Scincoidea,Scincidae,Lerista,Lerista borealis,26.82891108,233.8116489,34.81542805,16.72042473,996.5988557,114.3508079,397.7084591,75.5621082
Scincoidea,Scincidae,Lerista,Lerista fragilis,20.97788695,454.6100554,31.2032409,8.574183749,663.4531312,48.70759142,104.4318725,30.95565737
Scincoidea,Scincidae,Lerista,Lerista chordae,23.24006192,418.0206975,33.6677881,10.68601213,593.2722075,81.67576447,626.2790503,3.783763545
Scincoidea,Scincidae,Lerista,Lerista frosti,22.89362571,599.6904082,35.5983512,7.003938961,314.4997184,60.6654626,255.3308878,45.12521862
Scincoidea,Scincidae,Lerista,Lerista desertorum,21.24659796,590.0140559,34.51056268,6.547358343,250.2512087,39.06168844,246.947008,15.68440676
Scincoidea,Scincidae,Lerista,Lerista puncticauda,19.14096517,469.4579554,31.49335087,6.860050798,198.3018868,19.34787736,183.5051114,11.549123
Scincoidea,Scincidae,Lerista,Lerista neander,25.90647799,586.7653718,38.83150759,10.3451415,280.0889917,80.46637254,677.0019183,8.943924107
Scincoidea,Scincidae,Lerista,Lerista macropisthopus,22.18528585,590.333672,35.73356319,8.104670782,250.1300609,53.67978696,1043.360644,46.87347372
Scincoidea,Scincidae,Lerista,Lerista eupoda,19.68702408,559.7928316,33.6104545,7.09065202,315.3335616,53.57178913,453.3263761,32.11700161
Scincoidea,Scincidae,Lerista,Lerista gerrardii,18.93724961,514.288138,32.14180458,7.160700397,341.0789149,47.77897626,107.9713605,42.72013485
Scincoidea,Scincidae,Lerista,Lerista axillaris,21.07439844,425.7358457,32.48669498,10.6017339,339.2185067,82.26150035,226.9620247,71.74990691
Scincoidea,Scincidae,Lerista,Lerista orientalis,26.90826986,268.4004621,35.26931815,16.58195055,973.6885455,110.001372,101.5118998,26.88845435
Scincoidea,Scincidae,Lerista,Lerista ingrami,24.4872235,193.0130773,29.4017519,18.96404176,1554.136436,100.1305964,222.3743272,7.001194987
Scincoidea,Scincidae,Lerista,Lerista zonulata,23.61687861,299.6971062,32.19937316,13.25148622,808.8513447,107.0914309,86.62200154,46.53168054
Scincoidea,Scincidae,Lerista,Lerista xanthura,22.47380805,623.6046586,35.91060226,7.184956439,228.3915229,43.93231734,183.9821521,23.79814334
Scincoidea,Scincidae,Lerista,Lerista aericeps,24.24935889,609.3580103,37.19933599,8.514849142,246.3929761,65.20273648,1190.49787,50.30072686
Scincoidea,Scincidae,Lerista,Lerista taeniata,23.14921438,565.8797376,35.6601982,8.27528293,318.0704142,59.13273038,221.6977709,14.58882839
Scincoidea,Scincidae,Lerista,Lerista apoda,27.54476258,269.0901418,35.51544798,16.57251784,748.0491146,123.6522333,722.2823975,0.20815773
Scincoidea,Scincidae,Lerista,Lerista griffini,27.85166721,256.75754,35.69067319,17.06786297,831.736074,117.571789,71.60777171,32.55589887
Scincoidea,Scincidae,Lerista,Lerista ips,25.52042575,588.772701,37.87426924,9.659339004,319.4206424,68.76168038,298.0856423,76.03387692
Scincoidea,Scincidae,Lerista,Lerista bipes,24.84651693,523.5453209,36.66389438,10.24824206,379.5682227,77.3922213,369.8597406,11.97913929
Scincoidea,Scincidae,Lerista,Lerista labialis,22.17768937,602.1833756,35.51729141,7.302966594,225.9743486,42.43399507,651.3497553,3.663251767
Scincoidea,Scincidae,Lerista,Lerista greeri,27.42832598,371.7367285,37.35171342,14.4247252,598.5252755,112.6074029,247.2719081,17.43490434
Scincoidea,Scincidae,Lerista,Lerista vermicularis,26.82533117,484.2223166,38.15054571,12.35636697,387.9452126,98.15355872,541.7331913,6.623470178
Scincoidea,Scincidae,Lerista,Lerista simillima,28.13201007,329.4900387,37.97007359,15.68057707,654.9970953,120.4536406,166.9424401,4.175376805
Scincoidea,Scincidae,Lerista,Lerista robusta,28.63892993,377.2423837,38.86540228,15.4775005,572.2433619,119.0582951,103.6302127,23.13804641
Scincoidea,Scincidae,Lerista,Lerista kalumburu,26.93228173,167.6846515,32.21244314,19.36052825,1451.468819,116.45708,160.5727637,24.95381807
Scincoidea,Scincidae,Lerista,Lerista carpentariae,26.69465353,217.013331,30.54168132,21.68160394,1150.655997,105.7780514,139.3898248,4.908861186
Scincoidea,Scincidae,Lerista,Lerista stylis,26.63887279,231.9980687,34.29004847,17.82555826,1043.879398,109.5130932,106.7428331,43.00046404
Scincoidea,Scincidae,Lerista,Lerista karlschmidti,25.91644776,271.3864596,34.07017322,16.01406195,926.6587096,111.5765927,122.65526,11.58741564
Scincoidea,Scincidae,Lerista,Lerista cinerea,22.76612499,353.5068907,32.06957183,11.71086231,709.6601765,87.56207884,207.2710545,15.70824487
Scincoidea,Scincidae,Lerista,Lerista wilkinsi,23.3183916,402.7477547,33.42973387,10.96524488,594.6928299,88.36807926,720.6515678,3.786871149
Scincoidea,Scincidae,Lerista,Lerista ameles,22.18184333,290.5423348,30.54192796,12.16944233,877.9433655,102.8195183,349.4746782,24.02016041
Scincoidea,Scincidae,Ctenotus,Ctenotus delli,17.31811396,448.3273075,29.93859457,7.606189696,755.80284,82.07755325,454.2350264,33.09011469
Scincoidea,Scincidae,Ctenotus,Ctenotus catenifer,16.36724262,385.8683203,27.3987375,7.207748658,475.4977994,46.4414954,207.4476928,52.48550838
Scincoidea,Scincidae,Ctenotus,Ctenotus rubicundus,25.09637486,550.9144637,37.84631321,10.44808501,327.0693184,84.60761337,216.7919478,7.916235449
Scincoidea,Scincidae,Ctenotus,Ctenotus brooksi,21.9992945,595.9046861,35.2237198,7.182219929,248.3051521,42.064636,110.0534909,29.86470128
Scincoidea,Scincidae,Ctenotus,Ctenotus angusticeps,27.41570813,301.7913436,35.73345157,16.09850519,635.3358669,124.4785069,543.1234693,5.300143569
Scincoidea,Scincidae,Ctenotus,Ctenotus grandis,24.67695647,560.4226883,36.98444102,9.652142047,315.7815408,71.97378426,191.1595994,16.23693956
Scincoidea,Scincidae,Ctenotus,Ctenotus serventyi,27.10327788,411.5480187,37.43112676,14.12305098,433.6640522,105.9954403,334.7654273,6.024428421
Scincoidea,Scincidae,Ctenotus,Ctenotus hanloni,23.97785112,598.025474,36.81819584,8.379442002,286.0525856,60.48299606,151.6929918,20.80487105
Scincoidea,Scincidae,Ctenotus,Ctenotus zastictus,22.2518014,396.1613049,32.53713558,12.92497136,258.50993,80.07574793,158.5113304,9.991215786
Scincoidea,Scincidae,Ctenotus,Ctenotus piankai,24.85364795,522.1917766,36.62713411,10.1727451,376.0480157,78.00418906,244.3417277,16.31420053
Scincoidea,Scincidae,Ctenotus,Ctenotus regius,21.46258547,610.7790696,35.01565755,6.860102243,232.0259941,36.24751847,94.61055037,32.69807393
Scincoidea,Scincidae,Ctenotus,Ctenotus essingtonii,26.06201627,238.5101956,33.59380459,17.15406884,1114.662306,110.9813138,799.4815454,13.94102334
Scincoidea,Scincidae,Ctenotus,Ctenotus schevilli,24.60676698,492.7403133,35.89590012,10.59574003,430.755568,82.5380895,272.8876654,22.60771678
Scincoidea,Scincidae,Ctenotus,Ctenotus mimetes,21.44368095,581.1380909,35.13917148,7.758217851,277.7763312,55.07390547,131.732023,23.37795103
Scincoidea,Scincidae,Ctenotus,Ctenotus septenarius,22.47466977,646.8223789,36.06258065,6.560776961,212.8492609,41.35433627,91.07954562,26.47740479
Scincoidea,Scincidae,Ctenotus,Ctenotus alacer,24.56820817,550.8131648,36.60204909,9.345312417,356.1589799,77.53097254,226.7980363,17.15134335
Scincoidea,Scincidae,Ctenotus,Ctenotus astarte,24.46510562,607.978367,37.40114176,8.765999365,239.7168619,65.53280511,134.2824783,18.82209488
Scincoidea,Scincidae,Ctenotus,Ctenotus hilli,26.98202057,201.9394903,34.26271115,18.95926296,1193.90492,106.4583814,792.2079048,4.369746489
Scincoidea,Scincidae,Ctenotus,Ctenotus militaris,27.1751869,262.5749,35.50895269,16.35408648,901.4123976,113.9695303,684.7538814,5.416736171
Scincoidea,Scincidae,Ctenotus,Ctenotus gagudju,27.05531072,180.4639173,35.26988628,18.62883971,1476.517954,107.6082669,1004.088661,3.798329637
Scincoidea,Scincidae,Ctenotus,Ctenotus kurnbudj,27.50082816,186.0605988,36.00402134,18.81960503,1534.991639,106.0603599,1020.434305,3.367813346
Scincoidea,Scincidae,Ctenotus,Ctenotus pulchellus,25.08063051,515.2536243,36.61188098,10.47350613,387.210646,86.48997735,255.6798762,16.82357452
Scincoidea,Scincidae,Ctenotus,Ctenotus rutilans,24.86798492,553.8041487,37.63552504,10.05890217,342.0013574,84.97073011,229.7560964,9.328610559
Scincoidea,Scincidae,Ctenotus,Ctenotus uber,21.05264814,573.2052591,34.28913589,7.154185955,250.487783,39.66516173,103.859784,31.69496187
Scincoidea,Scincidae,Ctenotus,Ctenotus atlas,19.75426977,541.8046207,32.90028601,6.672668233,242.6187625,28.69030341,86.87882431,37.90310331
Scincoidea,Scincidae,Ctenotus,Ctenotus maryani,24.43942223,454.4198564,35.90390232,12.44147953,243.3248584,76.89616152,130.3637858,7.412018195
Scincoidea,Scincidae,Ctenotus,Ctenotus dux,23.05421255,615.4561781,36.1676617,7.29741315,262.7040042,48.90351593,122.0725234,25.73101105
Scincoidea,Scincidae,Ctenotus,Ctenotus ariadnae,23.75462582,622.6714294,36.83877624,7.772466265,266.2237918,55.84172977,133.4900341,21.68810328
Scincoidea,Scincidae,Ctenotus,Ctenotus hebetior,24.93398969,463.4507132,35.75688288,11.19453247,471.1576271,91.55631033,316.2758621,19.23254633
Scincoidea,Scincidae,Ctenotus,Ctenotus leonhardii,23.15257687,583.9878734,35.93166367,8.189658216,300.4344701,56.21733239,155.2397119,26.848155
Scincoidea,Scincidae,Ctenotus,Ctenotus quattuordecimlineatus,24.59029098,595.3192169,37.28069763,8.867567983,287.368713,66.6860822,161.9272395,18.0385908
Scincoidea,Scincidae,Ctenotus,Ctenotus iapetus,24.86699023,440.1335155,35.80670774,13.08549175,257.3823917,79.90475083,139.078102,5.815333643
Scincoidea,Scincidae,Ctenotus,Ctenotus tanamiensis,25.16113328,547.5244981,36.8125053,9.781788239,385.1493218,80.65511428,248.9221818,18.00315017
Scincoidea,Scincidae,Ctenotus,Ctenotus greeri,23.05762038,584.3384333,35.66900386,7.712521833,298.8907569,55.35262095,154.6706994,25.14180408
Scincoidea,Scincidae,Ctenotus,Ctenotus agrestis,23.83950029,492.1069617,35.21110051,10.01420942,460.2437536,64.45470151,243.2763685,38.5809651
Scincoidea,Scincidae,Ctenotus,Ctenotus joanae,25.39444561,458.6303281,36.22130442,11.55680101,483.2450007,93.22190508,335.1478333,14.95140459
Scincoidea,Scincidae,Ctenotus,Ctenotus taeniolatus,19.71169451,425.4954149,29.60357773,8.45756099,807.8703116,49.46228349,377.1054472,91.57606395
Scincoidea,Scincidae,Ctenotus,Ctenotus eurydice,16.85497775,396.2605711,25.97820839,5.999144544,1015.970405,41.58145012,420.5606525,124.0027014
Scincoidea,Scincidae,Ctenotus,Ctenotus ingrami,21.84434966,506.3281652,33.23984747,8.289211114,540.9066034,55.53348159,273.3441044,55.67176278
Scincoidea,Scincidae,Ctenotus,Ctenotus terrareginae,23.01403883,308.6852331,30.72654802,13.72214296,1271.596191,92.77540815,855.206501,57.33732902
Scincoidea,Scincidae,Ctenotus,Ctenotus arcanus,20.16991964,368.2080979,28.5831497,9.826623726,1061.205948,44.84009196,452.9446815,114.4253583
Scincoidea,Scincidae,Ctenotus,Ctenotus alleni,21.9056852,515.8343311,35.18208548,9.497644426,267.0509275,66.69783717,143.1817194,17.02098155
Scincoidea,Scincidae,Ctenotus,Ctenotus australis,20.00361366,419.9253798,31.17540818,10.40226182,507.8352234,80.67692728,304.4007006,23.40208929
Scincoidea,Scincidae,Ctenotus,Ctenotus leae,21.13097373,597.5024499,34.65860971,6.625097244,201.9471561,32.17124043,77.56433928,31.07320434
Scincoidea,Scincidae,Ctenotus,Ctenotus olympicus,20.26086144,598.7557807,34.06195791,6.315116806,201.9240961,27.16708346,72.94510335,35.01496702
Scincoidea,Scincidae,Ctenotus,Ctenotus orientalis,16.9453313,479.9647851,29.49839644,5.804156279,358.0899467,21.85244834,117.6578999,62.77650519
Scincoidea,Scincidae,Ctenotus,Ctenotus quinkan,25.32769165,192.801009,31.35745545,18.73667994,1201.243244,108.9229134,869.3346349,19.54196467
Scincoidea,Scincidae,Ctenotus,Ctenotus rawlinsoni,25.01221701,185.0800122,29.57634102,19.90795431,1599.624108,99.20905568,1065.691006,47.4901081
Scincoidea,Scincidae,Ctenotus,Ctenotus coggeri,27.515232,172.6326648,35.58254553,19.25930182,1545.346162,107.1280356,1042.046509,3.686903729
Scincoidea,Scincidae,Ctenotus,Ctenotus burbidgei,27.11453843,228.1818235,34.88291729,17.18195682,986.6776043,114.4501191,742.091637,4.970921173
Scincoidea,Scincidae,Ctenotus,Ctenotus lateralis,24.96150193,463.8640925,35.78893632,11.22604976,475.4687389,94.38687983,334.7217389,16.57921944
Scincoidea,Scincidae,Ctenotus,Ctenotus eutaenius,22.97277067,334.5263608,31.62676192,12.65043758,937.3750249,88.56772525,608.6858384,42.95100444
Scincoidea,Scincidae,Ctenotus,Ctenotus inornatus,26.8785143,317.9754826,35.8626951,15.28689704,789.0895049,111.29527,582.9151755,5.909311844
Scincoidea,Scincidae,Ctenotus,Ctenotus nullum,23.90405418,196.7317335,29.09640942,18.05359513,1464.859286,101.323516,991.4138715,43.59985456
Scincoidea,Scincidae,Ctenotus,Ctenotus rimacolus,27.78201832,295.1227018,36.46366584,16.06565072,778.9641559,112.3754835,587.3300858,4.763399738
Scincoidea,Scincidae,Ctenotus,Ctenotus spaldingi,26.02158977,285.1508384,34.34924993,15.7417399,944.6443907,108.6234856,677.5414416,13.00280556
Scincoidea,Scincidae,Ctenotus,Ctenotus robustus,21.44793594,400.4714429,31.71156761,10.3355306,729.8428847,64.56730529,413.3563248,56.21185587
Scincoidea,Scincidae,Ctenotus,Ctenotus decaneurus,27.30961378,236.6574107,35.23036059,17.0997133,1018.491516,112.9301956,758.340209,4.549304214
Scincoidea,Scincidae,Ctenotus,Ctenotus vertebralis,26.94116201,223.7038291,35.90050584,17.37049481,1289.552491,107.727188,882.5706898,4.396840648
Scincoidea,Scincidae,Ctenotus,Ctenotus stuarti,27.79653996,163.5293129,35.23734162,19.80186404,1576.592836,103.8458821,992.2358674,2.929824561
Scincoidea,Scincidae,Ctenotus,Ctenotus arnhemensis,26.4431168,191.6613175,35.02444038,17.69073498,1411.076304,108.4821592,971.2689844,3.590301921
Scincoidea,Scincidae,Ctenotus,Ctenotus zebrilla,25.19560003,278.8734083,33.7494285,14.79730047,845.7168969,116.8988008,670.3667687,10.60712927
Scincoidea,Scincidae,Ctenotus,Ctenotus allotropis,19.57931782,580.8602856,32.25400568,5.792594829,475.2983227,26.33662127,173.7546474,82.72851655
Scincoidea,Scincidae,Ctenotus,Ctenotus schomburgkii,21.94796423,576.1831241,34.99696795,7.610404168,257.7204914,46.98338139,120.4320133,27.49611807
Scincoidea,Scincidae,Ctenotus,Ctenotus rosarium,23.16722701,439.116467,33.8564219,10.26579992,572.4990164,75.84334204,338.7508852,36.18680926
Scincoidea,Scincidae,Ctenotus,Ctenotus calurus,23.85927059,580.8136571,36.52579309,8.505839225,297.4130906,61.74066925,163.3605623,21.57672064
Scincoidea,Scincidae,Ctenotus,Ctenotus tantillus,27.351218,229.8483934,35.07461,17.42018463,974.6354398,112.9088255,725.1064182,4.643153575
Scincoidea,Scincidae,Ctenotus,Ctenotus mesotes,27.36010082,178.3488381,32.92976761,19.70406984,1133.300135,115.0386081,858.9505717,4.917988442
Scincoidea,Scincidae,Ctenotus,Ctenotus ehmanni,25.99641983,222.423084,34.58097196,15.78204832,1146.199473,110.3495173,822.9852635,4.155125422
Scincoidea,Scincidae,Ctenotus,Ctenotus striaticeps,25.88277944,430.0442785,36.10494522,12.26933309,509.2741906,104.8704327,371.7274007,9.940122815
Scincoidea,Scincidae,Ctenotus,Ctenotus nigrilineatus,25.80633998,535.6010244,38.27181617,11.05166113,311.5664452,84.77685493,200.4437984,8.72978959
Scincoidea,Scincidae,Ctenotus,Ctenotus nasutus,23.2636088,625.4706827,36.54898989,7.352007836,248.02376,50.11019199,116.5481719,21.47388288
Scincoidea,Scincidae,Ctenotus,Ctenotus colletti,24.16599231,586.9944227,36.7829083,8.714550418,293.8254366,61.75283145,161.3619531,19.91267462
Scincoidea,Scincidae,Ctenotus,Ctenotus rufescens,25.70588088,492.7143588,37.71768011,12.24820827,273.4214009,83.9744038,163.1238607,4.996254214
Scincoidea,Scincidae,Ctenotus,Ctenotus storri,27.72019832,169.5843249,35.41722018,19.50496129,1542.403287,104.5712442,1004.814113,3.930351807
Scincoidea,Scincidae,Ctenotus,Ctenotus impar,17.88067483,461.8822952,30.25541117,6.995349556,366.1921651,41.35730907,163.0043971,43.49651501
Scincoidea,Scincidae,Ctenotus,Ctenotus xenopleura,18.65701521,553.466057,32.49800372,6.275607357,305.0304673,41.67632719,128.8528322,39.8866057
Scincoidea,Scincidae,Ctenotus,Ctenotus strauchii,22.24176693,568.6514134,34.67348116,7.877487544,371.4296233,48.57388872,175.8419783,41.67938251
Scincoidea,Scincidae,Ctenotus,Ctenotus youngsoni,22.06446719,368.8148214,31.56478924,13.49524082,273.7849424,84.51985973,173.6390897,9.080011451
Scincoidea,Scincidae,Ctenotus,Ctenotus pantherinus,23.75996617,532.5695575,35.90224467,9.465496659,365.243232,66.88127139,219.3370066,21.76424835
Scincoidea,Scincidae,Ctenotus,Ctenotus labillardieri,16.27258004,345.9490405,26.25368197,8.226761731,644.6090434,55.6595782,317.9468577,53.680529
Scincoidea,Scincidae,Ctenotus,Ctenotus lancelini,19.1660221,380.0005525,29.1893186,11.10257827,676.4751381,84.23572744,416.1362799,30.15837937
Scincoidea,Scincidae,Ctenotus,Ctenotus gemmula,16.73763279,382.4678557,27.60102476,7.641680493,493.4766341,45.12934194,227.479475,51.86759036
Scincoidea,Scincidae,Otosaurus,Otosaurus cumingi,25.42351457,82.97269366,28.95573853,22.03176138,2442.681973,51.50937978,1133.32858,542.6859282
Scincoidea,Scincidae,Pinoyscincus,Pinoyscincus coxi,25.41327436,83.01301407,28.95852467,22.00956454,2441.427495,51.57138765,342.0673433,36.49422137
Scincoidea,Scincidae,Pinoyscincus,Pinoyscincus llanosi,26.18423232,67.54377228,28.84733755,23.74180564,3075.952271,34.65796435,359.7808548,38.0345399
Scincoidea,Scincidae,Pinoyscincus,Pinoyscincus abdictus,25.44313169,83.23224518,28.99128809,22.03320446,2456.16512,50.70544745,309.7184805,48.86413423
Scincoidea,Scincidae,Pinoyscincus,Pinoyscincus jagori,25.56080101,80.40713404,28.99137717,22.29805385,2422.884468,51.54294655,67.01925546,26.95892169
Scincoidea,Scincidae,Pinoyscincus,Pinoyscincus mindanensis,25.99370275,60.91654956,28.57999348,23.5287023,2958.69922,36.58546058,164.1913868,28.84846434
Scincoidea,Scincidae,Parvoscincus,Parvoscincus arvindiesmosi,26.36008734,92.30174672,29.36262009,23.53082969,3409.197962,54.09461426,946.3963964,8.596596597
Scincoidea,Scincidae,Parvoscincus,Parvoscincus agtorum,22.51904762,106.2809524,25.63333333,19.06666667,3461.333333,38.47619048,1221.517288,26.77590629
Scincoidea,Scincidae,Parvoscincus,Parvoscincus jimmymcguirei,24.87944535,155.4595114,29.28510008,20.18585177,2291.130919,57.74081034,1453.444444,277.7222222
Scincoidea,Scincidae,Parvoscincus,Parvoscincus decipiens,25.2754386,85.33680019,28.96716932,21.71836315,2412.312765,52.55201324,1922.474741,440.5769933
Scincoidea,Scincidae,Parvoscincus,Parvoscincus abstrusus,26.33171029,94.50462568,28.99452222,23.73262325,3960.018259,52.50395618,1047.661572,191.7742358
Scincoidea,Scincidae,Parvoscincus,Parvoscincus duwendorum,22.10909091,158.2181818,25.64545455,18.11818182,3470.727273,45.27272727,1447.142857,463.1428571
Scincoidea,Scincidae,Parvoscincus,Parvoscincus tikbalangi,25.59583333,153.4291667,29.73333333,21.29166667,2098.916667,58.16666667,1214.995448,235.4407623
Scincoidea,Scincidae,Parvoscincus,Parvoscincus manananggalae,23.44615385,108.2769231,26.58461538,19.94615385,3291.769231,39.61538462,1301.539896,83.46791679
Scincoidea,Scincidae,Parvoscincus,Parvoscincus leucospilos,24.59318313,134.8967054,28.47975001,20.53728637,2556.401335,55.24223602,1439.363636,279.0909091
Scincoidea,Scincidae,Parvoscincus,Parvoscincus sisoni,21.52477612,60.24328358,24.95298507,18.79134328,3732.291045,63.19253731,1037.281395,344.944186
Scincoidea,Scincidae,Parvoscincus,Parvoscincus tagapayo,23.45854015,116.6756788,27.05529927,19.42218978,2848.677956,41.13430657,1225.356061,122.0151515
Scincoidea,Scincidae,Parvoscincus,Parvoscincus kitangladensis,17.53697674,44.74,21.82976744,14.07232558,2707.076744,41.15813953,1474.658974,152.4153846
Scincoidea,Scincidae,Parvoscincus,Parvoscincus lawtoni,21.35,154.6401515,26.34090909,15.94166667,2670.159091,60.9469697,1129.126896,230.0583209
Scincoidea,Scincidae,Parvoscincus,Parvoscincus luzonensis,19.04009422,131.4438629,23.67343627,13.86500916,2513.406438,80.47919393,981.6405666,138.8001731
Scincoidea,Scincidae,Parvoscincus,Parvoscincus aurorus,22.208,104.336,25.468,18.588,3184.64,41.16,1254.387227,8.067705088
Scincoidea,Scincidae,Parvoscincus,Parvoscincus palaliensis,20.728,122.56,25.128,15.808,2620.68,61.84,1096.987529,165.659947
Scincoidea,Scincidae,Parvoscincus,Parvoscincus banahaoensis,19.77777778,80.67777778,23.38888889,16.56111111,3364.611111,50.27777778,137.1096607,48.68400477
Scincoidea,Scincidae,Parvoscincus,Parvoscincus igorotorum,21.23814826,149.4699971,26.00372107,16.02399648,2450.617443,71.3448579,1336.04,378.28
Scincoidea,Scincidae,Parvoscincus,Parvoscincus laterimaculatus,26.11001798,82.37433856,28.73716928,23.62378628,2990.633958,45.5684562,2151.495828,15.70589237
Scincoidea,Scincidae,Parvoscincus,Parvoscincus boyingi,26.25604564,89.63989271,30.82694142,21.74959128,2944.485099,104.1530143,201.7393139,36.27535025
Scincoidea,Scincidae,Parvoscincus,Parvoscincus beyeri,22.55692308,99.70653846,26.67294872,18.54487179,2867.226923,65.75512821,371.1161388,0.227249874
Scincoidea,Scincidae,Parvoscincus,Parvoscincus hadros,24.95002733,141.7976997,29.45262822,20.01917646,2205.465018,56.71832012,1640.876274,333.2713246
Scincoidea,Scincidae,Parvoscincus,Parvoscincus steerei,25.53421232,80.52739297,28.98527477,22.25341915,2415.744955,51.58172621,1343.357308,379.7341382
Scincoidea,Scincidae,Sphenomorphus,Sphenomorphus acutus,25.46551438,49.20908194,28.59995924,22.748273,2390.366767,33.59767016,915.3460719,339.9942433
Scincoidea,Scincidae,Sphenomorphus,Sphenomorphus diwata,21.79642857,59.34285714,25.02857143,18.88214286,4607.464286,54.21428571,2303.321429,538.6785714
Scincoidea,Scincidae,Sphenomorphus,Sphenomorphus simus,24.66127921,41.88017853,27.760293,21.73389446,3309.280103,27.88677311,1145.155603,554.0877228
Scincoidea,Scincidae,Sphenomorphus,Sphenomorphus sarasinorum,21.75,27.76818182,24.77727273,19.06818182,1625.227273,38.54545455,693.3181818,232.9090909
Scincoidea,Scincidae,Sphenomorphus,Sphenomorphus cyanolaemus,24.38578646,38.85515948,28.17459456,20.9165383,3172.595405,20.86285546,1053.450933,569.579356
Scincoidea,Scincidae,Sphenomorphus,Sphenomorphus sabanus,24.70342208,41.13886467,28.36669992,21.1991808,2560.421467,18.7030755,841.9043743,474.6271421
Scincoidea,Scincidae,Sphenomorphus,Sphenomorphus multisquamatus,25.03423557,42.14088519,28.81215348,21.61509935,3048.257216,20.16876859,1021.245152,562.3236645
Scincoidea,Scincidae,Sphenomorphus,Sphenomorphus variegatus,23.71271149,40.21681524,27.20704943,20.83100138,2418.380695,34.8560861,936.1149205,318.3844084
Scincoidea,Scincidae,Sphenomorphus,Sphenomorphus incognitus,18.73739055,564.2348568,28.88012589,5.262192079,1491.548823,68.26084104,782.9110682,95.7976825
Scincoidea,Scincidae,Sphenomorphus,Sphenomorphus maculatus,21.21783946,315.650499,28.79948481,10.60124742,1869.526367,87.51275447,1134.678451,35.15701177
Scincoidea,Scincidae,Sphenomorphus,Sphenomorphus indicus,17.74810379,529.5163658,28.21097332,4.695992577,1503.029091,77.41067398,847.7862169,63.94713636
Scincoidea,Scincidae,Tropidophorus,Tropidophorus sinicus,21.4933053,550.8273964,30.66406588,8.290075386,1674.392604,67.66497338,858.482979,103.9562195
Scincoidea,Scincidae,Tropidophorus,Tropidophorus boehmei,18.75,400.6916667,25.875,8.670833333,1772.291667,70.20833333,932.4583333,95.91666667
Scincoidea,Scincidae,Tropidophorus,Tropidophorus noggei,25.01538462,337.8769231,31.11538462,17.65384615,2634.538462,93.30769231,1992.769231,162.2307692
Scincoidea,Scincidae,Tropidophorus,Tropidophorus latiscutatus,25.8733945,244.2711792,32.21566346,16.12479302,2867.767062,104.2051913,1874.004252,17.15685836
Scincoidea,Scincidae,Tropidophorus,Tropidophorus matsuii,26.30691776,206.3101845,32.85534204,17.42069562,1492.533051,91.61702537,883.0151806,10.09089162
Scincoidea,Scincidae,Tropidophorus,Tropidophorus berdmorei,23.18530744,302.7010378,31.94928452,12.31945306,1544.261518,85.84795802,917.9686389,31.05964166
Scincoidea,Scincidae,Tropidophorus,Tropidophorus murphyi,20.31666667,472.2666667,28.275,9.025,1361.166667,72.75,743.6666667,78.16666667
Scincoidea,Scincidae,Tropidophorus,Tropidophorus hainanus,20.82170276,552.2687326,30.24221718,8.141149974,1590.887628,70.76086884,846.5985957,96.12626817
Scincoidea,Scincidae,Tropidophorus,Tropidophorus baviensis,22.32631715,345.0140479,29.06035434,13.42450678,1923.331791,79.66195662,1150.942796,87.51705823
Scincoidea,Scincidae,Tropidophorus,Tropidophorus thai,23.51975088,252.9709814,32.89016006,13.39939549,1267.847173,84.83738491,725.0711643,22.66452973
Scincoidea,Scincidae,Tropidophorus,Tropidophorus robinsoni,26.58467803,69.12203279,30.43532957,22.6748887,3177.799381,75.32908025,1764.306602,102.8498751
Scincoidea,Scincidae,Sphenomorphus,Sphenomorphus praesignis,24.89331082,68.51274555,29.1137006,20.53593835,2471.593602,36.84575666,1003.954694,336.6486528
Scincoidea,Scincidae,Sphenomorphus,Sphenomorphus stellatus,26.36014259,148.2604228,31.67000674,19.14945199,1866.065193,70.88940517,925.2390664,96.6083425
Scincoidea,Scincidae,Janetaescincus,Janetaescincus veseyfitzgeraldi,26.01860465,67.68139535,27.8627907,24.45348837,2593.209302,41.95348837,981.1920971,245.1657132
Scincoidea,Scincidae,Janetaescincus,Janetaescincus braueri,25.65,68.11153846,27.5,24.07692308,2656.576923,41.69230769,422.6384544,31.15723753
Scincoidea,Scincidae,Pamelaescincus,Pamelaescincus gardineri,25.51538462,67.77538462,27.35384615,23.94,2650.938462,42.16923077,253.2351499,2.503106314
Scincoidea,Scincidae,Chalcides,Chalcides colosii,16.03035614,451.5362204,27.62948909,6.730887563,676.8862577,69.60754242,346.9462521,9.394928212
Scincoidea,Scincidae,Chalcides,Chalcides bedriagai,14.47094609,596.4185883,29.7040952,2.64136446,617.8311701,44.46422801,246.7017931,39.67601682
Scincoidea,Scincidae,Chalcides,Chalcides lanzai,13.91403528,613.953732,30.84473543,0.190175307,611.6132502,54.7912992,251.3353947,21.44885997
Scincoidea,Scincidae,Chalcides,Chalcides parallelus,18.98995098,482.5511275,30.2420098,10.0522549,383.5073529,61.65245098,164.3117647,7.407352941
Scincoidea,Scincidae,Chalcides,Chalcides sepsoides,21.84976591,618.3407827,36.42773695,7.021417709,40.94221164,149.1678906,29.74253692,0.005525296
Scincoidea,Scincidae,Chalcides,Chalcides ocellatus,22.74024661,603.4081957,37.52660543,7.918899615,192.6582545,112.8252846,119.9644159,5.243630132
Scincoidea,Scincidae,Chalcides,Chalcides sphenopsiformis,23.43426185,333.7230795,34.92879655,12.89606746,75.54904443,105.2659914,60.45186899,0.532398623
Scincoidea,Scincidae,Chalcides,Chalcides boulengeri,23.23636786,783.4436186,41.00989441,5.679572983,48.35147544,80.4597209,24.6186663,1.014051716
Scincoidea,Scincidae,Chalcides,Chalcides viridanus,17.59500555,203.2761059,20.96418265,14.31637863,251.348026,87.04629776,135.9701919,2.114000317
Scincoidea,Scincidae,Chalcides,Chalcides sexlineatus,16.25946019,205.9215655,19.62340081,12.95066127,263.3705803,84.13549258,145.9767881,1.954385965
Scincoidea,Scincidae,Chalcides,Chalcides coeruleopunctatus,17.90022857,201.7238857,21.23508571,14.68571429,251.5337143,85.03314286,136.5965714,1.369142857
Scincoidea,Scincidae,Chalcides,Chalcides mionecton,17.96629529,498.2938945,32.04240147,5.793431631,376.1866382,72.26006936,181.3317731,6.642558946
Scincoidea,Scincidae,Chalcides,Chalcides polylepis,17.79818091,502.5581958,31.9061437,5.636415955,406.0576949,71.18184835,194.8834399,7.305717966
Scincoidea,Scincidae,Chalcides,Chalcides manueli,20.07346213,503.6914217,34.1147505,7.372042788,264.2230354,77.26194145,135.1346746,2.019408558
Scincoidea,Scincidae,Chalcides,Chalcides montanus,14.88793501,654.6566948,32.55667518,0.012471416,348.9303273,53.76311276,148.8759736,14.75536837
Scincoidea,Scincidae,Chalcides,Chalcides pseudostriatus,17.16921638,503.7206668,31.00133994,5.590856687,563.5698519,68.92893395,272.743716,9.015707379
Scincoidea,Scincidae,Chalcides,Chalcides striatus,13.55126585,570.7559563,27.88541662,2.274416312,763.1833046,40.29832508,291.8790076,70.01186244
Scincoidea,Scincidae,Chalcides,Chalcides minutus,16.15550676,598.19875,31.72807658,3.633301802,388.3092342,54.38029279,157.1614414,12.64763514
Scincoidea,Scincidae,Chalcides,Chalcides mertensi,16.63366278,674.1729607,33.5035946,3.531740487,405.8292886,44.60555357,160.7908732,24.92054717
Scincoidea,Scincidae,Chalcides,Chalcides chalcides,14.79883926,599.8567228,27.90715431,3.887996056,698.2055683,39.95621434,274.6600002,79.82455128
Scincoidea,Scincidae,Chalcides,Chalcides guentheri,18.39378457,558.3493393,30.81367464,6.273299038,519.554244,106.8983827,366.8089215,0.000810401
Scincoidea,Scincidae,Chalcides,Chalcides mauritanicus,18.15820704,570.6969619,32.04899324,7.243778015,334.1908929,54.98235503,141.7292778,11.36840982
Scincoidea,Scincidae,Gongylomorphus,Gongylomorphus bojerii,23.38923476,181.7191094,26.42412451,20.38996974,1815.546044,50.66493731,955.1210185,193.9928613
Scincoidea,Scincidae,Melanoseps,Melanoseps occidentalis,23.54479616,65.90282194,28.42073694,19.60251354,1777.340767,43.18987709,127.5225829,16.7665834
Scincoidea,Scincidae,Melanoseps,Melanoseps loveridgei,22.59888703,143.4180574,29.55927451,15.22926534,1148.053586,86.89053657,83.94359206,2.245938628
Scincoidea,Scincidae,Melanoseps,Melanoseps ater,20.03757557,179.0991166,28.53366679,12.13949622,1287.934887,92.41532926,90.79541547,14.96517257
Scincoidea,Scincidae,Melanoseps,Melanoseps uzungwensis,18.10139303,158.8933444,25.84060807,10.12379215,1135.905804,95.78419016,411.8003953,36.29167771
Scincoidea,Scincidae,Feylinia,Feylinia polylepis,25.63076923,97.69679487,27.72564103,23.80128205,1971.769231,57.1025641,687.1608074,63.1853321
Scincoidea,Scincidae,Feylinia,Feylinia currori,23.17160985,73.8880241,28.6682029,18.56862326,1632.795007,52.94879695,457.402479,228.0014543
Scincoidea,Scincidae,Feylinia,Feylinia grandisquamis,23.57812955,82.79844349,29.59961261,17.99629322,1542.045245,61.15646192,691.865888,102.3258947
Scincoidea,Scincidae,Typhlacontias,Typhlacontias punctatissimus,23.75698298,185.3946709,31.93745784,13.74163115,117.4991502,125.1786471,101.5483618,0
Scincoidea,Scincidae,Typhlacontias,Typhlacontias brevipes,21.17408455,210.1813458,28.95794268,11.83671783,49.45358623,123.6142839,44.64225005,0.431596023
Scincoidea,Scincidae,Sepsina,Sepsina angolensis,21.33199735,182.5392139,30.86348326,11.59399867,1010.148748,95.52491233,579.4226877,0.52643788
Scincoidea,Scincidae,Proscelotes,Proscelotes eggeli,22.14533447,160.6826871,29.10329499,15.91971311,1069.586848,58.1634711,726.1149107,112.9321974
Scincoidea,Scincidae,Scelotes,Scelotes bipes,16.3698862,362.8578548,26.43643167,6.257595146,500.2239116,38.56332043,196.2446997,67.13208282
Scincoidea,Scincidae,Scelotes,Scelotes gronovii,16.74716054,361.5869216,26.72235274,7.199439824,536.5521735,61.32635971,251.2533939,45.50767384
Scincoidea,Scincidae,Scelotes,Scelotes sexlineatus,17.71241953,380.4037017,29.28566851,6.59986588,187.6385312,59.94672449,90.0525304,13.98377146
Scincoidea,Scincidae,Scelotes,Scelotes kasneri,17.85714659,382.4737313,28.82591294,7.435183635,286.2502354,67.36622371,143.4713299,18.87370514
Scincoidea,Scincidae,Scelotes,Scelotes montispectus,17.36902617,350.9898327,26.87434577,8.326941227,469.2157872,67.82882883,230.8052338,34.67267267
Scincoidea,Scincidae,Scelotes,Scelotes mirus,17.87329207,332.4287258,26.52255106,5.51112326,789.0923369,74.78611965,412.2586933,27.47474245
Scincoidea,Scincidae,Scelotes,Scelotes arenicolus,22.16800188,253.8431562,28.65864367,13.90962807,858.9302828,54.06413235,389.5915288,74.98814971
Scincoidea,Scincidae,Scelotes,Scelotes anguineus,17.94619141,305.0906602,26.90940625,8.1975625,547.819375,20.70652344,175.8136719,98.8528125
Scincoidea,Scincidae,Scelotes,Scelotes caffer,17.34682176,366.5370292,28.12697526,6.350944562,368.3307036,38.70660362,136.8094242,54.04070527
Scincoidea,Scincidae,Hakaria,Hakaria simonyi,24.83213046,119.5189914,27.98080037,22.7777932,305.5357391,143.413139,409.8378705,14.36803623
Scincoidea,Scincidae,Madascincus,Madascincus mouroundavae,20.97341825,171.870704,26.23982675,15.05990873,2231.029371,70.17523771,248.1636364,2.861363636
Scincoidea,Scincidae,Madascincus,Madascincus igneocaudatus,22.91977228,233.0003054,28.81050461,15.19183473,776.8894333,92.86603985,226.1021814,29.30743685
Scincoidea,Scincidae,Madascincus,Madascincus stumpffi,24.11219361,114.6425247,28.20942711,19.23395289,1828.72832,99.73199866,598.7209426,22.54584282
Scincoidea,Scincidae,Madascincus,Madascincus polleni,23.69146535,171.9881939,29.68800661,16.24075252,1449.971461,108.3169215,1050.769231,37.69230769
Scincoidea,Scincidae,Madascincus,Madascincus arenicola,26.03398329,115.34039,28.34986072,22.94233983,1204.036212,109.6128134,100.8131294,9.183858896
Scincoidea,Scincidae,Madascincus,Madascincus melanopleura,20.95216758,200.1955455,26.47927257,14.65073184,2105.445413,67.40212567,197.9114282,13.70957871
Scincoidea,Scincidae,Madascincus,Madascincus nanus,21.81657779,186.939528,26.48095138,16.63416398,2664.088538,41.67187582,958.160681,80.49157108
Scincoidea,Scincidae,Paracontias,Paracontias vermisaurus,19.16288416,185.7401891,24.45768322,13.14397163,2511.858156,57.41134752,1178.722508,32.70914697
Scincoidea,Scincidae,Paracontias,Paracontias manify,18.54381271,119.5545151,24.1312709,12.38946488,2083.637124,97.44816054,437.2196887,235.3186973
Scincoidea,Scincidae,Paracontias,Paracontias hildebrandti,22.42925259,131.26262,27.04574587,17.07366091,1887.863583,83.74413276,365.9414558,184.4106412
Scincoidea,Scincidae,Paracontias,Paracontias holomelas,22.54269549,197.239951,27.12860159,17.5365141,2521.281456,42.78804256,334.7563204,73.46579672
Scincoidea,Scincidae,Paracontias,Paracontias minimus,26.11081081,116.7756757,28.33783784,23.15405405,1204.216216,105.9189189,316.4097027,96.47543647
Scincoidea,Scincidae,Paracontias,Paracontias brocchii,22.92168551,99.87338129,25.61572456,19.33926002,1396.763618,121.672148,446.9860681,228.9024204
Scincoidea,Scincidae,Paracontias,Paracontias rothschildi,26.15675676,115.4810811,28.55945946,22.92162162,1194.864865,108.5945946,1066.926962,565.5461515
Scincoidea,Scincidae,Paracontias,Paracontias kankana,20.4878713,198.0301129,25.55317707,14.74835713,2734.331515,46.07334328,418.9625243,274.5885809
Scincoidea,Scincidae,Pygomeles,Pygomeles braconnieri,24.72612605,236.6106106,30.38813047,16.69521785,488.8630753,105.6954958,418.9835797,67.58698331
Scincoidea,Scincidae,Pygomeles,Pygomeles trivittatus,23.83666073,233.1033204,29.42938096,16.66678189,777.9564261,75.06263748,351.6180005,15.94392218
Scincoidea,Scincidae,Brachyseps,Brachyseps splendidus,21.90603758,239.9647215,28.10283725,14.14050007,1149.726119,77.52575236,655.9962569,88.51957628
Scincoidea,Scincidae,Brachyseps,Brachyseps anosyensis,19.36744791,238.5326863,25.12452308,12.36721731,1729.631001,60.59184101,842.2510587,156.1285061
Scincoidea,Scincidae,Brachyseps,Brachyseps macrocercus,17.94388389,240.4880154,24.49548423,9.901655962,1270.255786,88.7952205,799.0296566,56.29109405
Scincoidea,Scincidae,Brachyseps,Brachyseps punctatus,21.8212748,223.2378239,26.94623395,15.82752043,2364.528544,48.99234859,1015.270821,246.5236286
Scincoidea,Scincidae,Brachyseps,Brachyseps frontoparietalis,21.46209363,226.1018329,26.77431712,15.27085318,2377.868459,51.74146017,1038.764528,237.487438
Scincoidea,Scincidae,Amphiglossus,Amphiglossus reticulatus,25.84413371,123.0109981,31.19514334,19.36207679,1619.205137,114.8465892,1228.117179,20.26049383
Scincoidea,Scincidae,Amphiglossus,Amphiglossus astrolabi,21.10384789,226.8089707,26.46280329,14.81755143,2173.028382,54.72284901,974.1703255,216.2941658
Scincoidea,Scincidae,Flexiseps,Flexiseps tsaratananensis,18.33194444,117.9608941,23.84861111,12.24509549,2192.815104,95.16145833,1319.352928,27.23698397
Scincoidea,Scincidae,Grandidierina,Grandidierina rubrocaudata,24.007356,236.9331397,30.82108035,14.88041409,653.909419,115.7146972,1024.384168,537.653374
Scincoidea,Scincidae,Grandidierina,Grandidierina lineata,23.79950459,241.6719622,29.93913102,15.82141996,726.6554362,87.66890942,737.0873118,89.96021078
Scincoidea,Scincidae,Grandidierina,Grandidierina petiti,24.21346052,239.9082671,30.1372549,15.72649709,485.6486486,103.6030737,1043.556365,319.2991486
Scincoidea,Scincidae,Grandidierina,Grandidierina fierinensis,24.54805485,240.999396,30.57650035,16.21139888,509.0343327,104.5746776,928.9188662,87.97356419
Scincoidea,Scincidae,Flexiseps,Flexiseps meva,22.58595241,181.3212797,29.1990426,15.06257189,1833.524641,97.99001274,999.7267464,209.4404884
Scincoidea,Scincidae,Flexiseps,Flexiseps ornaticeps,24.78526,177.0037305,30.73872154,17.09806022,1212.209932,110.5143735,1216.213004,65.55680683
Scincoidea,Scincidae,Flexiseps,Flexiseps melanurus,23.40553325,156.2041534,27.54037635,18.58832648,2097.313691,62.58948917,1170.038086,91.14304215
Scincoidea,Scincidae,Flexiseps,Flexiseps crenni,20.8244186,205.9121776,25.8727907,15.18903805,2668.263742,47.30835095,1083.359056,40.56564877
Scincoidea,Scincidae,Flexiseps,Flexiseps tanysoma,25.41629126,121.7752603,30.61200798,19.3654383,1795.523078,110.9726756,902.9034366,24.16283234
Scincoidea,Scincidae,Flexiseps,Flexiseps mandokava,23.16776548,120.3281611,27.59698611,17.96249706,1790.234224,93.24052272,1034.641424,183.50921
Scincoidea,Scincidae,Flexiseps,Flexiseps ardouini,25.30856576,109.4012457,28.68701356,21.11847646,1395.947305,112.2218058,1103.097727,63.68679057
Scincoidea,Scincidae,Flexiseps,Flexiseps johannae,24.16152272,111.6069996,26.03835448,21.8536226,2149.182562,63.747851,1142.242918,290.1563425
Scincoidea,Scincidae,Pseudoacontias,Pseudoacontias menamainty,26.12359882,105.9157325,29.83264503,21.41760079,1930.455261,106.020649,120.4348119,42.57312127
Scincoidea,Scincidae,Plestiodon,Plestiodon kishinouyei,23.67149853,356.3078355,29.00959843,17.3625857,2372.106758,21.6072478,673.5094859,83.41807997
Scincoidea,Scincidae,Plestiodon,Plestiodon chinensis,16.14636313,659.6826276,28.0542386,1.592918809,1319.670427,69.17923812,737.348468,49.79432361
Scincoidea,Scincidae,Plestiodon,Plestiodon tamdaoensis,22.12449865,446.920533,30.09788727,11.40755169,1694.691585,76.64850569,832.5505607,13.16223861
Scincoidea,Scincidae,Plestiodon,Plestiodon capito,11.74361362,831.1529965,26.88594168,-5.662462214,829.4214712,85.51790895,224.3477965,6.656974103
Scincoidea,Scincidae,Plestiodon,Plestiodon tunganus,7.350941333,603.2885355,18.42169942,-6.542565391,993.3720999,99.272558,571.3138654,164.5685989
Scincoidea,Scincidae,Plestiodon,Plestiodon latiscutatus,14.29859122,718.5763794,27.22235266,0.837661423,2115.970885,41.35970885,663.0903614,20.40884751
Scincoidea,Scincidae,Plestiodon,Plestiodon finitimus,10.03302646,825.9292993,25.20421953,-4.473218027,1504.417234,36.39999362,692.4571791,86.21322125
Scincoidea,Scincidae,Plestiodon,Plestiodon japonicus,15.36494882,733.4426172,28.8507841,2.257861109,1978.562474,48.03296983,496.1585971,199.5423535
Scincoidea,Scincidae,Plestiodon,Plestiodon barbouri,22.06811734,433.0956157,28.60889749,14.8082205,2563.355899,33.25209542,43.85666689,6.8998475
Scincoidea,Scincidae,Plestiodon,Plestiodon kuchinoshimensis,20.25,522.95,28.275,11.5,4378,33.75,374.8670609,198.2332157
Scincoidea,Scincidae,Plestiodon,Plestiodon stimpsonii,23.58884181,353.0898305,28.87443503,17.31850282,2409.059322,21.43220339,1196.328776,489.6165365
Scincoidea,Scincidae,Plestiodon,Plestiodon oshimensis,21.27174479,459.8755208,28.23684896,13.62389323,3023.125,32.54947917,822.4700634,235.33529
Scincoidea,Scincidae,Plestiodon,Plestiodon marginatus,22.03404075,435.9463214,28.62082626,14.72773062,2609.253254,33.25834748,778.920666,440.2135162
Scincoidea,Scincidae,Plestiodon,Plestiodon elegans,16.04714569,689.4465955,28.43278293,1.045928682,1275.265139,70.30298983,564.3467711,22.23561415
Scincoidea,Scincidae,Plestiodon,Plestiodon egregius,19.6764712,563.1136401,30.46772505,6.747824408,1328.841816,32.4188932,631.2189105,24.56298248
Scincoidea,Scincidae,Plestiodon,Plestiodon reynoldsi,21.4622342,437.5877294,30.37304107,9.540263618,1303.181765,48.98849403,191.1452296,35.65810171
Scincoidea,Scincidae,Plestiodon,Plestiodon laticeps,16.3002801,751.4698022,30.80486704,0.859339454,1234.224419,20.04156621,224.5177519,10.12756995
Scincoidea,Scincidae,Plestiodon,Plestiodon septentrionalis,12.38611172,960.5604831,30.81587739,-6.563959095,812.9932803,43.95795373,246.860072,50.43032092
Scincoidea,Scincidae,Plestiodon,Plestiodon fasciatus,14.55594401,791.1964978,29.75369273,-1.323057106,1142.916475,22.2512603,487.8708061,31.54451567
Scincoidea,Scincidae,Plestiodon,Plestiodon multivirgatus,11.29018044,854.5506254,30.30600144,-6.142085057,386.9044821,56.41073227,1874.5,741.25
Scincoidea,Scincidae,Plestiodon,Plestiodon tetragrammus,20.66818181,614.2597448,33.70722608,5.607273529,601.8931393,50.39473384,917.2995173,96.33859153
Scincoidea,Scincidae,Plestiodon,Plestiodon obsoletus,16.48218151,753.5267983,32.83943734,-0.448250822,526.949025,58.7109117,154.0277944,0.781455469
Scincoidea,Scincidae,Plestiodon,Plestiodon callicephalus,18.85138077,457.8942131,31.45457322,5.696202262,775.1159586,99.49448791,1081.04,126.68
Scincoidea,Scincidae,Plestiodon,Plestiodon inexpectatus,17.57482249,664.2492756,30.32984979,3.410358216,1316.928626,23.17493185,503.3200273,18.88350914
Scincoidea,Scincidae,Plestiodon,Plestiodon anthracinus,15.36802638,780.9743363,30.57748883,-0.513446288,1223.956282,19.76482722,67.20203589,8.049459397
Scincoidea,Scincidae,Plestiodon,Plestiodon gilberti,15.38876414,647.9581271,32.48401023,1.298248459,411.8899004,74.22427958,620.0222493,29.92273697
Scincoidea,Scincidae,Plestiodon,Plestiodon lagunensis,21.25009713,446.3304617,32.00280185,10.63362224,198.4085475,99.27219068,584.805041,205.0871261
Scincoidea,Scincidae,Plestiodon,Plestiodon skiltonianus,9.527824252,767.6384808,28.59583893,-4.962276416,485.6455261,43.82934645,811.8149688,18.9281103
Scincoidea,Scincidae,Plestiodon,Plestiodon longirostris,21.96125,337.43,27.65125,16.48875,1455.8375,17.675,442.2456054,227.1263269
Scincoidea,Scincidae,Plestiodon,Plestiodon sumichrasti,24.36779672,173.4635517,30.25970081,18.22098062,2143.726658,60.06293264,604.9408021,23.69350384
Scincoidea,Scincidae,Plestiodon,Plestiodon parvulus,22.33717547,166.5474896,28.94235781,14.33074048,1150.660269,110.8504899,458.5340096,19.80470009
Scincoidea,Scincidae,Plestiodon,Plestiodon lynxe,16.81052321,266.3044111,26.97699224,5.71682496,687.2163604,96.97991364,902.2615709,223.5477889
Scincoidea,Scincidae,Plestiodon,Plestiodon dugesii,17.92962738,216.7908173,28.14360628,7.604173939,739.278212,104.0085755,520.338352,30.57279664
Scincoidea,Scincidae,Plestiodon,Plestiodon bilineatus,13.93196087,418.7468121,26.36381421,0.570333385,763.1465151,94.2118605,433.6458192,13.76876664
Scincoidea,Scincidae,Plestiodon,Plestiodon copei,13.25100579,167.4408717,21.88050899,3.919536727,1021.912984,94.77186833,390.8998199,217.6168478
Scincoidea,Scincidae,Plestiodon,Plestiodon indubitus,18.40486796,169.7141901,27.92713277,8.839168796,1051.723743,101.7563588,432.7899938,47.41321804
Scincoidea,Scincidae,Plestiodon,Plestiodon brevirostris,18.47807081,190.6216602,27.62269149,8.968555548,986.1172639,100.0086248,304.5318226,9.500317058
Scincoidea,Scincidae,Plestiodon,Plestiodon ochoterenae,18.94124084,108.3466244,27.15172338,10.99281103,1311.350038,103.6828975,397.8472055,221.8004599
Scincoidea,Scincidae,Plestiodon,Plestiodon parviauriculatus,20.43980548,470.1456292,33.28617315,6.814139049,792.1108309,102.6342459,489.8125,285.2875
Scincoidea,Scincidae,Plestiodon,Plestiodon dicei,22.69103013,372.146668,31.38201222,11.42749297,784.5018187,74.32427424,991.2111541,411.9078014
Scincoidea,Scincidae,Plestiodon,Plestiodon quadrilineatus,22.11362747,499.5785748,30.61128378,10.10671422,1726.405522,70.50909223,1018.564516,419.6383701
Scincoidea,Scincidae,Ophiomorus,Ophiomorus punctatissimus,14.30288812,654.9057278,28.47431305,2.715512183,716.5939023,76.18474295,84.39693735,2.059211137
Scincoidea,Scincidae,Ophiomorus,Ophiomorus latastii,18.74683879,588.8206205,32.36116038,5.457775511,406.6333935,108.2875566,90.01207128,2.413550773
Scincoidea,Scincidae,Mesoscincus,Mesoscincus managuae,26.02235339,70.61710909,31.21077514,21.80920474,1603.282837,88.79120576,84.01012218,9.037188134
Scincoidea,Scincidae,Mesoscincus,Mesoscincus schwartzei,25.53895249,172.9709659,31.47084333,19.53000316,1391.254014,60.14642285,78.02519734,4.9586783
Scincoidea,Scincidae,Eurylepis,Eurylepis taeniolata,22.05929968,662.5027576,37.3420603,5.118375866,402.7753072,106.0469994,735.57581,197.0689242
Scincoidea,Scincidae,Eumeces,Eumeces schneiderii,17.34644374,831.5366435,35.66543487,-0.037690129,302.7368345,86.45506348,153.1668115,10.15874086
Scincoidea,Scincidae,Scincus,Scincus scincus,25.60702776,632.1167644,40.68793165,9.084192101,71.61521126,146.1796375,66.40912499,0.389110046
Scincoidea,Scincidae,Scincus,Scincus mitranus,27.35987184,649.6967241,42.88441733,11.14348069,78.02595585,116.1516591,57.29549128,0.701003021
Scincoidea,Scincidae,Scincus,Scincus albifasciatus,27.99671287,526.7012503,41.42058732,12.39811943,90.55897327,151.9433017,93.76381748,0.54974499
Scincoidea,Scincidae,Scincopus,Scincopus fasciatus,27.83481829,432.9462792,40.18962805,13.46680808,189.1748785,165.1347283,199.4803819,0.089212571
Scincoidea,Scincidae,Eumeces,Eumeces algeriensis,17.03616373,588.4248737,32.87531496,3.677789904,338.294345,61.34356122,310.7545566,64.35249765
Scincoidea,Scincidae,Brachymeles,Brachymeles miriamae,26.33106657,151.2757337,32.11450728,18.67062754,1230.634216,78.57074684,706.057027,14.2884753
Scincoidea,Scincidae,Brachymeles,Brachymeles talinis,25.85057461,74.65068328,28.96605082,23.0313779,2331.671815,54.67972345,1037.096885,158.8121257
Scincoidea,Scincidae,Brachymeles,Brachymeles boulengeri,25.62165984,102.7416289,29.24966892,21.97666571,2431.794884,63.73463333,1235.208538,158.6026084
Scincoidea,Scincidae,Brachymeles,Brachymeles taylori,26.04382839,58.67740545,28.83501041,23.60423224,1984.034478,51.7373977,844.5020096,151.072442
Scincoidea,Scincidae,Brachymeles,Brachymeles mindorensis,25.48979301,72.53220481,28.16629515,22.97497695,2327.037292,67.59188804,1149.028492,102.4755719
Scincoidea,Scincidae,Brachymeles,Brachymeles elerae,25.65722331,78.47879739,28.97437492,22.51951857,2401.121264,51.82617633,1097.930404,227.062744
Scincoidea,Scincidae,Brachymeles,Brachymeles muntingkamay,25.88333333,108.7833333,29.725,21.54166667,2253.5,70.33333333,1142.583333,99
Scincoidea,Scincidae,Brachymeles,Brachymeles schadenbergi,25.46870139,48.85888793,28.58832691,22.76614015,2376.487204,33.61822369,907.901844,337.6279696
Scincoidea,Scincidae,Brachymeles,Brachymeles makusog,26.44899369,89.50510664,28.90799039,24.02008111,3416.493542,50.29633524,1608.758186,397.1806849
Scincoidea,Scincidae,Brachymeles,Brachymeles boholensis,26.87435244,60.90422505,28.80225053,25.06299363,1950.36879,32.43333333,672.4687898,230.3690021
Scincoidea,Scincidae,Brachymeles,Brachymeles bicolor,22.39284238,135.7943327,26.57056275,17.84025912,2642.170018,62.20741594,1334.241714,193.6039266
Scincoidea,Scincidae,Brachymeles,Brachymeles tiboliorum,25.18022153,35.91937337,28.46129942,22.47769345,1676.10543,32.52335778,602.023486,229.855751
Scincoidea,Scincidae,Brachymeles,Brachymeles hilong,26.19186665,63.39116873,29.09131368,23.45150051,3292.40087,39.68792613,1438.004617,445.1880067
Scincoidea,Scincidae,Brachymeles,Brachymeles samad,26.68962203,69.06485522,29.23335631,24.32385027,2926.412239,36.06991646,1195.498256,441.0294428
Scincoidea,Scincidae,Brachymeles,Brachymeles pathfinderi,24.90678418,32.20622246,28.00859523,22.26458767,1491.192872,28.7154133,512.0017917,222.6242313
Scincoidea,Scincidae,Brachymeles,Brachymeles gracilis,25.4634792,49.60022503,28.57575206,22.76462995,2349.213293,34.42547415,900.9800438,327.9146842
Scincoidea,Scincidae,Brachymeles,Brachymeles vulcani,25.78820225,59.65243446,28.02453184,23.71835206,2289.421348,30.61235955,784.6048689,296.5730337
Scincoidea,Scincidae,Brachymeles,Brachymeles cebuensis,26.37597403,61.59359926,28.68172542,24.25166976,1662.232839,35.51020408,604.1270872,202.0306122
Scincoidea,Scincidae,Brachymeles,Brachymeles libayani,27.51236333,62.5842725,29.4038688,25.7058873,1888.885618,31.18671152,638.881413,227.2649285
Scincoidea,Scincidae,Brachymeles,Brachymeles brevidactylus,26.95228046,78.45085092,29.5503744,24.54023145,2897.122532,40.49965963,1245.273656,385.2845473
Scincoidea,Scincidae,Brachymeles,Brachymeles bicolandia,26.70428069,87.07201681,29.36416745,24.15668697,3051.858197,48.28935404,1399.948014,346.8506477
Scincoidea,Scincidae,Brachymeles,Brachymeles cobos,26.25790359,87.88581839,28.35297085,24.08671525,3408.55157,48.96804933,1624.233744,467.0627803
Scincoidea,Scincidae,Brachymeles,Brachymeles samarensis,26.51457741,71.3831111,29.13996196,24.06180405,3003.909714,40.94288163,1298.919014,399.7688514
Scincoidea,Scincidae,Brachymeles,Brachymeles minimus,26.24997177,87.85646527,28.34539808,24.07859966,3409.746471,48.94014681,1624.380576,467.1682665
Scincoidea,Scincidae,Brachymeles,Brachymeles lukbani,25.42608696,90.4173913,27.97826087,22.94782609,4353.391304,55.95652174,2230.73913,515.1304348
Scincoidea,Scincidae,Brachymeles,Brachymeles bonitae,25.80024364,76.26773663,28.45825923,23.28440127,2386.530272,62.7941893,1134.25533,135.5478743
Scincoidea,Scincidae,Brachymeles,Brachymeles tridactylus,26.09011398,66.71813851,29.02259103,23.50052856,2333.12544,57.95741071,1056.86264,142.526428
Scincoidea,Scincidae,Brachymeles,Brachymeles apus,22.46281248,38.67633456,26.23436352,18.98472012,3023.558101,15.76910885,916.6879187,580.3277862
Scincoidea,Scincidae,Typhlosaurus,Typhlosaurus lomiae,17.17900054,321.3178363,27.35908353,7.416880149,150.0543629,62.93697757,73.13975585,9.670034277
Scincoidea,Scincidae,Typhlosaurus,Typhlosaurus vermis,18.25819627,314.1056666,28.26672186,8.446248666,111.3488244,60.27986901,53.59730655,7.654818413
Scincoidea,Scincidae,Typhlosaurus,Typhlosaurus caecus,18.08937895,325.0294453,27.87869102,8.615488927,204.4152937,63.89945972,100.5816572,14.05662245
Scincoidea,Scincidae,Typhlosaurus,Typhlosaurus meyeri,18.99398272,306.5685011,28.92861771,8.502397408,54.15514039,54.2463067,26.24984881,5.429136069
Scincoidea,Scincidae,Typhlosaurus,Typhlosaurus braini,20.30654141,277.0046058,29.13947774,9.985186463,43.55808952,105.0967212,35.51280282,1.953556791
Scincoidea,Scincidae,Acontias,Acontias orientalis,17.65421867,329.5433123,27.46278038,7.050111945,485.9084125,27.03928438,166.1838177,79.58731705
Scincoidea,Scincidae,Acontias,Acontias meleagris,16.25726182,394.323207,27.45962509,4.909764608,405.3437815,37.02225963,156.676918,56.91063669
Scincoidea,Scincidae,Acontias,Acontias gracilicauda,16.73696729,462.172377,28.30259671,2.378388468,520.3013394,62.35326915,246.0107326,29.99555954
Scincoidea,Scincidae,Acontias,Acontias occidentalis,20.60184526,412.6804555,31.35514592,6.129749718,438.1104868,96.85801967,286.3267961,2.884119698
Scincoidea,Scincidae,Acontias,Acontias percivali,21.47797032,368.7063603,32.10334393,7.752870171,462.3912256,99.78870624,309.1343673,4.156540375
Scincoidea,Scincidae,Acontias,Acontias breviceps,14.77311822,363.2664494,24.54790229,2.283795969,760.4304416,64.22420193,372.2634219,38.53629565
Scincoidea,Scincidae,Acontias,Acontias cregoi,20.56759581,346.165107,29.13461629,7.944063723,644.7285207,81.97844333,372.1189804,20.77429222
Scincoidea,Scincidae,Acontias,Acontias rieppeli,21.01522096,436.445199,31.49393321,6.551915617,479.105019,86.51329734,280.9887223,10.36478704
Scincoidea,Scincidae,Acontias,Acontias aurantiacus,23.14269127,273.9007696,29.82717145,14.31353531,750.9925224,64.68479777,377.3895582,59.53388449
Scincoidea,Scincidae,Acontias,Acontias bicolor,20.25387057,277.2089476,28.9187543,9.43330376,938.9180402,98.6841566,609.3924176,23.40097092
Scincoidea,Scincidae,Acontias,Acontias plumbeus,20.78869915,294.4699203,28.68911517,10.23639914,821.9231379,74.3679469,442.932296,41.77984048
Scincoidea,Scincidae,Acontias,Acontias gariepensis,21.0670329,572.39792,34.66376949,4.822649083,194.7455732,90.31009054,120.9223473,3.588260656
Scincoidea,Scincidae,Acontias,Acontias jappi,21.93065721,248.0160007,32.3215117,11.08086258,905.9516119,107.4866194,596.1085387,0
Scincoidea,Scincidae,Acontias,Acontias kgalagadi,21.3282101,468.7023016,32.84648413,6.184376275,350.0598499,94.54391273,223.7711045,2.675134788
Scincoidea,Scincidae,Acontias,Acontias richardi,21.48108161,341.1771333,29.89989223,9.128108161,827.8718527,81.21240325,490.727442,33.54178505
Scincoidea,Scincidae,Acontias,Acontias lineatus,18.14215051,477.3089508,31.13753794,4.595117331,204.2247365,64.1088873,104.000185,16.70980545
Scincoidea,Scincidae,Acontias,Acontias tristis,18.09837073,361.5524143,29.33135939,6.963807333,121.5519376,60.3350804,59.49418963,9.36835365
Scincoidea,Scincidae,Acontias,Acontias litoralis,18.0204864,333.1479484,28.36814117,7.978050669,152.6988975,63.13764382,75.3419205,10.09506394
Scincoidea,Scincidae,Acontias,Acontias namaquensis,16.75439456,368.6258367,28.40994558,5.435891156,150.7746939,59.34911565,71.49619048,11.82380952
Gekkota,Gekkonidae,Cnemaspis,Cnemaspis harimau,27.27692308,52.07692308,31.39230769,23.59230769,2570.461538,47.76923077,1187.538462,208.0769231
Gekkota,Gekkonidae,Cnemaspis,Cnemaspis affinis,26.084,44.416,29.372,22.744,3035.16,36.92,1262.2,391.2
Gekkota,Gekkonidae,Cnemaspis,Cnemaspis pseudomcguirei,24.90717557,48.26412214,28.72633588,20.92954198,2914.80916,30.7519084,1092.732061,462.448855
Gekkota,Gekkonidae,Cnemaspis,Cnemaspis narathiwatensis,25.67167674,86.35259315,29.93222558,21.43587613,2722.822004,54.70644512,1408.533988,297.9461229
Gekkota,Gekkonidae,Cnemaspis,Cnemaspis hangus,25.95833333,69.65,30.43333333,21.25,2379.166667,26.5,786.4166667,350.4166667
Gekkota,Gekkonidae,Cnemaspis,Cnemaspis selamatkanmerapoh,25.375,75.225,29.95,20.59166667,2199.916667,37.33333333,941.6666667,345.8333333
Gekkota,Gekkonidae,Cnemaspis,Cnemaspis stongensis,24.56666667,87.625,29.16666667,19.93333333,2635.916667,50.66666667,1379.5,409.5833333
Gekkota,Gekkonidae,Cnemaspis,Cnemaspis bayuensis,25.55238095,91.68095238,30.17619048,20.98571429,2848.952381,38.9047619,1190.095238,395.1428571
Gekkota,Gekkonidae,Cnemaspis,Cnemaspis flavolineata,23.67857985,50.08645907,27.74696862,19.18115121,2676.744751,29.65251238,982.8782732,412.7799009
Gekkota,Gekkonidae,Cnemaspis,Cnemaspis temiah,20.84615385,49.34615385,24.89230769,16.40769231,2949.846154,37.23076923,1140.692308,354.1538462
Gekkota,Gekkonidae,Cnemaspis,Cnemaspis shahruli,26.7423913,43.90706522,29.91032609,23.67255435,2800.923913,39.51902174,1203.6875,323.2255435
Gekkota,Gekkonidae,Cnemaspis,Cnemaspis mcguirei,25.34845017,47.38111588,28.99318073,21.52350978,2833.028612,29.91654745,1046.259895,454.9952313
Gekkota,Gekkonidae,Cnemaspis,Cnemaspis grismeri,26.74166667,53.41666667,30.875,22.41666667,2377.5,27.91666667,864.75,409.25
Gekkota,Gekkonidae,Cnemaspis,Cnemaspis argus,24.83225058,90.58894045,28.69953596,21.14508894,3295.730858,60.41608662,1855.875483,329.837587
Gekkota,Gekkonidae,Cnemaspis,Cnemaspis perhentianensis,26.82727273,84.43636364,29.74545455,24.10909091,3272.909091,68.27272727,1987.909091,290
Gekkota,Gekkonidae,Cnemaspis,Cnemaspis karsticola,26.22173913,87.53478261,30.68695652,21.70434783,2360.869565,45.43478261,1065.826087,274.6086957
Gekkota,Gekkonidae,Cnemaspis,Cnemaspis kendallii,26.22783857,48.50960176,29.63153142,22.7837156,2528.191329,32.83028037,1039.755458,415.5468112
Gekkota,Gekkonidae,Cnemaspis,Cnemaspis flavigaster,26.59545455,41.94090909,29.88181818,23.01363636,2427.409091,23.95454545,805.7272727,426.2727273
Gekkota,Gekkonidae,Cnemaspis,Cnemaspis limi,25.55714286,58.09404762,27.63452381,23.62142857,3479.327381,69.83333333,2178.458333,442.4642857
Gekkota,Gekkonidae,Cnemaspis,Cnemaspis paripari,25.68870056,43.26610169,29.32033898,22.78067797,4129.882486,40.63954802,1775.627119,570.2429379
Gekkota,Gekkonidae,Cnemaspis,Cnemaspis mumpuniae,27.419221,74.29525826,29.16198137,25.61812024,2708.00508,38.48772227,1128.656224,334.3446232
Gekkota,Gekkonidae,Cnemaspis,Cnemaspis peninsularis,26.24146154,60.82159341,29.56362088,22.98941209,2847.642088,45.07445055,1399.706429,446.0596703
Gekkota,Gekkonidae,Cnemaspis,Cnemaspis bidongensis,26.38181818,86.99090909,29.61818182,23.31818182,3528.818182,72.18181818,2255.272727,397.5454545
Gekkota,Gekkonidae,Cnemaspis,Cnemaspis pemanggilensis,26.6375,58.625,28.625,24.775,3287.5,61.75,1921.625,457.75
Gekkota,Gekkonidae,Cnemaspis,Cnemaspis baueri,26,58.15,27.85,24.25,3298.5,52,1762.5,470
Gekkota,Gekkonidae,Cnemaspis,Cnemaspis sundainsula,27.29700272,74.8640327,29.04250681,25.48719346,2745.250681,38.82288828,1160.065395,343.866485
Gekkota,Gekkonidae,Cnemaspis,Cnemaspis siamensis,25.90309478,70.07229494,29.79849726,22.24664626,2507.271489,59.43944381,1156.862125,123.7787728
Gekkota,Gekkonidae,Cnemaspis,Cnemaspis huaseesom,26.17037037,117.5444444,32.38148148,18.74074074,2062.518519,85.81481481,1136.925926,12.66666667
Gekkota,Gekkonidae,Cnemaspis,Cnemaspis roticanai,24.79,51.19,27.35,22.62,3073.8,55.6,1346.6,140.9
Gekkota,Gekkonidae,Cnemaspis,Cnemaspis omari,25.88,58.67,29.3,23.09,2114.8,44.5,848.4,126.3
Gekkota,Gekkonidae,Cnemaspis,Cnemaspis chanardi,26.18889189,70.93707501,30.40465911,22.34510703,2021.928225,49.56511963,910.8834323,149.304821
Gekkota,Gekkonidae,Cnemaspis,Cnemaspis neangthyi,25.356,84.84,29.912,19.856,2486.2,75.8,1298.12,47.2
Gekkota,Gekkonidae,Cnemaspis,Cnemaspis chanthaburiensis,26.52940445,86.4882674,30.50410722,20.99661695,2474.768428,79.10403156,1332.376459,40.35992218
Gekkota,Gekkonidae,Cnemaspis,Cnemaspis aurantiacopes,27.3,86.33636364,32,22.35454545,1865.636364,69.18181818,844.0909091,28
Gekkota,Gekkonidae,Cnemaspis,Cnemaspis caudanivea,26.675,83.3,30.975,22.175,2435,69,1130.25,39.75
Gekkota,Gekkonidae,Cnemaspis,Cnemaspis nuicamensis,27.21,88.44,32.38,21.82,1488.9,72.7,798.1,18.2
Gekkota,Gekkonidae,Cnemaspis,Cnemaspis tucdupensis,27.23333333,88.26666667,32.31666667,21.96666667,1538.083333,69.33333333,772.25,23.75
Gekkota,Gekkonidae,Cnemaspis,Cnemaspis niyomwanae,26.89285051,61.26592386,29.90538533,24.29396472,2180.999071,54.21355617,925.6620241,86.57753018
Gekkota,Gekkonidae,Cnemaspis,Cnemaspis kumpoli,25.8125473,67.08365991,29.61760575,22.37095282,2526.41481,55.38840299,1162.773064,145.8743167
Gekkota,Gekkonidae,Cnemaspis,Cnemaspis Biocellata,26.86622984,58.42852823,30.40544355,23.95352823,2015.589718,45.81653226,832.4808468,125.4889113
Gekkota,Gekkonidae,Cnemaspis,Cnemaspis monachorum,26.8125,52.60416667,29.475,24.5625,2645.416667,55,1128.625,124.5416667
Gekkota,Gekkonidae,Cnemaspis,Cnemaspis psychedelica,27.47247387,85.0195122,29.81132404,24.8054007,2388.695122,72.02787456,1159.836237,30.16550523
Gekkota,Gekkonidae,Cnemaspis,Cnemaspis boulengeri,23.60714286,149.1214286,28.8,17.57857143,2365.285714,93.07142857,1474.928571,10.21428571
Gekkota,Gekkonidae,Alsophylax,Alsophylax pipiens,7.205980934,1259.545013,30.48484087,-15.78657951,172.0059966,51.53258937,72.98798876,22.13358534
Gekkota,Gekkonidae,Dravidogecko,Dravidogecko anamallensis,26.46706936,129.5557754,32.7201624,20.66804695,1639.605866,77.7388465,475.5105312,103.652405
Gekkota,Gekkonidae,Hemidactylus,Hemidactylus fasciatus,24.35158413,74.66943111,29.02746021,20.48181491,1834.557023,49.59083267,1031.478829,52.56577523
Gekkota,Gekkonidae,Hemidactylus,Hemidactylus bowringii,20.9171992,403.6176139,29.35133495,8.921352385,1751.304047,81.83518896,2341.134483,1.392894462
Gekkota,Gekkonidae,Hemidactylus,Hemidactylus karenorum,25.10863976,297.9048385,34.39462549,13.07541695,1598.846589,89.69633465,74.33492701,3.063747052
Gekkota,Gekkonidae,Hemidactylus,Hemidactylus garnotii,22.42652516,262.641368,28.84876634,14.40592822,2183.359104,60.85169152,313.095729,0
Gekkota,Gekkonidae,Hemidactylus,Hemidactylus craspedotus,25.21215921,55.36505244,29.08036404,21.36734117,2477.23751,32.04305505,54.83202992,5.821149269
Gekkota,Gekkonidae,Hemidactylus,Hemidactylus platyurus,23.89911121,247.1504222,30.62839463,15.56613892,2032.288144,70.39461065,570.5,8.666666667
Gekkota,Gekkonidae,Hemidactylus,Hemidactylus ruspolii,26.54019858,114.9678144,33.82267775,20.04644257,366.1171788,105.0280156,43.47683653,4.689940437
Gekkota,Gekkonidae,Hemidactylus,Hemidactylus angulatus,25.76856682,203.2692439,35.00159188,17.17949717,974.9521622,101.5350994,927.3750896,203.821714
Gekkota,Gekkonidae,Hemidactylus,Hemidactylus flaviviridis,25.75425629,501.7161687,38.77260474,11.41966382,857.2827788,114.4267509,738.0957441,74.53857929
Gekkota,Gekkonidae,Hemidactylus,Hemidactylus leschenaultii,26.45835575,345.5017924,37.9022682,14.92291124,1095.861131,114.899032,32.91304348,3.391304348
Gekkota,Gekkonidae,Hemidactylus,Hemidactylus giganteus,27.06294395,286.0207894,38.0030995,17.01525736,860.3236478,100.9672138,795.4364636,128.698273
Gekkota,Gekkonidae,Hemidactylus,Hemidactylus reticulatus,26.78750701,254.8868838,36.57381733,17.71647958,1162.006625,97.78082133,999.5512471,255.2305363
Gekkota,Gekkonidae,Hemidactylus,Hemidactylus sataraensis,22.72495479,197.3433092,33.10976492,12.83471971,1958.276673,137.0307414,576.7075589,21.59900034
Gekkota,Gekkonidae,Hemidactylus,Hemidactylus albofasciatus,25.56467245,171.4540425,34.11820445,17.11093927,3044.240086,142.0106375,298.5661344,38.1942737
Gekkota,Gekkonidae,Hemidactylus,Hemidactylus gracilis,26.24898841,348.0523674,39.02218955,14.39253769,1180.658388,122.9823284,63.85490962,6.352125061
Gekkota,Gekkonidae,Hemidactylus,Hemidactylus parvimaculatus,26.96233343,98.69022218,31.08775784,22.85975956,1659.089681,64.34717188,30.203125,2.278645833
Gekkota,Gekkonidae,Hemidactylus,Hemidactylus brookii,23.81745918,271.3973175,32.77506662,14.43184876,1308.896704,90.55889204,2902.964718,1.403394945
Gekkota,Gekkonidae,Hemidactylus,Hemidactylus imbricatus,25.82479342,588.0190347,40.1671952,9.243017034,169.4848123,106.1889996,990.3845691,13.12895238
Gekkota,Gekkonidae,Hemidactylus,Hemidactylus frenatus,25.00534208,218.4354297,31.78487615,16.97049479,1887.410192,77.23396158,87.49610192,0
Gekkota,Gekkonidae,Hemidactylus,Hemidactylus depressus,26.72422832,94.76589732,30.89122383,22.51580115,1727.566387,59.00178378,167.3225466,11.35287629
Gekkota,Gekkonidae,Hemidactylus,Hemidactylus triedrus,26.92290871,277.6652553,35.80070191,17.72003572,1103.408453,98.24797499,148.7758823,5.826848845
Gekkota,Gekkonidae,Hemidactylus,Hemidactylus lankae,26.87344521,105.0910999,31.48612251,22.30754403,1477.171092,67.11856393,45.54357243,2.756887381
Gekkota,Gekkonidae,Hemidactylus,Hemidactylus maculatus,26.10210108,237.1546882,35.24103848,17.16328128,1688.536253,107.6800628,279.8148148,14.22222222
Gekkota,Gekkonidae,Hemidactylus,Hemidactylus hunae,27.29137434,119.7143196,31.30821895,22.98532452,1445.31232,67.29130656,605.7435689,8.619336532
Gekkota,Gekkonidae,Hemidactylus,Hemidactylus prashadi,25.0792831,152.8867867,33.31050074,17.66614847,2638.634782,128.7415912,414.1168091,24.50178063
Gekkota,Gekkonidae,Hemidactylus,Hemidactylus aaronbaueri,25.06486938,203.2315778,34.62425287,15.47070359,2470.562522,143.5506444,725.7554017,16.77065347
Gekkota,Gekkonidae,Hemidactylus,Hemidactylus platycephalus,23.63025374,182.3744316,31.17168509,15.89198629,916.5343433,96.87833955,459.760144,59.34653141
Gekkota,Gekkonidae,Hemidactylus,Hemidactylus smithi,21.44644337,123.583728,29.023099,13.50745145,718.2890782,81.44477023,300.3476752,0
Gekkota,Gekkonidae,Hemidactylus,Hemidactylus agrius,27.15490377,111.5774749,34.14604322,21.29648875,818.5340653,95.48688162,196.1629599,14.34939434
Gekkota,Gekkonidae,Hemidactylus,Hemidactylus palaichthus,24.49655655,60.29992204,28.99029456,20.92582597,2386.208073,48.32894026,1353.421729,21.5271427
Gekkota,Gekkonidae,Hemidactylus,Hemidactylus longicephalus,22.78828186,99.13076767,29.17767349,15.7378766,1221.752993,80.31778432,300.3476752,0
Gekkota,Gekkonidae,Hemidactylus,Hemidactylus greeffii,24.13753754,113.5902903,26.41771772,21.93603604,1061.702703,67.08108108,974.6158975,156.207577
Gekkota,Gekkonidae,Hemidactylus,Hemidactylus lopezjuradoi,19.94166667,161.675,22.975,17.44166667,576.9166667,142.8333333,350.7130401,34.41921208
Gekkota,Gekkonidae,Hemidactylus,Hemidactylus bouvieri,21.73466334,165.8313217,24.86750623,19.20249377,217.6022444,152.6246883,290.5622523,63.3983316
Gekkota,Gekkonidae,Hemidactylus,Hemidactylus newtoni,25.12777778,147.6666667,27.80555556,22.35,1157.111111,77,80.28858268,5.885433071
Gekkota,Gekkonidae,Hemidactylus,Hemidactylus brasilianus,25.2708898,124.9534523,32.18044129,19.09595196,847.2762194,79.31865855,537.4328788,14.55906693
Gekkota,Gekkonidae,Hemidactylus,Hemidactylus mabouia,23.23701473,129.5958783,29.78077906,17.02098682,1480.072858,66.95785776,956.2185502,13.26806378
Gekkota,Gekkonidae,Hemidactylus,Hemidactylus mercatorius,22.69698137,197.5036425,28.86665704,15.24153902,1447.806516,93.83493705,860.1238598,16.30000476
Gekkota,Gekkonidae,Hemidactylus,Hemidactylus persicus,23.93938111,802.2493324,41.6753938,5.806620406,252.9080088,97.61850749,12.11626869,0
Gekkota,Gekkonidae,Hemidactylus,Hemidactylus luqueorum,23.17318898,532.1075197,37.29405512,9.456062992,141.8,82.35590551,404.6666667,7.75
Gekkota,Gekkonidae,Hemidactylus,Hemidactylus hajarensis,25.36105693,489.8137694,37.74311851,13.34273602,116.8644738,91.53324409,315.2070574,7.699984455
Gekkota,Gekkonidae,Hemidactylus,Hemidactylus turcicus,19.85847456,582.502338,33.75750177,7.021346126,397.4317926,91.36163969,240.6314379,9.772375155
Gekkota,Gekkonidae,Hemidactylus,Hemidactylus lavadeserticus,18.02592593,769.2777778,35.24444444,2.714814815,595.8888889,68.74074074,835.1828504,119.1772581
Gekkota,Gekkonidae,Hemidactylus,Hemidactylus dawudazraqi,17.26277809,695.4994391,33.86293021,1.725156874,134.5660772,101.1331052,588.594503,25.78943
Gekkota,Gekkonidae,Hemidactylus,Hemidactylus mindiae,18.13870788,603.7719371,33.05860299,3.622506137,17.48170051,110.0012274,629.5099349,28.71326307
Gekkota,Gekkonidae,Hemidactylus,Hemidactylus lemurinus,25.20899505,314.8462983,34.42985615,15.65241838,91.32583912,74.55727105,127.6186736,5.829168917
Gekkota,Gekkonidae,Hemidactylus,Hemidactylus macropholis,26.10776263,138.6523205,33.50331201,18.93457861,329.6373487,104.7251564,816.4712942,135.6691952
Gekkota,Gekkonidae,Hemidactylus,Hemidactylus jumailiae,18.61666667,230.4166667,27.98333333,9.058333333,585.8333333,92.41666667,480.980981,2.042042042
Gekkota,Gekkonidae,Hemidactylus,Hemidactylus yerburii,25.77408271,353.54801,36.38585858,14.50029304,192.0558118,92.65691721,1820.756781,3.371609403
Gekkota,Gekkonidae,Hemidactylus,Hemidactylus granchii,27.52362073,75.86274066,34.04791492,21.71320866,245.493741,111.4942546,672.984691,11.8708101
Gekkota,Gekkonidae,Hemidactylus,Hemidactylus barodanus,25.42330903,228.0740865,33.63768608,16.03391708,295.3993225,77.86297479,158.9009361,46.09188587
Gekkota,Gekkonidae,Hemidactylus,Hemidactylus shihraensis,29.25833333,355.5083333,38.95833333,19.46666667,64.83333333,77.83333333,1034.399663,155.1681254
Gekkota,Gekkonidae,Hemidactylus,Hemidactylus festivus,23.29932584,308.4068686,32.67919883,13.07266243,104.9207621,95.43820225,462.7655244,20.98292492
Gekkota,Gekkonidae,Hemidactylus,Hemidactylus homoeolepis,27.0802093,374.6609027,38.1047822,15.88397396,65.90346308,99.26074526,1021.575227,206.2085214
Gekkota,Gekkonidae,Hemidactylus,Hemidactylus inexpectatus,28.9,407.1956522,41.45217391,16.95652174,52.86956522,91.7826087,173.8490602,4.713834564
Gekkota,Gekkonidae,Hemidactylus,Hemidactylus masirahensis,27.03463542,244.8040365,33.64791667,20.82617188,51.59505208,74.32942708,47.91631683,5.468056744
Gekkota,Gekkonidae,Hemidactylus,Hemidactylus forbesii,26.85316456,127.2955696,29.77974684,24.42405063,120.6708861,159.5063291,160.3155435,5.209066459
Gekkota,Gekkonidae,Hemidactylus,Hemidactylus oxyrhinus,26.85316456,127.2955696,29.77974684,24.42405063,120.6708861,159.5063291,213.4059792,7.578265374
Gekkota,Gekkonidae,Hemidactylus,Hemidactylus paucituberculatus,24.12898743,263.7679351,32.08143614,15.48729318,78.37458637,86.10225017,897.9697811,74.02941814
Gekkota,Gekkonidae,Hemidactylus,Hemidactylus ulii,23.71096785,282.4360601,33.21605586,13.87753999,377.9940613,80.0539832,54.33333333,0
Gekkota,Gekkonidae,Hemidactylus,Hemidactylus granosus,27.73943831,580.4340855,40.21649064,13.33569371,49.15842535,112.0957753,136.0949367,0
Gekkota,Gekkonidae,Hemidactylus,Hemidactylus saba,25.43333333,407.375,37.19166667,12.975,77.83333333,96,168.5277226,4.375955168
Gekkota,Gekkonidae,Hemidactylus,Hemidactylus robustus,26.04187874,454.801775,38.18744258,13.6593507,231.7964623,100.0575673,860.3574074,152.6802097
Gekkota,Gekkonidae,Hemidactylus,Hemidactylus alkiyumii,23.85045903,262.7470078,31.78633118,15.17444747,96.25246515,89.30788847,251.5019767,90.60771032
Gekkota,Gekkonidae,Hemidactylus,Hemidactylus inintellectus,24.83213046,119.5189914,27.98080037,22.7777932,305.5357391,143.413139,37.08257321,0.077532405
Gekkota,Gekkonidae,Hemidactylus,Hemidactylus granti,23.33355263,116.8608553,26.44210526,21.34375,339.5378289,144.1496711,40.96366891,0.527382095
Gekkota,Gekkonidae,Hemidactylus,Hemidactylus dracaenacolus,23.31089838,116.0840943,26.40692194,21.33726068,326.1826215,141.5257732,230.7900249,0.017955112
Gekkota,Gekkonidae,Hemidactylus,Hemidactylus pumilio,24.83213046,119.5189914,27.98080037,22.7777932,305.5357391,143.413139,136.0949367,0
Gekkota,Gekkonidae,Hemidactylus,Hemidactylus citernii,26.29340103,176.2252917,33.88277811,18.44758207,239.6013457,105.2382664,257.8600129,8.587036289
Gekkota,Gekkonidae,Hemidactylus,Hemidactylus foudaii,27.485224,517.7178057,39.93796221,14.62565872,39.98130858,151.1722636,971.3985352,380.4844299
Gekkota,Gekkonidae,Hemidactylus,Hemidactylus sinaitus,27.63323381,368.0011233,38.26060077,15.84864767,175.3272089,126.2573618,2448.997003,2.047531107
Gekkota,Gekkonidae,Hemidactylus,Hemidactylus albopunctatus,26.31202135,129.9302181,34.17650878,19.28199167,389.1217785,108.7054672,299.9801415,0
Gekkota,Gekkonidae,Hemidactylus,Hemidactylus ophiolepis,25.09134615,142.3402778,32.85530627,16.48165954,637.3678775,77.0491453,688.5455681,100.3049341
Gekkota,Gekkonidae,Hemidactylus,Hemidactylus modestus,26.00876145,120.1934964,31.27650524,21.22746237,812.7250491,61.16320353,583.5833333,0
Gekkota,Gekkonidae,Hemidactylus,Hemidactylus squamulatus,24.01004033,123.6828858,31.3655828,17.22208211,668.9789959,90.63718246,838.8646069,18.04701438
Gekkota,Gekkonidae,Hemidactylus,Hemidactylus isolepis,24.88073034,127.0672548,32.57831491,18.33049154,669.8845216,76.35588717,336.6759868,0
Gekkota,Gekkonidae,Hemidactylus,Hemidactylus funaiolii,26.87963625,137.0853159,35.20069369,20.67688676,496.5338683,105.3846378,859.4615325,172.2389794
Gekkota,Gekkonidae,Cyrtodactylus,Cyrtodactylus chanhomeae,27.63028683,129.1345649,33.10126398,20.56305299,1741.55615,82.31356344,1017.301896,20.26154594
Gekkota,Gekkonidae,Cyrtodactylus,Cyrtodactylus angularis,25.84129534,244.6693782,32.0907772,16.09020725,2945.663731,104.6207254,1935.866839,17.86891192
Gekkota,Gekkonidae,Cyrtodactylus,Cyrtodactylus jarujini,24.28760233,269.1561504,30.5758617,14.78217363,2721.38087,100.1041577,1750.188712,28.16016803
Gekkota,Gekkonidae,Cyrtodactylus,Cyrtodactylus roesleri,23.98,297.828,30.184,15.212,2145.84,87.32,1388.64,93.52
Gekkota,Gekkonidae,Cyrtodactylus,Cyrtodactylus phongnhakebangensis,22.74615385,302.1538462,28.71538462,14.93076923,2488.615385,82.23076923,1676.461538,159.4615385
Gekkota,Gekkonidae,Cyrtodactylus,Cyrtodactylus lomyenensis,24.78571429,280.6857143,30.97619048,15.6952381,2135.714286,100.5238095,1435.190476,19.38095238
Gekkota,Gekkonidae,Cyrtodactylus,Cyrtodactylus teyniei,24.92142857,288.7928571,31.32142857,15.45,1989.571429,93.57142857,1212.928571,27.71428571
Gekkota,Gekkonidae,Cyrtodactylus,Cyrtodactylus pageli,24.95003257,239.2558958,30.40925081,15.11843648,2299.035831,96.00846906,1406.910098,23.76612378
Gekkota,Gekkonidae,Cyrtodactylus,Cyrtodactylus nigriocularis,25.24166667,89.23333333,31.23333333,18.825,2496.416667,72.83333333,1204.5,38
Gekkota,Gekkonidae,Cyrtodactylus,Cyrtodactylus cavernicolus,24.704811,42.29183849,28.40773196,21.6056701,3412.735395,20.9871134,1152.878007,665.4914089
Gekkota,Gekkonidae,Cyrtodactylus,Cyrtodactylus consobrinus,25.06195582,45.99100226,28.85877191,21.46151662,3025.157391,25.85961393,1090.322876,520.1730743
Gekkota,Gekkonidae,Cyrtodactylus,Cyrtodactylus malayanus,25.03628911,26.00819304,28.29206258,21.81080212,3016.644645,21.0968268,958.8297488,522.4178493
Gekkota,Gekkonidae,Cyrtodactylus,Cyrtodactylus yoshii,25.05988989,42.97617912,28.86393666,21.41878086,2311.023384,18.10159487,760.463704,449.1305977
Gekkota,Gekkonidae,Cyrtodactylus,Cyrtodactylus ziegleri,21.44,143.14,26.62,15.48,1663.5,63.1,747.5,42.3
Gekkota,Gekkonidae,Cyrtodactylus,Cyrtodactylus bugiamapensis,25.10434783,97.94782609,31.04347826,18.71304348,2535.73913,80.91304348,1343.043478,43.56521739
Gekkota,Gekkonidae,Cyrtodactylus,Cyrtodactylus irregularis,22.64927362,140.885254,28.13176406,16.43008192,2076.546368,71.29765156,1033.96461,50.51228837
Gekkota,Gekkonidae,Cyrtodactylus,Cyrtodactylus bidoupimontis,23.46760895,110.0515901,29.17321218,17.28164227,2375.947501,74.5838802,1209.710079,51.88170957
Gekkota,Gekkonidae,Cyrtodactylus,Cyrtodactylus takouensis,26.425,88.975,30.24166667,21.93333333,1544.083333,80.75,798.5,14.58333333
Gekkota,Gekkonidae,Cyrtodactylus,Cyrtodactylus cucdongensis,26.68333333,177.9833333,30.45,22.41666667,1894.083333,121.3333333,1648.416667,72.08333333
Gekkota,Gekkonidae,Cyrtodactylus,Cyrtodactylus yangbayensis,23.4125,153.5833333,27.72083333,18.4625,1624.166667,89.20833333,1143.708333,69.20833333
Gekkota,Gekkonidae,Cyrtodactylus,Cyrtodactylus caovansungi,23.31666667,136.2083333,26.99166667,19.175,1420.083333,77.08333333,808.4166667,31.5
Gekkota,Gekkonidae,Cyrtodactylus,Cyrtodactylus dati,26.948,91.496,33.112,20.568,2235.4,80.92,1140.76,31.92
Gekkota,Gekkonidae,Cyrtodactylus,Cyrtodactylus huynhi,26.79166667,85.35,31.89166667,21.16666667,1904.833333,73.58333333,921,41.91666667
Gekkota,Gekkonidae,Cyrtodactylus,Cyrtodactylus cryptus,24.51818182,335.0272727,30.66363636,16.91818182,2614.909091,82.36363636,1786.909091,151.7272727
Gekkota,Gekkonidae,Cyrtodactylus,Cyrtodactylus kingsadai,26.05,174.3333333,29.725,21.91666667,2110.666667,121.1666667,1830.166667,79.91666667
Gekkota,Gekkonidae,Cyrtodactylus,Cyrtodactylus badenensis,25.24166667,89.23333333,31.23333333,18.825,2496.416667,72.83333333,1204.5,38
Gekkota,Gekkonidae,Cyrtodactylus,Cyrtodactylus pseudoquadrivirgatus,22.7342355,199.2865399,28.35665764,15.65007815,2446.873709,79.19326802,1412.998551,83.31647162
Gekkota,Gekkonidae,Cyrtodactylus,Cyrtodactylus cattienensis,26.43333333,90.50833333,32.225,20.2,2345.083333,65.58333333,1067.583333,77.75
Gekkota,Gekkonidae,Cyrtodactylus,Cyrtodactylus eisenmanae,26.71333333,79.09333333,30.30666667,22.86,2746.333333,69.66666667,1298.466667,50.4
Gekkota,Gekkonidae,Cyrtodactylus,Cyrtodactylus grismeri,27.18,88.736,32.3,21.804,1629.52,71.32,807.44,21.2
Gekkota,Gekkonidae,Cyrtodactylus,Cyrtodactylus paradoxus,26.98630137,69.59794521,29.71386986,23.92517123,2963.994863,73.38013699,1523.587329,83.49828767
Gekkota,Gekkonidae,Cyrtodactylus,Cyrtodactylus redimiculus,25.40411917,46.0888342,27.06549223,24.22064767,1691.630829,53.91476684,733.892487,109.7222798
Gekkota,Gekkonidae,Cyrtodactylus,Cyrtodactylus annulatus,25.57758908,48.06121366,28.54001434,23.03819208,2200.947726,37.70658541,847.9177401,278.1179151
Gekkota,Gekkonidae,Cyrtodactylus,Cyrtodactylus jambangan,25.88867596,25.97868757,27.18536585,24.83437863,1767.442509,44.514518,695.6614402,187.2270616
Gekkota,Gekkonidae,Cyrtodactylus,Cyrtodactylus tautbatorum,26.10222761,46.47395236,27.76923247,24.90855757,1612.167622,53.88707543,703.962285,107.4803705
Gekkota,Gekkonidae,Cyrtodactylus,Cyrtodactylus baluensis,23.85261788,40.34804202,27.71147256,20.30315881,2708.645139,17.30452349,856.025453,516.225037
Gekkota,Gekkonidae,Cyrtodactylus,Cyrtodactylus aurensis,26.48,58.72,28.36,24.7,3112,59.6,1783.6,457.4
Gekkota,Gekkonidae,Cyrtodactylus,Cyrtodactylus pubisulcus,25.72884429,39.47760439,29.45709355,22.54829002,3779.879654,23.1558544,1321.327373,682.8366184
Gekkota,Gekkonidae,Cyrtodactylus,Cyrtodactylus philippinicus,25.68191283,102.3336965,29.30644228,22.05449883,2522.2872,63.52756966,1277.398831,177.4117077
Gekkota,Gekkonidae,Cyrtodactylus,Cyrtodactylus agusanensis,25.42779286,48.88201058,28.59958864,22.68199366,2411.085377,33.76796109,928.6020045,343.5627083
Gekkota,Gekkonidae,Cyrtodactylus,Cyrtodactylus sworderi,26.24426493,58.86323656,29.90815229,22.52453611,2505.417248,36.56707975,1075.79649,371.6039562
Gekkota,Gekkonidae,Cyrtodactylus,Cyrtodactylus tebuensis,23.1,85.76875,26.71875,19.71875,4029.9375,66.1875,2412.5,381.75
Gekkota,Gekkonidae,Cyrtodactylus,Cyrtodactylus quadrivirgatus,25.63690957,62.09947542,29.53121828,21.71489579,2488.269973,39.41495563,1075.808367,341.4975138
Gekkota,Gekkonidae,Cyrtodactylus,Cyrtodactylus papuensis,25.56643123,57.74167443,28.72183328,22.62909811,4209.713883,23.43493222,1379.120563,757.205164
Gekkota,Gekkonidae,Cyrtodactylus,Cyrtodactylus marmoratus,22.76050537,37.19126565,25.6516458,19.99135063,3000.823345,30.09150268,1063.642352,428.42339
Gekkota,Gekkonidae,Cyrtodactylus,Cyrtodactylus tiomanensis,24.20833333,56.45,26.25833333,22.29166667,3789.083333,73.08333333,2443.083333,494.4166667
Gekkota,Gekkonidae,Cyrtodactylus,Cyrtodactylus pantiensis,26.46435291,44.27163837,29.51895365,23.2896799,2328.231586,28.22648004,902.2169,403.520078
Gekkota,Gekkonidae,Cyrtodactylus,Cyrtodactylus payacola,27.11714286,43.39142857,30.32571429,23.71714286,2646.657143,28.22857143,971.4285714,418.1428571
Gekkota,Gekkonidae,Cyrtodactylus,Cyrtodactylus majulah,26.73333333,42.13333333,29.08333333,24.29166667,2490.416667,22.16666667,905,477.5
Gekkota,Gekkonidae,Cyrtodactylus,Cyrtodactylus semenanjungensis,25.46045912,30.89850799,28.88980394,22.46020101,2927.833599,29.56547094,1033.052514,446.5354413
Gekkota,Gekkonidae,Cyrtodactylus,Cyrtodactylus rubidus,27.05142075,64.56843547,28.94094488,25.59255392,3022.460116,75.98134201,1460.483567,36.92913386
Gekkota,Gekkonidae,Cyrtodactylus,Cyrtodactylus seribuatensis,26.70606061,54.00909091,28.96060606,24.5,3200.272727,51.87878788,1706,493.4848485
Gekkota,Gekkonidae,Cyrtodactylus,Cyrtodactylus sadleiri,25.43963415,68.93536585,27.04329268,23.89695122,2185.146341,58.67073171,1066.506098,106.7560976
Gekkota,Gekkonidae,Cyrtodactylus,Cyrtodactylus batucolus,26.95,36.65,29.75,24.05,2081.5,22,664.5,306
Gekkota,Gekkonidae,Cyrtodactylus,Cyrtodactylus kimberleyensis,27.7,139.025,30.425,23.075,1328,123.75,1069.75,6
Gekkota,Gekkonidae,Cyrtodactylus,Cyrtodactylus darmandvillei,25.47052187,57.26562552,27.80253988,23.13738676,1416.776691,81.44806314,810.1278831,44.30711944
Gekkota,Gekkonidae,Cyrtodactylus,Cyrtodactylus jellesmae,23.09651107,36.45514376,26.68114854,20.17424057,2562.572601,34.21297429,991.0167344,344.8252649
Gekkota,Gekkonidae,Cyrtodactylus,Cyrtodactylus triedrus,25.33393211,85.01665796,29.36064752,21.11412359,1854.246406,49.63251523,833.6608877,212.4937859
Gekkota,Gekkonidae,Cyrtodactylus,Cyrtodactylus collegalensis,26.63579473,259.7778961,36.70598571,17.23480805,1223.813382,105.0313076,941.0572482,15.33447388
Gekkota,Gekkonidae,Cyrtodactylus,Cyrtodactylus jeyporensis,25.09941243,282.3762742,34.74817004,15.07098612,1399.668024,95.09553306,906.0358205,21.42145689
Gekkota,Gekkonidae,Cyrtodactylus,Cyrtodactylus nebulosus,26.23806804,363.3854671,38.25861886,14.45591851,1329.301904,113.7155735,1024.584959,19.50305825
Gekkota,Gekkonidae,Cyrtodactylus,Cyrtodactylus albofasciatus,25.04772764,149.8665358,33.13422433,17.98427928,2497.679696,116.3898971,2193.130511,7.2264982
Gekkota,Gekkonidae,Cyrtodactylus,Cyrtodactylus deccanensis,25.20645056,180.3272802,34.16018675,16.83767978,2281.384362,127.3846015,2082.529214,2.482625483
Gekkota,Gekkonidae,Cyrtodactylus,Cyrtodactylus jelawangensis,24.56666667,87.625,29.16666667,19.93333333,2635.916667,50.66666667,1379.5,409.5833333
Gekkota,Gekkonidae,Cyrtodactylus,Cyrtodactylus timur,23.09375,85.7625,26.7125,19.7125,4036.3125,66.5625,2425.875,380.25
Gekkota,Gekkonidae,Cyrtodactylus,Cyrtodactylus macrotuberculatus,26.99440329,51.70074074,30.57580247,23.75415638,2587.216461,47.13662551,1127.329218,204.1893004
Gekkota,Gekkonidae,Cyrtodactylus,Cyrtodactylus pulchellus,26.14306583,49.19052836,30.00683931,22.37231076,2363.016411,35.76199962,932.1408177,297.7475337
Gekkota,Gekkonidae,Cyrtodactylus,Cyrtodactylus australotitiwangsaensis,20.33913043,43.47391304,24.22173913,16.1173913,3204.347826,29.73913043,1188.347826,503.5652174
Gekkota,Gekkonidae,Cyrtodactylus,Cyrtodactylus sharkari,25.375,75.225,29.95,20.59166667,2199.916667,37.33333333,941.6666667,345.8333333
Gekkota,Gekkonidae,Cyrtodactylus,Cyrtodactylus bintangtinggi,25.23409992,45.60142744,28.68937351,21.59928628,2950.324346,30.81919112,1096.782712,470.850119
Gekkota,Gekkonidae,Cyrtodactylus,Cyrtodactylus bintangrendah,25.99978371,52.96395097,30.36171593,21.72919971,2683.880317,38.66258111,1131.048306,331.1369863
Gekkota,Gekkonidae,Cyrtodactylus,Cyrtodactylus astrum,27.08655049,59.14678284,30.23016086,24.46362824,2054.360143,49.90437891,868.0022341,103.7068811
Gekkota,Gekkonidae,Cyrtodactylus,Cyrtodactylus langkawiensis,26.975,52.79166667,29.68333333,24.675,2630.416667,55.25,1127.666667,121.6666667
Gekkota,Gekkonidae,Cyrtodactylus,Cyrtodactylus interdigitalis,24.30815311,213.0780817,30.47640571,15.02577855,1118.442258,79.27195069,599.0015138,15.4258218
Gekkota,Gekkonidae,Cyrtodactylus,Cyrtodactylus elok,24.52316095,55.57748551,28.57897905,20.12065314,2600.110232,32.83169862,1027.202185,387.9831699
Gekkota,Gekkonidae,Cyrtodactylus,Cyrtodactylus loriae,20.95556954,58.30018129,24.46780643,17.2041545,2778.697351,32.28653439,997.3525028,390.107463
Gekkota,Gekkonidae,Cyrtodactylus,Cyrtodactylus sermowaiensis,25.49957201,20.29252857,28.37141245,22.5772087,2741.827976,29.36868151,967.3553737,407.7361426
Gekkota,Gekkonidae,Cyrtodactylus,Cyrtodactylus mimikanus,22.6304314,24.86805366,25.69745522,19.6287948,3118.470502,20.90259659,1020.248505,586.2050425
Gekkota,Gekkonidae,Cyrtodactylus,Cyrtodactylus novaeguineae,24.62083855,57.87807487,28.09304813,21.50236091,4129.573956,20.75543293,1368.435601,778.8620435
Gekkota,Gekkonidae,Cyrtodactylus,Cyrtodactylus zugi,26.04970273,25.90099881,27.26023781,24.73850178,2396.820452,22.1274673,780.1093936,442.7545779
Gekkota,Gekkonidae,Cyrtodactylus,Cyrtodactylus tuberculatus,24.34254701,193.374311,30.38365422,17.71998456,1283.365493,105.7357704,895.8279119,25.86320516
Gekkota,Gekkonidae,Cyrtodactylus,Cyrtodactylus mcdonaldi,23.26213078,231.8482627,29.72905993,15.70519672,1168.027087,104.780212,813.5830678,34.19012747
Gekkota,Gekkonidae,Cyrtodactylus,Cyrtodactylus hoskini,25.45715962,127.9649844,30.34679186,20.59949139,1695.357199,97.45266041,1094.725743,34.48122066
Gekkota,Gekkonidae,Cyrtodactylus,Cyrtodactylus adorus,25.52107327,128.8525606,30.49703504,20.58575104,1612.132198,100.5297721,1062.697501,28.79943641
Gekkota,Gekkonidae,Cyrtodactylus,Cyrtodactylus pronarus,24.96626082,152.4642316,30.83319805,18.98574134,1396.400162,113.6331169,999.2337662,9.395562771
Gekkota,Gekkonidae,Cyrtodactylus,Cyrtodactylus arcanus,19.80909091,15.11363636,22.73636364,16.84545455,3044.454545,33.22727273,1108,368.2272727
Gekkota,Gekkonidae,Cyrtodactylus,Cyrtodactylus klugei,26.52474333,79.33295688,28.124846,24.73182752,2233.533881,36.48459959,849.8398357,313.9671458
Gekkota,Gekkonidae,Cyrtodactylus,Cyrtodactylus robustus,26.30952381,73.45994398,27.84369748,24.5929972,3583.94958,17.98039216,1169.310924,730.9047619
Gekkota,Gekkonidae,Cyrtodactylus,Cyrtodactylus louisiadensis,24.75312626,42.90104881,26.44270539,23.12363856,2611.54955,29.85007395,963.4020438,466.041549
Gekkota,Gekkonidae,Cyrtodactylus,Cyrtodactylus epiroticus,24.66135603,57.88433161,27.74869578,21.37184012,2814.205774,30.49598816,993.3668098,413.4635381
Gekkota,Gekkonidae,Cyrtodactylus,Cyrtodactylus salomonensis,25.33579009,36.54746776,26.79255021,23.83692052,3234.040965,22.7227158,1100.355412,623.0985239
Gekkota,Gekkonidae,Cyrtodactylus,Cyrtodactylus tripartitus,26.01050584,74.24513619,27.5536965,24.27626459,2952.680934,20.08949416,944.6070039,502.2957198
Gekkota,Gekkonidae,Cyrtodactylus,Cyrtodactylus medioclivus,18.66967177,41.29575492,21.95995624,15.5014442,5056.886652,12.31422319,1485.369365,1034.023195
Gekkota,Gekkonidae,Cyrtodactylus,Cyrtodactylus boreoclivus,19.84822592,22.31614772,22.48233164,17.04837075,3467.286025,16.71035482,1087.056481,713.737147
Gekkota,Gekkonidae,Cyrtodactylus,Cyrtodactylus capreoloides,21.06114318,46.71685503,24.34716644,18.00935848,4543.713391,15.08699894,1386.149443,910.6555818
Gekkota,Gekkonidae,Cyrtodactylus,Cyrtodactylus tigroides,25.6847008,137.6587909,32.30876002,18.04349167,1447.024676,78.17149907,777.8932758,15.29611351
Gekkota,Gekkonidae,Cyrtodactylus,Cyrtodactylus peguensis,25.47496148,215.9337043,34.23721222,15.42697123,1436.92513,84.9711888,800.9209412,20.96396356
Gekkota,Gekkonidae,Cyrtodactylus,Cyrtodactylus oldhami,24.16233509,239.078737,32.40051203,13.8997502,1870.34879,86.07663666,1114.946321,28.772031
Gekkota,Gekkonidae,Cyrtodactylus,Cyrtodactylus wayakonei,21.97692308,280.6769231,27.50769231,12.4,1632.615385,77,947.6538462,71.76923077
Gekkota,Gekkonidae,Cyrtodactylus,Cyrtodactylus hontreensis,26.675,83.3,30.975,22.175,2435,69,1130.25,39.75
Gekkota,Gekkonidae,Cyrtodactylus,Cyrtodactylus intermedius,25.95297307,86.6552147,30.50200929,20.42554212,2125.517963,75.33355563,1118.784657,37.61765339
Gekkota,Gekkonidae,Cyrtodactylus,Cyrtodactylus fasciolatus,8.106477515,672.1677477,21.25621428,-8.460423435,1433.206533,87.76595011,1041.616826,69.8205339
Gekkota,Gekkonidae,Cyrtodactylus,Cyrtodactylus slowinskii,22.97897365,318.8088766,32.51742025,10.75722607,1133.304022,83.78252427,626.0260749,13.96061026
Gekkota,Gekkonidae,Cyrtodactylus,Cyrtodactylus russelli,24.05170863,376.4877698,30.26128597,12.04860612,2946.467626,110.193795,2242.205486,31.91276978
Gekkota,Gekkonidae,Cyrtodactylus,Cyrtodactylus annandalei,25.85115338,329.1976477,35.93373128,13.51008195,822.8483408,85.9516896,469.9134966,7.136179684
Gekkota,Gekkonidae,Cyrtodactylus,Cyrtodactylus feae,24.2714772,258.6280992,34.24488059,13.12745276,1381.336362,89.73948041,826.7845291,12.40435967
Gekkota,Gekkonidae,Cyrtodactylus,Cyrtodactylus gubernatoris,22.16091526,423.4168601,29.39066674,10.00079921,3451.29007,103.4134552,2385.418929,27.23620539
Gekkota,Gekkonidae,Cyrtodactylus,Cyrtodactylus chrysopylos,25.79435484,300.45,36.24516129,13.70806452,891.1451613,83.24193548,494.016129,11.39516129
Gekkota,Gekkonidae,Cyrtodactylus,Cyrtodactylus brevidactylus,25.6233401,307.781038,36.21835315,13.36564222,768.8260365,85.60655262,437.6836764,7.937663091
Gekkota,Gekkonidae,Cyrtodactylus,Cyrtodactylus gansi,18.39173184,292.7692737,27.5673743,6.016089385,1389.692737,88.57430168,783.6022346,9.659217877
Gekkota,Gekkonidae,Cyrtodactylus,Cyrtodactylus vilaphongi,23.15454545,261.7818182,28.06363636,13.4,1254.636364,83.36363636,754,34.90909091
Gekkota,Gekkonidae,Cyrtodactylus,Cyrtodactylus khasiensis,20.87408499,382.8459446,28.33299782,8.31979147,3204.117803,95.98372845,2124.457744,37.16709072
Gekkota,Gekkonidae,Cyrtodactylus,Cyrtodactylus ayeyarwadyensis,25.7503803,188.0913652,33.95066797,16.0219844,2822.568918,110.0638469,1992.46431,7.274012677
Gekkota,Gekkonidae,Cyrtodactylus,Cyrtodactylus lawderanus,9.899446779,664.2575776,23.16006909,-6.738326309,1432.648108,92.84769371,1067.606702,65.8597479
Gekkota,Gekkonidae,Cyrtodactylus,Cyrtodactylus himalayanus,10.47656452,690.0020635,24.80208994,-5.982467418,1114.148791,66.02025361,647.4889632,69.75860045
Gekkota,Gekkonidae,Cyrtodactylus,Cyrtodactylus battalensis,7.525194444,725.8390278,21.86361111,-8.079305556,1266.775556,61.955,674.6188889,102.4505556
Gekkota,Gekkonidae,Cyrtodactylus,Cyrtodactylus tibetanus,1.09443852,637.8261721,13.38497057,-14.59375123,449.070664,128.9942331,393.0857922,2.069044516
Gekkota,Gekkonidae,Altiphylax,Altiphylax stoliczkai,4.310139993,964.0122344,22.68294385,-15.76857457,228.7711414,71.7840908,109.4112194,21.17186141
Gekkota,Gekkonidae,Altiphylax,Altiphylax levitoni,6.089450106,856.7010108,24.5479617,-13.05396181,397.9437507,90.916676,254.8155169,8.299193639
Gekkota,Gekkonidae,Tropiocolotes,Tropiocolotes somalicus,27.46035996,325.8624082,37.10730967,18.01954397,320.7644233,67.12642853,175.7401866,21.8103572
Gekkota,Gekkonidae,Tropiocolotes,Tropiocolotes nubicus,28.35245975,559.957776,42.01971537,12.05725153,42.67651255,230.0545817,51.68555672,0
Gekkota,Gekkonidae,Tropiocolotes,Tropiocolotes steudneri,25.4304963,595.6247431,39.68959495,8.899827959,39.71105048,219.5543408,43.59215264,0.040873708
Gekkota,Gekkonidae,Tropiocolotes,Tropiocolotes scorteccii,25.60967088,343.3638536,35.67650294,15.0733093,121.2515848,83.80989006,71.65619549,5.81652566
Gekkota,Gekkonidae,Tropiocolotes,Tropiocolotes nattereri,20.05493583,598.7074521,34.72554675,5.487691236,68.22387972,102.4431463,45.51153649,0
Gekkota,Gekkonidae,Stenodactylus,Stenodactylus pulcher,26.21073326,323.8301081,35.31893853,16.97561184,77.81654335,69.15528363,39.57683552,5.5071144
Gekkota,Gekkonidae,Trigonodactylus,Trigonodactylus sharqiyahensis,28.41052632,507.7526316,42.52631579,15.01052632,97,95.21052632,62.47368421,2
Gekkota,Gekkonidae,Trigonodactylus,Trigonodactylus arabicus,27.1067578,670.0903355,42.87503997,10.782806,68.53828801,117.3711856,52.27058513,0.431623511
Gekkota,Gekkonidae,Stenodactylus,Stenodactylus stenurus,20.83766082,632.0673753,35.65568283,7.34126935,213.7827657,77.92091503,118.6949088,0.566838665
Gekkota,Gekkonidae,Stenodactylus,Stenodactylus petrii,25.10135179,624.8926816,40.13158691,8.610604355,59.96216315,157.7808243,58.12938497,0.412960941
Gekkota,Gekkonidae,Stenodactylus,Stenodactylus yemenensis,28.77693725,286.398231,37.29141339,19.83754217,201.8291234,71.79698531,112.0041962,12.12945745
Gekkota,Gekkonidae,Stenodactylus,Stenodactylus sthenodactylus,25.65788647,578.8400135,39.93349083,9.729008721,72.00440382,165.846927,70.04180987,0.788829477
Gekkota,Gekkonidae,Stenodactylus,Stenodactylus mauritanicus,20.52284153,540.8540676,33.43773527,8.494360301,133.5936143,103.4933118,94.35437647,0.0468011
Gekkota,Gekkonidae,Stenodactylus,Stenodactylus leptocosymbotes,27.745275,460.7274082,40.38580324,15.06743128,70.45080668,103.0231511,47.62595934,2.279353255
Gekkota,Gekkonidae,Stenodactylus,Stenodactylus doriae,26.08889545,677.6340254,41.85147225,9.643505646,86.9864405,106.5995492,59.97310571,1.060274544
Gekkota,Gekkonidae,Stenodactylus,Stenodactylus grandiceps,20.04276413,842.6432987,38.68838582,2.419798541,139.8230689,84.14789297,74.31152076,0.094416506
Gekkota,Gekkonidae,Stenodactylus,Stenodactylus slevini,25.25607497,761.2730104,42.12796774,7.81027533,102.7087403,95.70090448,64.90921356,0.875306502
Gekkota,Gekkonidae,Stenodactylus,Stenodactylus affinis,26.12378089,911.4260401,45.34732397,7.750687079,203.7463822,106.6991717,151.6286398,0.026591361
Gekkota,Gekkonidae,Pseudoceramodactylus,Pseudoceramodactylus khobarensis,28.54759282,619.6545984,43.11213619,13.97046056,69.6817756,123.8074444,946.552362,183.9724956
Gekkota,Gekkonidae,Tropiocolotes,Tropiocolotes algericus,21.91291374,619.7761677,38.74637265,6.960209548,93.20212059,76.62071883,48.51413894,3.630599728
Gekkota,Gekkonidae,Tropiocolotes,Tropiocolotes tripolitanus,25.36143751,607.8387961,40.40607371,9.531852926,111.0049955,119.6721351,101.7062871,0.569825671
Gekkota,Gekkonidae,Mediodactylus,Mediodactylus brachykolon,13,712.6607143,27.59285714,-3.092857143,1398.178571,53.82142857,173.5294059,34.77436251
Gekkota,Gekkonidae,Mediodactylus,Mediodactylus spinicauda,16.20192907,931.5592808,36.24597436,-2.122541729,269.8768699,62.76263428,503.8759101,12.81493049
Gekkota,Gekkonidae,Mediodactylus,Mediodactylus russowii,12.23337456,1115.962708,34.17219946,-8.128576151,199.830623,52.54505633,369.0006132,25.46627358
Gekkota,Gekkonidae,Mediodactylus,Mediodactylus sagittifer,27.35785199,768.3770758,44.83515343,8.712184116,132.2481949,95.09882671,343.7764738,0.316963553
Gekkota,Gekkonidae,Mediodactylus,Mediodactylus heterocercus,14.68825502,947.0078498,35.99212079,-3.389073885,500.9551413,78.56826268,896.3724292,166.4159807
Gekkota,Gekkonidae,Mediodactylus,Mediodactylus heteropholis,17.90174502,962.4273447,39.65797553,-1.116796594,465.4182058,91.53819861,756.9952708,83.89847533
Gekkota,Gekkonidae,Mediodactylus,Mediodactylus kotschyi,13.30540138,734.1392131,29.17333606,-0.42691964,623.3222114,54.5288873,916.9136764,108.1730059
Gekkota,Gekkonidae,Cyrtopodion,Cyrtopodion gastrophole,22.29415774,831.0309836,40.6882964,4.206138799,351.0498908,118.9051261,278.9970867,1.203898311
Gekkota,Gekkonidae,Cyrtopodion,Cyrtopodion agamuroides,22.76392666,758.1293258,40.04162137,4.784008725,151.7965895,103.3663972,101.2698852,2.913293506
Gekkota,Gekkonidae,Cyrtopodion,Cyrtopodion kohsulaimanai,18.01194493,813.3902144,34.95303168,-0.86195269,296.4368945,76.11410646,167.5560113,12.23362228
Gekkota,Gekkonidae,Cyrtopodion,Cyrtopodion aravallensis,26.64415221,482.7919306,40.26136422,10.79901399,538.7168648,152.4266547,524.6289724,3.183199216
Gekkota,Gekkonidae,Cyrtopodion,Cyrtopodion scabrum,21.288404,803.8984673,39.05960902,3.137097434,238.5869514,100.7626415,160.7577623,5.603380543
Gekkota,Gekkonidae,Cyrtopodion,Cyrtopodion sistanense,21.22838428,786.9631732,39.15174672,2.83209607,100.9213974,118.055313,73.16157205,1.178311499
Gekkota,Gekkonidae,Cyrtopodion,Cyrtopodion kachhense,26.98377994,466.7659671,38.97070707,11.96413618,316.8548874,141.2640655,283.7475184,5.185691108
Gekkota,Gekkonidae,Cyrtopodion,Cyrtopodion mansarulus,11.58788415,716.390612,26.29802697,-4.985704618,1172.149253,65.11033023,666.4849116,90.16384681
Gekkota,Gekkonidae,Cyrtopodion,Cyrtopodion rohtasfortai,21.12476524,717.7975959,36.56368595,3.397490746,981.0062342,94.29791545,730.2015975,50.05809468
Gekkota,Gekkonidae,Bunopus,Bunopus tuberculatus,22.96517271,803.5103418,40.8724857,4.855803817,141.5528837,101.2530906,90.79871837,1.269754347
Gekkota,Gekkonidae,Crossobamon,Crossobamon orientalis,26.60756479,648.7955761,41.89049277,8.561781732,229.3455652,128.3287025,208.0280197,6.618788041
Gekkota,Gekkonidae,Bunopus,Bunopus crassicauda,17.83763143,922.8363084,37.73513329,-1.921013329,148.8290949,91.75824241,87.26616863,1.123264104
Gekkota,Gekkonidae,Agamura,Agamura persica,20.007444,849.7862527,38.64431468,1.014755498,168.1891383,97.1513352,102.88871,3.817499197
Gekkota,Gekkonidae,Tenuidactylus,Tenuidactylus elongatus,10.41509192,1184.372569,31.9917389,-14.40651864,50.77633354,102.2656401,33.5515874,2.019244129
Gekkota,Gekkonidae,Tenuidactylus,Tenuidactylus longipes,18.8411835,891.7362075,38.33258617,-0.195257329,167.767902,106.0904134,113.5921027,0.365238774
Gekkota,Gekkonidae,Tenuidactylus,Tenuidactylus fedtschenkoi,13.4393198,929.1234459,33.18996454,-4.60758676,314.7172877,78.71206455,174.8143674,5.85813585
Gekkota,Gekkonidae,Tenuidactylus,Tenuidactylus caspius,13.54985543,1005.882125,34.33845408,-5.503933291,217.1486861,68.06729042,114.3912448,10.64425982
Gekkota,Gekkonidae,Gekko,Gekko palmatus,21.49161799,475.8285899,29.50530228,10.0541556,1744.168095,75.13906799,1124.497159,139.925474
Gekkota,Gekkonidae,Gekko,Gekko adleri,20.32692308,505.9346154,28.76153846,8.134615385,1664.615385,76.46153846,909.5479375,5.822365531
Gekkota,Gekkonidae,Gekko,Gekko chinensis,19.38816618,498.2444971,28.39314623,6.751317419,1497.231125,72.0414712,1052.171576,83.86303387
Gekkota,Gekkonidae,Gekko,Gekko truongi,27,175.375,31.16666667,22.20833333,1530,99.25,689.4166667,277
Gekkota,Gekkonidae,Gekko,Gekko scientiadventura,22.66641874,287.1698897,28.73242841,13.7240362,2540.311144,91.10115284,888.6996147,83.95780159
Gekkota,Gekkonidae,Gekko,Gekko melli,21.1766049,556.2958542,30.85591096,7.4600759,1842.815607,66.62971585,1029.713716,535.1722259
Gekkota,Gekkonidae,Gekko,Gekko subpalmatus,17.02215031,636.2931018,28.52061345,2.996050403,1375.069622,68.98062075,974.4098593,10.95219614
Gekkota,Gekkonidae,Gekko,Gekko auriverrucosus,10.36352185,1006.139736,28.63853215,-10.43488949,509.8886986,90.59460616,733.5369215,109.1138846
Gekkota,Gekkonidae,Gekko,Gekko swinhonis,12.78408471,943.9611688,29.43243954,-6.435662917,814.2774362,84.96361736,1240.165165,230.2312312
Gekkota,Gekkonidae,Gekko,Gekko hokouensis,16.34678518,757.6119023,29.9727022,1.076080909,1502.100355,56.05333903,1109.377491,53.15920281
Gekkota,Gekkonidae,Gekko,Gekko japonicus,15.37144075,780.0929081,29.37897894,-0.496477492,1295.022888,63.32438345,780.2179302,86.52587201
Gekkota,Gekkonidae,Gekko,Gekko scabridus,14.39358539,512.6133386,24.3033076,0.821590128,1005.321474,94.29349186,1015.676748,400.2275743
Gekkota,Gekkonidae,Gekko,Gekko gecko,23.89553919,224.6158127,29.97192136,15.94587626,2145.196629,66.61685915,1514.508389,174.7063758
Gekkota,Gekkonidae,Gekko,Gekko smithii,25.34192629,78.15067102,29.69836058,20.77309283,2728.794952,43.15382178,950.2325723,88.32296645
Gekkota,Gekkonidae,Gekko,Gekko vittatus,25.21607848,49.91596395,28.03572871,22.55420458,2955.649573,35.46471985,1038.450714,181.3949694
Gekkota,Gekkonidae,Gekko,Gekko iskandari,25.28421481,37.0684703,27.19475183,23.35646867,1478.524003,38.78844589,174.2506927,16.39368395
Gekkota,Gekkonidae,Gekko,Gekko grossmanni,25.65268464,165.0704572,29.79245018,20.88053927,1559.25932,91.48487691,767.7272727,173.8181818
Gekkota,Gekkonidae,Gekko,Gekko petricolus,26.31594955,155.2546516,32.30670224,18.53597791,1650.647498,88.26853752,1018.16502,448.9417949
Gekkota,Gekkonidae,Gekko,Gekko badenii,25.6686953,122.7653023,31.53833311,19.033836,2002.071765,77.4785243,337.0170837,11.09842719
Gekkota,Gekkonidae,Gekko,Gekko rhacophorus,25.24166667,52.80833333,28.80833333,21.96666667,2119.833333,27,1011.804165,73.73177302
Gekkota,Gekkonidae,Gekko,Gekko trinotaterra,26.7222032,111.7281046,32.64980636,20.14352381,1794.041641,80.98367144,990.6448971,316.0504586
Gekkota,Gekkonidae,Gekko,Gekko kuhli,25.23120671,35.61938621,28.67020074,22.05979027,2874.34807,29.24508105,713.9090091,93.42456044
Gekkota,Gekkonidae,Gekko,Gekko horsfieldii,25.33727086,30.83960804,28.76036376,22.17848711,3093.454636,22.59221277,1044.971465,107.4882236
Gekkota,Gekkonidae,Gekko,Gekko intermedium,26.70973724,50.08484751,29.76943737,24.01804789,2282.239304,35.95004003,1301.632208,151.2347751
Gekkota,Gekkonidae,Gekko,Gekko lionotum,25.47817234,186.1560421,32.36096015,17.11208621,1822.208604,83.41688441,887.0780246,63.51484369
Gekkota,Gekkonidae,Gekko,Gekko gulat,26.75396368,48.35843903,28.45402133,25.52581436,1775.844696,58.52709715,93.81126448,39.74048881
Gekkota,Gekkonidae,Gekko,Gekko ernstkelleri,26.42600671,67.46073826,29.06442953,24.11342282,3244.449664,61.39932886,1426.550562,237.9213483
Gekkota,Gekkonidae,Gekko,Gekko coi,25.27027601,72.63545648,27.59915074,23.11443737,2544.025478,48.5881104,799.8321031,81.6283378
Gekkota,Gekkonidae,Gekko,Gekko romblon,26.36403807,73.3407206,28.67409925,24.22216179,2479.090415,52.87083617,955.8117486,102.2308894
Gekkota,Gekkonidae,Gekko,Gekko gigante,27.43636364,71.39090909,29.92727273,25.12727273,1955.272727,41,1058.023154,166.1406695
Gekkota,Gekkonidae,Gekko,Gekko carusadensis,26.5890648,104.2533137,30.54561856,22.24027982,2045.276878,72.0802651,1035.645752,26.77124007
Gekkota,Gekkonidae,Gekko,Gekko rossi,25.80289256,179.535124,28.73429752,22.13966942,3122.198347,53.88842975,1023.623611,154.0183655
Gekkota,Gekkonidae,Gekko,Gekko porosus,25.30870871,204.4720721,28.42732733,21.27117117,2953.903904,47.52252252,1050.922548,36.94930293
Gekkota,Gekkonidae,Gekko,Gekko crombota,24.88089888,179.8865169,27.75842697,21.24269663,3179.101124,51.29213483,1048.692144,216.2208068
Gekkota,Gekkonidae,Gekko,Gekko palawanensis,26.8933843,49.29552733,28.61114255,25.62861185,1909.28654,61.52137009,643.6365371,107.5636601
Gekkota,Gekkonidae,Gekko,Gekko kikuchii,24.9903822,181.7164005,29.57124828,20.13185597,2131.698248,63.92571326,716.1404104,135.3452254
Gekkota,Gekkonidae,Gekko,Gekko mindorensis,26.10556094,66.46721934,28.94297191,23.58330769,2280.7173,55.86447116,889.1407672,306.7757333
Gekkota,Gekkonidae,Gekko,Gekko monarchus,25.1826862,41.80953179,28.4989891,22.121699,2735.140917,33.49133629,576.0117982,168.829943
Gekkota,Gekkonidae,Gekko,Gekko athymus,25.39407176,46.12873115,27.05618825,24.21053042,1689.831253,53.99115965,905.7307692,98.30769231
Gekkota,Gekkonidae,Lepidodactylus,Lepidodactylus yami,21.79605263,284.2,26.45263158,16.03421053,3223.907895,36.06578947,1289.370069,646.1522456
Gekkota,Gekkonidae,Lepidodactylus,Lepidodactylus moestus,26.9719705,14.21907271,27.9910432,25.9081138,4675.832455,17.74288725,279.8912418,21.56506232
Gekkota,Gekkonidae,Lepidodactylus,Lepidodactylus listeri,25.43963415,68.93536585,27.04329268,23.89695122,2185.146341,58.67073171,822.0847384,189.8149589
Gekkota,Gekkonidae,Lepidodactylus,Lepidodactylus lugubris,24.46610475,253.7750526,31.82716087,15.93066788,1948.403542,75.6213074,95.06938191,38.86045909
Gekkota,Gekkonidae,Lepidodactylus,Lepidodactylus herrei,26.43728221,63.79425971,29.02916973,24.09239264,2432.682434,42.32611452,911.6702843,73.39528077
Gekkota,Gekkonidae,Lepidodactylus,Lepidodactylus orientalis,25.19275317,59.0107372,28.29852872,21.68617937,1885.922523,47.34966348,954.8156113,167.444627
Gekkota,Gekkonidae,Lepidodactylus,Lepidodactylus novaeguineae,23.73919594,30.56470185,26.4913739,20.89612916,2796.92371,27.00401784,989.3394395,335.4794582
Gekkota,Gekkonidae,Lepidodactylus,Lepidodactylus euaensis,24.07904723,90.92482986,25.96865333,22.2148278,2960.683646,30.59723654,2008.190759,120.6193008
Gekkota,Gekkonidae,Lepidodactylus,Lepidodactylus manni,24.10522278,114.0167402,26.84613283,21.18344893,2487.112705,48.29781421,182.5084173,18.53374028
Gekkota,Gekkonidae,Luperosaurus,Luperosaurus joloensis,27.11828829,27.78846847,28.36045045,26.01162162,2248.967568,34.87297297,104.548742,42.2339169
Gekkota,Gekkonidae,Pseudogekko,Pseudogekko brevipes,25.80340642,59.19690681,28.63054033,23.34699071,2393.797125,50.37056718,177.257779,51.8119209
Gekkota,Gekkonidae,Pseudogekko,Pseudogekko compresicorpus,25.46783138,82.03366521,28.97712478,22.10751708,2417.087364,50.3968849,447.5617457,29.66346025
Gekkota,Gekkonidae,Pseudogekko,Pseudogekko smaragdinus,26.89514388,99.81807554,29.57976619,24.20656475,3671.421763,46.9028777,358.2572223,35.22902795
Gekkota,Gekkonidae,Lepidodactylus,Lepidodactylus guppyi,25.18417287,37.00886687,26.77377366,23.59362113,3596.444991,25.36192449,1141.109478,57.254826
Gekkota,Gekkonidae,Lepidodactylus,Lepidodactylus vanuatuensis,24.0275276,100.2226038,26.0420361,22.03514982,2904.335378,32.91308919,1044.042277,445.5968241
Gekkota,Gekkonidae,Luperosaurus,Luperosaurus cumingii,25.3809997,120.3546081,29.4027881,21.19722109,2523.075943,69.17113217,82.39541979,38.57386619
Gekkota,Gekkonidae,Luperosaurus,Luperosaurus angliit,26.45075083,101.6674981,29.94125732,23.08976839,2916.167982,49.52252482,262.2765004,23.52554478
Gekkota,Gekkonidae,Luperosaurus,Luperosaurus macgregori,25.57380952,179.5815476,28.49494048,21.91517857,3141.065476,53.13095238,148.3777705,13.686083
Gekkota,Gekkonidae,Hemiphyllodactylus,Hemiphyllodactylus insularis,26.27185877,58.15467549,29.07086708,23.87087747,2112.219367,48.07341641,184.0683405,48.70653571
Gekkota,Gekkonidae,Hemiphyllodactylus,Hemiphyllodactylus typus,25.14910226,67.35127953,28.80638847,21.48103215,2660.152118,41.20611591,959.3366776,40.53657637
Gekkota,Gekkonidae,Hemiphyllodactylus,Hemiphyllodactylus ganoklonis,27.34653061,19.7377551,28.44734694,26.31326531,3926.82449,21.52244898,160.7875736,85.65257667
Gekkota,Gekkonidae,Hemiphyllodactylus,Hemiphyllodactylus yunnanensis,18.75372401,434.7324163,27.38970318,6.433087498,1345.720568,79.9143816,1326.893878,697.8959184
Gekkota,Gekkonidae,Hemiphyllodactylus,Hemiphyllodactylus kiziriani,23.12172775,261.7751309,28.04816754,13.38874346,1450.725131,84.93193717,98.12640161,45.28495146
Gekkota,Gekkonidae,Hemiphyllodactylus,Hemiphyllodactylus zugi,20.3875,499.675,28.72083333,8.320833333,1734,77.5,1127.051458,431.0951973
Gekkota,Gekkonidae,Hemiphyllodactylus,Hemiphyllodactylus aurantiacus,25.49044233,156.4820124,32.87672104,18.59272668,1461.968426,81.82885457,130.6050029,7.983957446
Gekkota,Gekkonidae,Hemiphyllodactylus,Hemiphyllodactylus titiwangsaensis,25.64615385,79.70769231,30.26153846,20.86538462,2206.846154,32.19230769,242.4795009,126.0319327
Gekkota,Gekkonidae,Hemiphyllodactylus,Hemiphyllodactylus tehtarik,23.1,85.76875,26.71875,19.71875,4029.9375,66.1875,474.863151,34.46875465
Gekkota,Gekkonidae,Hemiphyllodactylus,Hemiphyllodactylus larutensis,22.1125,43.12916667,25.72083333,18.29166667,3193.375,29.79166667,133.812414,47.8754621
Gekkota,Gekkonidae,Hemiphyllodactylus,Hemiphyllodactylus harterti,24.51020583,49.15874786,28.48975129,20.41385077,2906.006861,32.58704974,346.8897238,53.93853236
Gekkota,Gekkonidae,Gehyra,Gehyra fehlmanni,26.97406676,118.7509741,32.26958565,20.56150271,1635.481848,75.72737848,385.0033134,53.3088697
Gekkota,Gekkonidae,Gehyra,Gehyra mutilata,24.1064427,142.6754911,29.0948685,18.2496495,2352.23363,55.97337449,1022.918918,6.901139208
Gekkota,Gekkonidae,Gehyra,Gehyra xenopus,26.71619415,193.8041209,33.53782294,17.89778182,1228.138382,113.3789282,1047.355349,331.3823714
Gekkota,Gekkonidae,Gehyra,Gehyra spheniscus,26.2897522,211.9800616,33.89639087,16.66678706,1191.266919,115.1329973,379.6253584,10.17422753
Gekkota,Gekkonidae,Gehyra,Gehyra nana,26.29989039,245.428643,34.2396427,16.74525873,1053.800545,111.6166276,1034.777013,258.926799
Gekkota,Gekkonidae,Gehyra,Gehyra multiporosa,26.50706395,186.3387374,33.0841374,17.7727108,1364.942004,116.1727367,131.395022,27.75471106
Gekkota,Gekkonidae,Gehyra,Gehyra occidentalis,26.92570689,238.1705069,35.09693963,16.49236152,1036.092944,118.6358181,766.7192993,10.46356709
Gekkota,Gekkonidae,Gehyra,Gehyra variegata,20.61240536,570.5178203,33.69115593,6.970925674,324.5196415,40.41136594,896.601232,6.929301414
Gekkota,Gekkonidae,Gehyra,Gehyra purpurascens,23.00401345,577.2866429,35.76905217,8.024715903,284.7561626,54.35708907,153.720712,13.81997607
Gekkota,Gekkonidae,Gehyra,Gehyra pilbara,25.87570844,506.9621661,37.38975861,11.36540358,400.7175263,86.64008186,1003.24064,3.660611098
Gekkota,Gekkonidae,Gehyra,Gehyra minuta,26.12696801,441.0070924,36.61327669,12.1671217,458.556266,103.0995589,1037.050244,454.1597772
Gekkota,Gekkonidae,Gehyra,Gehyra montium,22.52525509,613.8280569,35.58069718,6.763132129,279.6800827,50.4753822,343.224177,8.350675582
Gekkota,Gekkonidae,Gehyra,Gehyra punctata,23.82990701,567.9489117,36.75160192,9.495689363,273.6337215,67.91534698,274.2584782,11.92701645
Gekkota,Gekkonidae,Gehyra,Gehyra lazelli,18.85050051,551.0211002,32.00194158,6.290837597,266.4656374,24.36295332,819.8243492,19.19994895
Gekkota,Gekkonidae,Gehyra,Gehyra australis,24.05496253,302.8670332,32.40765966,14.0222685,984.1101718,89.45175992,740.8265755,44.99576031
Gekkota,Gekkonidae,Gehyra,Gehyra koira,27.63419932,293.0365977,36.2821604,15.95354999,799.7102624,111.8242238,878.8332179,34.43851126
Gekkota,Gekkonidae,Gehyra,Gehyra borroloola,25.82921281,239.8001251,33.28454958,16.86926194,1091.152615,114.1435314,966.9408973,513.5534944
Gekkota,Gekkonidae,Gehyra,Gehyra robusta,26.04013998,424.4824352,36.15581119,12.54708726,521.0364862,105.328003,150.9948763,24.84916219
Gekkota,Gekkonidae,Gehyra,Gehyra pamela,27.20197894,184.8820114,35.5432518,18.62426977,1496.990857,106.5906752,1407.369732,598.1839839
Gekkota,Gekkonidae,Gehyra,Gehyra dubia,22.32173217,448.3792494,32.73975382,10.04186047,679.6746161,64.12871214,268.8664192,61.99307356
Gekkota,Gekkonidae,Gehyra,Gehyra catenata,21.5614022,496.5139513,32.66985959,8.148605299,577.5705179,51.46209286,1317.79702,693.3426443
Gekkota,Gekkonidae,Gehyra,Gehyra membranacruralis,25.15051201,66.8142133,28.58616145,21.90972765,2931.507831,32.80094771,757.6298312,429.7816705
Gekkota,Gekkonidae,Gehyra,Gehyra vorax,24.07974083,113.8939058,26.58582007,21.47638769,2576.745812,42.30984444,135.1216773,44.91645884
Gekkota,Gekkonidae,Gehyra,Gehyra lacerata,27.14049855,121.3494002,32.72496257,20.28243066,1531.410039,77.60245874,598.2617618,4.397632822
Gekkota,Gekkonidae,Gehyra,Gehyra marginata,25.45532407,24.16285267,26.92396109,24.02643211,2347.381797,19.58943014,91.43925173,45.93569089
Gekkota,Gekkonidae,Gehyra,Gehyra oceanica,25.03716127,43.16106036,26.86994951,23.17385904,3664.343839,34.43817555,807.4570265,6.870401036
Gekkota,Gekkonidae,Gehyra,Gehyra baliola,25.64604258,61.62988754,29.45964102,22.36488741,3474.942934,34.27972658,632.5790583,40.587942
Gekkota,Gekkonidae,Gehyra,Gehyra barea,26.34176014,35.05470233,27.69357204,24.82152718,2779.407248,23.5133736,1232.614329,554.6884099
Gekkota,Gekkonidae,Gehyra,Gehyra brevipalmata,27.36443203,19.74934823,28.46554935,26.32886406,3904.467412,21.45810056,815.6934186,13.80956695
Gekkota,Gekkonidae,Nactus,Nactus acutus,26.07113402,72.78762887,27.6,24.36701031,3721.314433,17.50515464,195.2899907,9.237538253
Gekkota,Gekkonidae,Nactus,Nactus eboracensis,26.0193573,132.9817431,31.45362655,20.59515865,1556.785263,111.7527388,506.8935081,17.67214312
Gekkota,Gekkonidae,Nactus,Nactus galgajuga,25.12724111,185.8354714,30.01843122,19.70998841,1448.323223,102.1439335,119.5793721,4.018959215
Gekkota,Gekkonidae,Nactus,Nactus cheverti,23.40657133,217.8913866,29.20206396,16.71514301,1475.377325,98.53090454,279.1975871,0.279283812
Gekkota,Gekkonidae,Nactus,Nactus kunan,26.9942245,20.55780158,28.01537028,25.65267816,3949.339544,11.75221239,845.2044534,0.352226721
Gekkota,Gekkonidae,Nactus,Nactus pelagicus,24.36518929,110.0321866,26.84604891,21.76818574,2546.773657,46.5530039,803.2685522,123.8568921
Gekkota,Gekkonidae,Nactus,Nactus multicarinatus,25.27931815,54.5867686,26.85599951,23.66311465,3250.315099,24.48457771,887.1219618,53.94616236
Gekkota,Gekkonidae,Nactus,Nactus vankampeni,23.73549651,26.80583909,26.38897964,20.9804723,2564.816734,24.51568794,1212.474227,769.5154639
Gekkota,Gekkonidae,Heteronotia,Heteronotia spelea,25.33235487,538.1387033,37.32934782,10.37914449,371.0249991,79.94195518,230.1705819,40.66888962
Gekkota,Gekkonidae,Heteronotia,Heteronotia fasciolata,21.98744233,613.8428191,35.03156751,6.026580084,304.3837121,54.06283719,183.3009776,45.07976719
Gekkota,Gekkonidae,Heteronotia,Heteronotia planiceps,27.31549586,302.5952788,36.34924803,15.72285441,783.5942063,114.8445211,752.3499033,79.13729707
Gekkota,Gekkonidae,Heteronotia,Heteronotia binoei,22.70347268,500.200113,34.43343426,9.41682115,441.5898127,61.65603139,675.9233936,33.56106732
Gekkota,Gekkonidae,Dixonius,Dixonius aaronbaueri,22.98461538,135.8076923,26.66153846,18.86153846,1527.384615,79.61538462,900.4615385,33.69230769
Gekkota,Gekkonidae,Dixonius,Dixonius melanostictus,25.60279299,136.4708105,31.18617196,18.3194414,1600.824754,81.83680175,941.5607886,17.62979189
Gekkota,Gekkonidae,Dixonius,Dixonius vietnamensis,25.27790321,124.597494,31.02010975,18.94850126,2048.100762,82.20968704,1142.331673,29.67010733
Gekkota,Gekkonidae,Dixonius,Dixonius siamensis,26.24788825,160.9271986,32.38837953,18.74888776,1614.183795,80.86035495,896.4123671,32.02446056
Gekkota,Gekkonidae,Phelsuma,Phelsuma standingi,22.60404063,256.6290497,30.34342657,12.61847212,684.6406706,106.8974125,1043.751429,201.0033157
Gekkota,Gekkonidae,Phelsuma,Phelsuma guimbeaui,23.39141131,181.7256798,26.42632715,20.39201554,1815.019853,50.66594735,935.1833762,89.26906598
Gekkota,Gekkonidae,Phelsuma,Phelsuma inexpectata,19.48071721,175.3386914,22.49691727,16.62884555,2663.597043,66.08839258,732.1333333,62.4
Gekkota,Gekkonidae,Phelsuma,Phelsuma ornata,24.06762523,183.6884045,27.11549165,21.02847866,1658.672542,51.99072356,1178.893997,146.5327969
Gekkota,Gekkonidae,Phelsuma,Phelsuma rosagularis,23.38923476,181.7191094,26.42412451,20.38996974,1815.546044,50.66493731,824.9399142,61.25751073
Gekkota,Gekkonidae,Phelsuma,Phelsuma cepediana,23.42666384,181.1477745,26.48304366,20.39393811,1830.537516,51.02119542,1381.364601,72.24641607
Gekkota,Gekkonidae,Phelsuma,Phelsuma guentheri,23.38923476,181.7191094,26.42412451,20.38996974,1815.546044,50.66493731,1070.326052,271.9846278
Gekkota,Gekkonidae,Phelsuma,Phelsuma edwardnewtoni,23.86058394,173.9627737,26.68029197,20.94671533,1244.226277,42.21167883,902.0188811,229.5653846
Gekkota,Gekkonidae,Phelsuma,Phelsuma sundbergi,26.08803987,69.58405316,27.94916944,24.49401993,2498.13289,43.63122924,1039.782373,278.9066416
Gekkota,Gekkonidae,Phelsuma,Phelsuma astriata,26.05400697,69.03832753,27.91184669,24.46968641,2516.243902,43.38327526,705.5785269,79.33150949
Gekkota,Gekkonidae,Phelsuma,Phelsuma vanheygeni,25.60851506,100.6172378,28.78026999,21.53831776,2379.831776,89.11941848,1203.188482,33.16753927
Gekkota,Gekkonidae,Phelsuma,Phelsuma seippi,24.70083755,107.0898325,28.6669069,19.82216595,2233.280288,94.16751071,1011.770492,53.17213115
Gekkota,Gekkonidae,Phelsuma,Phelsuma abbotti,24.05826984,123.0079677,28.39703128,18.77659076,1729.411449,96.05001064,361.1060348,117.4851755
Gekkota,Gekkonidae,Phelsuma,Phelsuma kochi,26.01764372,123.9144077,31.18843581,19.20655222,1467.469491,122.1329203,821.8722486,189.755287
Gekkota,Gekkonidae,Phelsuma,Phelsuma grandis,22.88663894,157.7060146,26.78651841,18.54546496,2218.439282,66.05580667,831.9088597,189.9864349
Gekkota,Gekkonidae,Phelsuma,Phelsuma parkeri,26.33310277,114.6394269,29.01116601,23.62559289,1696.277668,81.14624506,1060.965321,145.2949286
Gekkota,Gekkonidae,Phelsuma,Phelsuma madagascariensis,22.46574355,181.0269087,28.29210172,15.59057036,1916.300795,87.46060759,984.8128217,248.8802059
Gekkota,Gekkonidae,Phelsuma,Phelsuma guttata,22.27333193,190.0096543,26.87019439,17.11248923,2766.981297,45.29977934,1163.052418,82.25637782
Gekkota,Gekkonidae,Phelsuma,Phelsuma andamanensis,27.10752907,59.44221695,28.8940964,25.70135455,3017.588554,68.86454453,649.4250606,99.81912092
Gekkota,Gekkonidae,Phelsuma,Phelsuma breviceps,24.58687219,239.9165397,30.43928819,16.34943713,481.9127988,103.5506581,1146.54501,83.72213237
Gekkota,Gekkonidae,Phelsuma,Phelsuma borai,25.23687884,139.2015075,31.03615299,17.81367951,1495.043272,117.9824121,798.1862069,235.334355
Gekkota,Gekkonidae,Phelsuma,Phelsuma laticauda,22.93261613,138.9868547,27.36375592,17.85260266,2046.590805,78.39627457,1146.986845,297.4446149
Gekkota,Gekkonidae,Phelsuma,Phelsuma v-nigra,24.16152272,111.6070815,26.03835448,21.85358166,2149.249693,63.750307,824.9399142,61.25751073
Gekkota,Gekkonidae,Phelsuma,Phelsuma roesleri,25.61308901,108.3099476,29.42984293,21.00314136,1473.937173,117.5445026,943.6250127,233.296195
Gekkota,Gekkonidae,Phelsuma,Phelsuma robertmertensi,26.00407725,113.1881974,27.93776824,23.63454936,1468.311159,82.87124464,1139.387352,131.5968379
Gekkota,Gekkonidae,Phelsuma,Phelsuma pasteuri,26.00407725,113.1881974,27.93776824,23.63454936,1468.311159,82.87124464,775.5343511,211.4877863
Gekkota,Gekkonidae,Phelsuma,Phelsuma dorsivittata,24.05107112,116.3071123,27.14113111,20.03307626,1407.869751,89.99485861,1170.609756,288.2299652
Gekkota,Gekkonidae,Phelsuma,Phelsuma pusilla,21.5697826,214.997977,26.63575552,15.84849113,2594.907008,48.55676755,573.9992625,32.18918634
Gekkota,Gekkonidae,Phelsuma,Phelsuma kely,23.93214286,212.7298214,28.41553571,18.97517857,2908.975,42.70892857,1152.145182,198.0364612
Gekkota,Gekkonidae,Phelsuma,Phelsuma hoeschi,23.11572298,225.9788489,28.09419747,17.39386991,2216.595695,49.55404773,981.3356112,169.2839787
Gekkota,Gekkonidae,Phelsuma,Phelsuma comorensis,23.20833333,110.4494337,25.05800971,20.93956311,2416.559871,51.34546926,644.1589096,248.3164894
Gekkota,Gekkonidae,Phelsuma,Phelsuma lineata,21.11786103,205.8882017,26.93000788,14.41820143,1975.209355,75.55192692,645.0313358,6.576082146
Gekkota,Gekkonidae,Phelsuma,Phelsuma antanosy,23.39394947,208.0836436,27.61988032,18.38297872,1804.965426,31.01462766,507.4506584,263.8308875
Gekkota,Gekkonidae,Phelsuma,Phelsuma parva,22.85424539,228.7729462,27.92715509,16.808023,2158.241237,48.34848025,1130.225293,111.6198993
Gekkota,Gekkonidae,Phelsuma,Phelsuma quadriocellata,20.15395347,216.7652379,25.6682002,13.73983265,2197.318811,60.91418182,824.9399142,61.25751073
Gekkota,Gekkonidae,Phelsuma,Phelsuma klemmeri,25.67747826,104.2798261,29.04156522,21.24704348,2192.858261,95.19826087,822.0847384,189.8149589
Gekkota,Gekkonidae,Phelsuma,Phelsuma serraticauda,24.41966847,197.9734029,28.64382567,19.92395232,2910.475694,39.86924939,1109.902886,274.7226088
Gekkota,Gekkonidae,Phelsuma,Phelsuma flavigularis,18.54449506,238.6925588,24.58299165,11.72680334,1954.186788,68.73955961,1132.179788,6.150195422
Gekkota,Gekkonidae,Phelsuma,Phelsuma hielscheri,24.23067186,213.6347703,30.53785961,15.8394441,787.1140126,122.7757812,513.379562,143.6715328
Gekkota,Gekkonidae,Phelsuma,Phelsuma malamakibo,19.21129771,222.7091603,24.31641221,13.10870229,1781.203053,45.06412214,1443.477823,235.3120478
Gekkota,Gekkonidae,Phelsuma,Phelsuma berghofi,23.6308042,217.6508741,28.1858042,18.1556993,2199.471678,43.78776224,714.3172646,176.9450673
Gekkota,Gekkonidae,Phelsuma,Phelsuma ravenala,23.89661654,217.1059942,28.49561404,18.65883459,2409.161445,45.29385965,765.5092764,171.8311688
Gekkota,Gekkonidae,Phelsuma,Phelsuma dubia,25.00761925,149.4079716,30.41264922,18.80510627,1851.578707,95.43389255,892.8613502,62.01812415
Gekkota,Gekkonidae,Phelsuma,Phelsuma modesta,23.84834314,229.9187452,29.20312776,16.87837088,798.7952931,76.1177941,1236.067857,317.5375
Gekkota,Gekkonidae,Phelsuma,Phelsuma nigristriata,26.00407725,113.1881974,27.93776824,23.63454936,1468.311159,82.87124464,1163.824464,6.932145237
Gekkota,Gekkonidae,Phelsuma,Phelsuma mutabilis,23.88024274,234.6651316,30.48950557,15.41413972,828.8337811,96.68572542,1424.73913,90.03565217
Gekkota,Gekkonidae,Phelsuma,Phelsuma gouldi,18.57333333,249.5333333,25.12,10.52666667,1185.2,86.73333333,341.1085036,15.18531347
Gekkota,Gekkonidae,Phelsuma,Phelsuma pronki,16.64590164,242.6852459,23.19672131,8.940983607,1652.934426,91.92622951,436.4978508,70.58016035
Gekkota,Gekkonidae,Phelsuma,Phelsuma barbouri,15.64594472,234.6016765,22.15749887,7.710330766,1441.23652,87.4943362,841.4052846,33.13358651
Gekkota,Gekkonidae,Rhoptropella,Rhoptropella ocellata,17.70165828,371.9856026,29.52703145,5.958821628,122.8393423,59.55682805,59.34242259,10.50875598
Gekkota,Gekkonidae,Lygodactylus,Lygodactylus miops,20.33916819,225.7378668,25.8893728,13.87182512,2188.506957,58.21806061,780.9325084,87.37232846
Gekkota,Gekkonidae,Lygodactylus,Lygodactylus guibei,19.21261578,232.1993786,25.06796811,12.61973268,2325.139172,64.76585766,580.6286433,2.144817117
Gekkota,Gekkonidae,Lygodactylus,Lygodactylus madagascariensis,22.95882785,118.8129416,27.41378939,17.74115255,1896.190278,92.90576763,670.2964266,36.4556516
Gekkota,Gekkonidae,Lygodactylus,Lygodactylus rarus,23.28558964,116.3610788,28.27284506,17.68426758,1755.609995,103.6369646,526.6340687,114.8167984
Gekkota,Gekkonidae,Lygodactylus,Lygodactylus gutturalis,25.19058691,156.41367,33.82632954,18.28071206,1238.188805,81.13318191,659.8304122,166.1012658
Gekkota,Gekkonidae,Lygodactylus,Lygodactylus chobiensis,21.99951615,279.3304955,32.20867183,10.83283803,826.4954368,111.7523327,737.5680804,9.90714182
Gekkota,Gekkonidae,Lygodactylus,Lygodactylus williamsi,24.02857143,143.1285714,29.77428571,16.94,1155.114286,69.8,460.6889622,26.49501967
Gekkota,Gekkonidae,Lygodactylus,Lygodactylus keniensis,24.11146703,100.5275997,31.72370308,18.16233764,669.9291163,76.65293353,441.0437269,25.85222559
Gekkota,Gekkonidae,Lygodactylus,Lygodactylus kimhowelli,25.28771214,144.8013551,30.61877385,20.49602684,1304.436127,49.62333903,522.3416514,96.622869
Gekkota,Gekkonidae,Lygodactylus,Lygodactylus mombasicus,25.10092014,147.6638787,31.15274272,19.76871535,1018.41878,53.26990681,638.3249572,158.3554795
Gekkota,Gekkonidae,Lygodactylus,Lygodactylus picturatus,26.04979038,167.3022872,34.25526205,19.09490585,780.2547392,89.4283029,1013.058396,206.1818869
Gekkota,Gekkonidae,Lygodactylus,Lygodactylus conraui,25.32411421,100.265125,30.51233771,21.42049022,1995.402439,62.34396416,660.1945318,22.86051804
Gekkota,Gekkonidae,Lygodactylus,Lygodactylus klugei,25.25275591,119.0089188,32.30493988,18.47912699,699.6689515,84.41266639,701.3994942,13.92757802
Gekkota,Gekkonidae,Lygodactylus,Lygodactylus angularis,21.29370986,194.4198855,30.22404243,12.94566487,1205.5836,98.23365496,942.5440226,162.7100755
Gekkota,Gekkonidae,Lygodactylus,Lygodactylus thomensis,25.25490196,118.0333333,27.57843137,23.01568627,1483.156863,66.07843137,774.0043419,83.35966685
Gekkota,Gekkonidae,Lygodactylus,Lygodactylus graniticolus,18.44667564,348.5217737,27.26372912,5.44319991,785.6883059,80.09922637,1020.835052,9.855670103
Gekkota,Gekkonidae,Lygodactylus,Lygodactylus methueni,20.90552858,334.7157543,29.35618322,8.44441509,705.4989704,80.82205991,954.8949009,132.2150336
Gekkota,Gekkonidae,Lygodactylus,Lygodactylus waterbergensis,18.53625915,387.6198023,27.89694729,4.592357247,536.7060761,82.51544656,831.8323564,240.5767878
Gekkota,Gekkonidae,Lygodactylus,Lygodactylus nigropunctatus,19.06810636,368.2695611,28.19194132,5.659152812,647.9429707,79.57061125,184.7990982,0
Gekkota,Gekkonidae,Lygodactylus,Lygodactylus ocellatus,17.22288731,344.9415109,26.06387751,4.558111073,820.1470752,75.56687637,1233.20248,96.92654481
Gekkota,Gekkonidae,Lygodactylus,Lygodactylus rex,19.88644444,248.6813889,28.28711111,10.88127778,1688.712778,77.88222222,353.8585086,16.82957213
Gekkota,Gekkonidae,Lygodactylus,Lygodactylus regulus,17.65789474,214.3157895,25.50526316,9.226315789,1467.736842,100.2105263,815.1081985,169.6904629
Gekkota,Gekkonidae,Lygodactylus,Lygodactylus bradfieldi,21.1412844,407.622234,32.53351398,6.858181605,341.7657998,104.4105742,1136.770621,60.62319979
Gekkota,Gekkonidae,Lygodactylus,Lygodactylus grotei,24.0379026,166.3950362,31.00459707,16.84324486,1089.323064,103.2871927,564.1246264,12.18269806
Gekkota,Gekkonidae,Lygodactylus,Lygodactylus capensis,21.61100673,241.3376616,30.67865009,11.59350548,928.5722068,95.27019151,647.5575761,60.97671979
Gekkota,Gekkonidae,Lygodactylus,Lygodactylus stevensoni,21.30196162,357.4843785,30.53902835,8.489279971,490.7860908,90.31070961,439.6502546,31.37789351
Gekkota,Gekkonidae,Lygodactylus,Lygodactylus bernardi,19.28845793,265.2923098,27.78123285,8.665353725,1009.577103,100.7068804,1183.976134,662.0161751
Gekkota,Gekkonidae,Lygodactylus,Lygodactylus montanus,17.8344116,232.1775795,23.43736754,11.10039041,1697.114334,57.99609593,382.3995864,8.889322719
Gekkota,Gekkonidae,Lygodactylus,Lygodactylus mirabilis,14.33589744,224.6991453,21.11303419,6.086538462,1589.205128,98.20726496,365.9189413,45.20568683
Gekkota,Gekkonidae,Lygodactylus,Lygodactylus pictus,18.45925997,245.4435035,24.87258875,10.63149918,1361.605816,79.62602403,1067.393162,27.63034188
Gekkota,Gekkonidae,Lygodactylus,Lygodactylus intermedius,15.94893138,242.0102362,22.19482565,8.361417323,1348.68279,78.67716535,1190.866906,33.88489209
Gekkota,Gekkonidae,Lygodactylus,Lygodactylus conradti,24.57753976,147.8954073,30.23088283,19.52246024,1337.281727,49.69522882,726.2987355,16.90990516
Gekkota,Gekkonidae,Lygodactylus,Lygodactylus gravis,23.10187281,164.1291545,30.05801255,16.67878144,1017.555715,59.26150121,242.1508006,1.338484019
Gekkota,Gekkonidae,Lygodactylus,Lygodactylus scheffleri,21.65790612,149.1134226,28.98369649,13.8531921,794.5969633,79.73982273,810.0776053,23.58203991
Gekkota,Gekkonidae,Lygodactylus,Lygodactylus tuberosus,23.78576456,242.8495165,30.15259968,15.45761555,684.169216,93.45757945,924.1578947,32.94736842
Gekkota,Gekkonidae,Lygodactylus,Lygodactylus lawrencei,21.67198193,235.2056604,31.23995677,9.74265661,238.2550286,121.8773566,1126.966585,217.2298042
Gekkota,Gekkonidae,Lygodactylus,Lygodactylus bivittis,19.86198946,205.3884552,25.11990491,13.94322364,2666.643805,50.03663542,1044.569706,32.5990566
Gekkota,Gekkonidae,Lygodactylus,Lygodactylus roavolana,18.89355217,218.919109,23.85521688,13.04208675,1979.533411,41.97303634,432.245275,26.88908567
Gekkota,Gekkonidae,Lygodactylus,Lygodactylus blancae,19.37010309,213.9845361,26.62680412,10.33917526,1408.670103,107.9587629,1036.687736,17.04571037
Gekkota,Gekkonidae,Lygodactylus,Lygodactylus arnoulti,18.73493151,225.9987004,25.6967334,10.16150334,999.4137689,105.9567966,853.2914714,32.05769741
Gekkota,Gekkonidae,Lygodactylus,Lygodactylus pauliani,16.94767184,224.6191796,23.80110865,8.559534368,1129.793792,104.5465632,400.8226038,23.59765337
Gekkota,Gekkonidae,Lygodactylus,Lygodactylus heterurus,24.91435422,134.0748362,28.68466672,20.32940377,1662.317215,81.30658568,981.7338024,82.50570849
Gekkota,Gekkonidae,Lygodactylus,Lygodactylus verticillatus,23.55774334,246.6328462,30.26896823,14.8416463,690.8484234,97.01926447,908.2827778,91.30111111
Gekkota,Gekkonidae,Lygodactylus,Lygodactylus tolampyae,25.3495623,161.0581914,31.06588312,17.86775285,1195.112834,119.7156471,1254.218139,63.34056055
Gekkota,Gekkonidae,Lygodactylus,Lygodactylus expectatus,25.35233813,108.4730216,29.17823741,20.74532374,1458.307554,117.3363309,1168.87884,275.0240473
Gekkota,Gekkonidae,Uroplatus,Uroplatus malahelo,19.11842344,245.212199,25.50411177,11.12539755,1270.347796,80.32894139,720.0933667,93.74443435
Gekkota,Gekkonidae,Uroplatus,Uroplatus guentheri,26.02169999,154.769073,32.0845235,18.59818229,1401.422834,119.0241496,1051.139444,5.100666494
Gekkota,Gekkonidae,Uroplatus,Uroplatus malama,19.35702977,241.1667828,25.1566517,12.18959121,1479.322838,66.29259216,763.775638,132.4568171
Gekkota,Gekkonidae,Uroplatus,Uroplatus phantasticus,19.18445615,238.659872,25.14233879,12.2290812,1967.947735,66.360138,979.0023858,170.4022931
Gekkota,Gekkonidae,Uroplatus,Uroplatus finiavana,22.0006383,97.55914894,24.68468085,18.43510638,1469.853191,122.3106383,1251.555319,33.93404255
Gekkota,Gekkonidae,Uroplatus,Uroplatus ebenaui,22.28927831,170.398943,28.26888748,15.45066951,1831.198946,93.96777803,1171.839248,84.34233681
Gekkota,Gekkonidae,Uroplatus,Uroplatus lineatus,20.9897136,204.3848057,25.96996271,15.44324921,2802.104059,46.76912633,1186.121981,294.8045186
Gekkota,Gekkonidae,Uroplatus,Uroplatus sikorae,20.46132133,204.3315274,25.89816165,14.18061592,2176.439199,63.96519244,1070.911415,191.272721
Gekkota,Gekkonidae,Uroplatus,Uroplatus sameiti,22.94875852,216.5335839,27.69804649,17.46634159,2525.786255,44.27435796,1044.192582,273.0831609
Gekkota,Gekkonidae,Uroplatus,Uroplatus henkeli,25.84369032,134.0943075,31.36533749,19.42902129,1750.4199,109.4137048,1245.047561,32.02580705
Gekkota,Gekkonidae,Uroplatus,Uroplatus giganteus,23.43191119,161.0225599,27.56306922,18.65387462,2167.771223,50.75337397,941.3253374,243.8183283
Gekkota,Gekkonidae,Uroplatus,Uroplatus fimbriatus,21.27913412,226.5539277,26.61625631,15.09697236,2353.151839,53.23949551,1043.566096,234.2660218
Gekkota,Gekkonidae,Uroplatus,Uroplatus pietschmanni,18.35778347,237.841704,24.43818065,11.54862268,1933.598975,69.20563741,971.6720051,168.5925689
Gekkota,Gekkonidae,Uroplatus,Uroplatus alluaudi,22.21925551,130.1247702,25.90776654,17.68023897,1834.001379,84.30284926,1077.806985,148.9967831
Gekkota,Gekkonidae,Ptenopus,Ptenopus carpi,21.26171187,186.6234021,28.74554975,12.25298627,43.7759544,142.2698653,1008.004601,218.5236844
Gekkota,Gekkonidae,Narudasia,Narudasia festiva,19.83186048,421.945848,32.02266432,5.731950921,180.4919045,107.9477418,1131.75,300.0141509
Gekkota,Gekkonidae,Perochirus,Perochirus ateles,26.77297587,46.28895442,28.11871314,25.29742627,3292.144236,38.56836461,131.9068537,1.505394575
Gekkota,Gekkonidae,Cnemaspis,Cnemaspis africana,22.33532435,156.3039907,29.57869785,15.17666093,820.531901,70.15037094,453.9615526,50.34550418
Gekkota,Gekkonidae,Cnemaspis,Cnemaspis dickersonae,24.39860603,95.16588402,31.08712393,19.39697356,1146.322343,47.83025483,448.6900466,90.62180275
Gekkota,Gekkonidae,Cnemaspis,Cnemaspis uzungwae,24.62295223,133.032502,31.03757578,17.568689,1239.980522,83.58730705,763.1792149,28.70116524
Gekkota,Gekkonidae,Calodactylodes,Calodactylodes illingworthorum,27.09095961,113.1291729,30.9712118,22.82506946,1407.904253,62.81363539,771.2545416,124.5539645
Gekkota,Gekkonidae,Calodactylodes,Calodactylodes aureus,25.91672843,287.5632341,35.72262472,15.88067845,1253.569336,90.37058324,798.6648769,21.15010882
Gekkota,Gekkonidae,Ailuronyx,Ailuronyx tachyscopaeus,25.99473684,67.97406015,27.85,24.42556391,2562.530075,42.85714286,1190.552632,295.1390977
Gekkota,Gekkonidae,Ailuronyx,Ailuronyx trachygaster,26.30657895,67.30789474,28.15789474,24.75263158,2524.302632,41.67105263,1165.092105,296.5
Gekkota,Gekkonidae,Ailuronyx,Ailuronyx seychellensis,26.01402214,67.94686347,27.86863469,24.44501845,2557.243542,42.83763838,1187.98155,294.5608856
Gekkota,Gekkonidae,Urocotyledon,Urocotyledon inexpectata,25.468,67.2,27.308,23.904,2630.72,42.68,1232.12,303.8
Gekkota,Gekkonidae,Paroedura,Paroedura vazimba,26.65937695,128.8497092,32.41896158,20.02914849,1605.070717,118.5077882,423.5086358,24.86658393
Gekkota,Gekkonidae,Paroedura,Paroedura picta,24.23152083,217.2915541,30.46758629,15.95193341,834.7194721,107.8109665,971.1796685,11.54900049
Gekkota,Gekkonidae,Paroedura,Paroedura maingoka,23.84797807,255.2761609,30.83254732,14.87741235,633.7162064,93.91829558,433.1799817,58.20329369
Gekkota,Gekkonidae,Paroedura,Paroedura androyensis,23.66352425,238.8193339,29.69286002,15.86297896,767.684355,81.60658737,1033.131364,246.8551449
Gekkota,Gekkonidae,Paroedura,Paroedura bastardi,23.5687588,213.6770188,30.24528658,14.94139885,919.8665447,110.3126352,1164.146254,209.4000742
Gekkota,Gekkonidae,Paroedura,Paroedura tanjaka,25.11971972,148.4434234,29.98762763,18.02684685,1207.752553,121.6172172,900,42.94129555
Gekkota,Gekkonidae,Paroedura,Paroedura ibityensis,18.08121651,225.5333333,24.99461415,9.557797428,1070.363076,105.1948017,988.9343629,46.88661035
Gekkota,Gekkonidae,Paroedura,Paroedura stumpffi,26.0420957,117.7165367,30.86074977,20.13584675,1630.64585,112.8094901,1076.861066,13.68584505
Gekkota,Gekkonidae,Paroedura,Paroedura sanctijohannis,24.04427948,111.5165502,25.91759825,21.74004367,2191.91048,62.52358079,781.3006431,17.44640943
Gekkota,Gekkonidae,Paroedura,Paroedura lohatsara,25.60546559,112.2842105,28.12611336,22.22145749,1173.779352,109.2368421,874.4611476,143.9969903
Gekkota,Gekkonidae,Paroedura,Paroedura masobe,20.92721088,213.4734694,25.72993197,15.62380952,3463.047619,42.74829932,694.026259,19.1639732
Gekkota,Gekkonidae,Paroedura,Paroedura gracilis,21.49678453,201.6847878,26.31621559,16.12784155,2812.973501,45.30386694,990.3133392,52.25664192
Gekkota,Gekkonidae,Paroedura,Paroedura homalorhina,24.58534861,142.559727,29.46352999,17.60706972,1250.872989,118.7996099,1060.528518,61.92289406
Gekkota,Gekkonidae,Paroedura,Paroedura karstophila,24.67744361,131.3725074,29.59172932,17.92850605,1386.612945,117.6456358,1026.841179,539.6422856
Gekkota,Gekkonidae,Paroedura,Paroedura oviceps,24.77943685,124.8536621,29.22131454,19.57242025,1670.094981,101.8914351,1167.653086,299.4868868
Gekkota,Gekkonidae,Ebenavia,Ebenavia inunguis,21.73833533,200.1061333,26.75437028,15.91959389,2212.008042,59.42616247,405.1834771,73.01811988
Gekkota,Gekkonidae,Paragehyra,Paragehyra petiti,24.86778443,244.5616766,30.79772455,16.45125749,472.2215569,99.15808383,1429.578595,89.98662207
Gekkota,Gekkonidae,Paragehyra,Paragehyra gabriellae,21.15131195,216.2370586,25.8585034,15.53608682,1774.976676,38.3595724,1160.555636,286.7363307
Gekkota,Gekkonidae,Kolekanos,Kolekanos plumicaudus,24.86718284,175.9137127,33.46786381,14.30777052,150.906903,121.2463619,670.8501827,135.7624848
Gekkota,Gekkonidae,Matoatoa,Matoatoa brevipes,24.4280566,234.583316,30.0725566,16.71160849,543.389717,97.74410377,283.1750367,89.36494068
Gekkota,Gekkonidae,Ramigekko,Ramigekko swartbergensis,15.15634812,422.194633,27.35911499,2.278041601,273.559949,24.62166405,145.060675,10.76683786
Gekkota,Gekkonidae,Cryptactites,Cryptactites peringueyi,18.85728745,270.8246964,26.35931174,10.84251012,641.2368421,17.43724696,201.242915,121.242915
Gekkota,Gekkonidae,Christinus,Christinus guentheri,19.31666667,220.2083333,23.3,15.54166667,1838.416667,14.58333333,581.4166667,393.0833333
Gekkota,Gekkonidae,Christinus,Christinus marmoratus,16.45118488,449.5680837,28.45201022,6.252597365,444.6937803,30.42734168,167.0188718,66.92838575
Gekkota,Gekkonidae,Christinus,Christinus alexanderi,18.14415916,395.5358834,29.04357788,7.428012221,215.6144925,17.40945842,68.63288,42.15140955
Gekkota,Gekkonidae,Afrogecko,Afrogecko porphyreus,16.659991,372.416812,27.17750056,6.205496602,486.3839791,44.06590162,195.3405157,61.00506728
Gekkota,Gekkonidae,Goggia,Goggia braacki,16.69286111,484.1407222,30.12627778,3.094027778,230.935,47.04111111,401.6279408,144.8136743
Gekkota,Gekkonidae,Goggia,Goggia lineata,17.30588247,408.6957055,29.42705235,5.5749051,229.301817,54.87155691,720.8191674,167.5098153
Gekkota,Gekkonidae,Rhoptropus,Rhoptropus boultoni,21.48911913,249.6184047,31.15896273,9.568207169,317.9544625,120.0921877,242.4059973,0.418246395
Gekkota,Gekkonidae,Rhoptropus,Rhoptropus barnardi,22.51981427,208.9831602,31.55325593,11.31658432,264.7661513,120.9526967,207.5618906,0
Gekkota,Gekkonidae,Rhoptropus,Rhoptropus biporosus,22.44518708,192.7646591,30.66990058,12.19970983,124.1743597,128.3803933,103.5970542,0
Gekkota,Gekkonidae,Rhoptropus,Rhoptropus afer,21.85797265,207.3648659,29.95314719,12.24629898,64.04754559,132.7565804,58.22692908,0.244157412
Gekkota,Gekkonidae,Rhoptropus,Rhoptropus bradfieldi,21.01022781,245.7216703,30.14633734,10.17272964,72.24798777,129.6983691,64.46501569,0.65576676
Gekkota,Gekkonidae,Rhoptropus,Rhoptropus diporus,21.0255574,198.6141841,29.37650617,11.124662,51.13739326,145.770695,50.92392078,0
Gekkota,Gekkonidae,Elasmodactylus,Elasmodactylus tetensis,22.68270077,241.9847505,31.80524354,12.84412987,905.6659648,110.273285,310.9968406,19.27819426
Gekkota,Gekkonidae,Elasmodactylus,Elasmodactylus tuberculosus,21.73692972,152.1370003,30.41238784,14.32531514,1035.66304,90.46812393,630.4084939,7.871375391
Gekkota,Gekkonidae,Pachydactylus,Pachydactylus kochii,21.18385735,241.6763615,30.37095287,10.05226182,134.4127272,130.9358742,136.4031182,31.84068861
Gekkota,Gekkonidae,Pachydactylus,Pachydactylus amoenus,18.96815556,333.7615111,29.76504444,8.153777778,88.22688889,59.28,826.6942574,151.5480445
Gekkota,Gekkonidae,Pachydactylus,Pachydactylus mariquensis,17.7525257,494.1920593,30.88719265,3.607889524,255.3422643,65.19843788,85.11923973,4.095396619
Gekkota,Gekkonidae,Pachydactylus,Pachydactylus austeni,17.99620387,347.9020839,28.43737432,7.950098116,251.0610402,63.45557003,608.6347212,78.69200153
Gekkota,Gekkonidae,Pachydactylus,Pachydactylus vanzyli,22.04563324,184.3530919,29.78420546,12.32479247,97.37096477,132.8379348,63.70382748,0
Gekkota,Gekkonidae,Pachydactylus,Pachydactylus rangei,20.70460938,258.3902284,29.82067468,10.1016222,71.46287162,109.131066,158.1886938,37.52152733
Gekkota,Gekkonidae,Pachydactylus,Pachydactylus wahlbergii,21.36736865,449.5839061,32.64583993,6.554676791,394.5514248,93.92587839,66.07295873,0.000801902
Gekkota,Gekkonidae,Pachydactylus,Pachydactylus bicolor,20.61394662,321.4837941,31.19897913,7.655830001,245.6060209,120.7792884,101.1781926,23.92422164
Gekkota,Gekkonidae,Pachydactylus,Pachydactylus maraisi,20.8574136,168.7007804,27.59308807,13.08004459,15.65105909,152.4492754,111.7918519,3.65849537
Gekkota,Gekkonidae,Pachydactylus,Pachydactylus boehmei,20.57745139,360.4396458,31.5785,6.647770833,524.6255556,107.9344444,724.2191276,58.50908424
Gekkota,Gekkonidae,Pachydactylus,Pachydactylus otaviensis,20.57745139,360.4396458,31.5785,6.647770833,524.6255556,107.9344444,86.03650463,3.8975
Gekkota,Gekkonidae,Pachydactylus,Pachydactylus oreophilus,22.67926165,191.5180481,31.08377144,12.11191907,153.3812625,126.3436846,16.68227425,0
Gekkota,Gekkonidae,Pachydactylus,Pachydactylus gaiasensis,21.67100071,243.8543621,31.21410556,9.805196499,200.5258466,124.724629,388.9879861,0.065972222
Gekkota,Gekkonidae,Pachydactylus,Pachydactylus punctatus,21.6530618,294.7306616,31.61625791,10.17787033,717.2334018,103.9139913,73.58610458,5.094690671
Gekkota,Gekkonidae,Pachydactylus,Pachydactylus scherzi,22.10724862,183.9844345,29.92595441,12.66284475,71.06794685,137.9302632,474.5189783,6.103484529
Gekkota,Gekkonidae,Pachydactylus,Pachydactylus caraculicus,22.44708207,196.544641,31.14189011,11.60737077,247.2343183,121.6754761,345.1279789,14.72816637
Gekkota,Gekkonidae,Pachydactylus,Pachydactylus scutatus,22.23198409,189.0838285,30.72919816,11.67687467,368.9306321,120.0692989,94.89136198,16.53031239
Gekkota,Gekkonidae,Pachydactylus,Pachydactylus parascutatus,21.12071746,199.5740336,29.06815211,10.89025306,89.6586485,140.3981507,42.03726667,6.287111111
Gekkota,Gekkonidae,Pachydactylus,Pachydactylus sansteynae,21.55191674,188.4486557,29.33174529,11.97861917,67.23501379,139.3211845,83.76480812,0
Gekkota,Gekkonidae,Pachydactylus,Pachydactylus tigrinus,20.83236858,316.0335258,29.93715217,9.025426658,696.9796424,96.87742391,179.4259028,0.865425347
Gekkota,Gekkonidae,Pachydactylus,Pachydactylus oshaughnessyi,21.14700385,290.9678859,31.01955999,9.813186729,805.861963,109.9048132,129.8427919,21.12068271
Gekkota,Gekkonidae,Pachydactylus,Pachydactylus affinis,18.73119274,392.3442619,28.2261283,4.724421207,629.8190334,80.05753368,979.3311045,222.6546942
Gekkota,Gekkonidae,Pachydactylus,Pachydactylus vansoni,19.74739582,324.6399249,28.10007764,8.165793997,726.2250016,73.3190304,127.7790617,3.098874994
Gekkota,Gekkonidae,Pachydactylus,Pachydactylus capensis,19.5569918,466.2417001,31.30735748,4.70710588,384.7313037,83.68016891,166.6923077,34
Gekkota,Gekkonidae,Pachydactylus,Pachydactylus griffini,19.98088426,544.7263495,33.78863889,4.375553241,159.9924769,98.55016204,191.4924123,0
Gekkota,Gekkonidae,Pachydactylus,Pachydactylus carinatus,18.94376388,495.413681,32.28715564,4.389905818,164.7786355,82.17259418,42.67066667,7.316222222
Gekkota,Gekkonidae,Pachydactylus,Pachydactylus weberi,19.26870434,376.4540776,30.93602776,6.491118287,204.2742103,92.65275571,107.011349,3.515847059
Gekkota,Gekkonidae,Pachydactylus,Pachydactylus mclachlani,19.74694676,491.5299444,33.14990509,5.117756944,125.7141204,88.72599537,99.45140832,44.06842632
Gekkota,Gekkonidae,Pachydactylus,Pachydactylus monicae,19.30594889,399.9176178,31.93189778,6.193035556,73.60911111,68.98082222,183.8504096,0.818686658
Gekkota,Gekkonidae,Pachydactylus,Pachydactylus robertsi,18.55465278,505.8677778,32.28351389,3.741277778,143.3217361,95.94118056,569.3708234,5.898641844
Gekkota,Gekkonidae,Pachydactylus,Pachydactylus werneri,20.45157772,316.5510245,30.83428126,8.198546942,114.2408648,124.2783015,450.4619379,12.69726251
Gekkota,Gekkonidae,Pachydactylus,Pachydactylus reconditus,20.20855729,372.7998889,31.4225599,6.520352431,228.0909896,118.4065799,130.181746,0
Gekkota,Gekkonidae,Pachydactylus,Pachydactylus kobosensis,19.72288283,439.5247709,31.97647855,4.951228655,237.4733097,118.4740733,140.42581,1.295201034
Gekkota,Gekkonidae,Pachydactylus,Pachydactylus etultra,20.83741667,339.0108681,31.49508333,8.343479167,82.99840278,123.5488194,122.7880698,17.81074933
Gekkota,Gekkonidae,Pachydactylus,Pachydactylus fasciatus,20.70012508,295.1015572,30.9399803,8.509741139,171.4289279,121.8911441,66.55305784,12.03668058
Gekkota,Gekkonidae,Pachydactylus,Pachydactylus tsodiloensis,22.49337898,358.7448432,33.46786697,8.810613193,490.9407593,105.958183,102.33375,4.295069444
Gekkota,Gekkonidae,Pachydactylus,Pachydactylus waterbergensis,20.30022917,399.3264931,31.41538194,5.637604167,443.5597222,110.2820833,267.7310259,0.005773213
Gekkota,Gekkonidae,Pachydactylus,Pachydactylus purcelli,18.2669633,521.3618709,32.01053998,3.706005494,176.438947,67.95323904,58.95555872,11.98654504
Gekkota,Gekkonidae,Pachydactylus,Pachydactylus serval,19.78888431,452.8449584,32.53379529,5.464804706,145.6007373,99.39797255,57.96948943,2.064145553
Gekkota,Gekkonidae,Pachydactylus,Pachydactylus montanus,19.6388173,465.4446828,32.72294665,5.459058397,109.4730735,83.82612092,114.5318179,0.302610603
Gekkota,Gekkonidae,Pachydactylus,Pachydactylus labialis,17.17286038,424.4836625,29.66839526,5.120709819,214.9359307,53.72542845,165.1984563,0
Gekkota,Gekkonidae,Pachydactylus,Pachydactylus formosus,16.20946514,446.3973647,29.04337592,3.984094846,304.8699545,49.9418796,195.3313999,0.58706346
Gekkota,Gekkonidae,Pachydactylus,Pachydactylus barnardi,17.39569256,368.8877485,28.91671602,6.250287163,143.5194284,57.26210347,756.6898662,74.17604341
Gekkota,Gekkonidae,Pachydactylus,Pachydactylus rugosus,20.16538372,421.3557531,32.16615654,6.369200168,172.2146251,100.5043664,388.9879861,0.065972222
Gekkota,Gekkonidae,Pachydactylus,Pachydactylus maculatus,16.86474279,355.9701852,26.74960804,5.410372463,621.1387188,48.03856902,152.5821071,45.5306065
Gekkota,Gekkonidae,Pachydactylus,Pachydactylus oculatus,15.67867179,473.7778806,28.43708094,1.873288926,352.9378389,47.94158434,267.327157,53.58517929
Gekkota,Gekkonidae,Pachydactylus,Pachydactylus geitje,16.17804815,409.6932102,27.78125625,4.506139016,366.3479835,42.83944873,227.9396431,9.992447532
Gekkota,Gekkonidae,Pachydactylus,Pachydactylus haackei,19.92395757,482.6443088,33.4089061,5.265563715,120.5429829,93.15028897,104.4247888,9.806186726
Gekkota,Gekkonidae,Pachydactylus,Pachydactylus kladaroderma,15.65120292,454.5506047,28.5284104,2.645330834,264.2807405,31.32967879,73.67354167,2.631111111
Gekkota,Gekkonidae,Pachydactylus,Pachydactylus namaquensis,17.43690992,389.7704504,29.76068415,5.423415051,130.8555017,53.29389966,99.16630187,20.71382462
Gekkota,Gekkonidae,Chondrodactylus,Chondrodactylus turneri,21.45142535,345.5213352,31.5819136,8.933297234,539.6688585,99.80343266,357.3912639,7.348708843
Gekkota,Gekkonidae,Chondrodactylus,Chondrodactylus fitzsimonsi,22.30012645,201.2689698,30.93907717,11.61909216,250.0751925,124.1862771,196.817253,0.000125638
Gekkota,Gekkonidae,Chondrodactylus,Chondrodactylus bibronii,18.41600999,475.9875185,31.10032177,4.408520747,262.9893281,68.7461751,140.348679,17.64147137
Gekkota,Gekkonidae,Chondrodactylus,Chondrodactylus angulifer,19.20704124,462.495545,31.67096012,5.225008766,194.6548027,84.00887045,116.8423189,9.880540301
Gekkota,Gekkonidae,Geckolepis,Geckolepis polylepis,26.63366757,126.4752167,32.00408311,19.77189837,1558.562245,119.8480625,1129.786903,98.41570244
Gekkota,Gekkonidae,Geckolepis,Geckolepis typica,24.02684192,206.8062485,30.19848469,15.96648522,1095.405244,104.2822668,1183.611106,7.160307614
Gekkota,Gekkonidae,Geckolepis,Geckolepis maculata,23.26792403,168.0625408,28.81769167,16.61837618,1847.125089,93.35365158,584.3080782,95.75094425
Gekkota,Gekkonidae,Homopholis,Homopholis walbergii,21.02701429,324.0259665,29.81754961,9.22093632,662.2636037,88.16490025,252.3672101,39.20160618
Gekkota,Gekkonidae,Homopholis,Homopholis mulleri,20.93778689,352.0506895,29.54566538,8.286306654,667.7075217,81.50838959,96.18875041,37.99411817
Gekkota,Gekkonidae,Homopholis,Homopholis fasciata,25.93932347,136.5624685,33.24529298,18.71063123,341.1273396,103.8039875,324.5814115,22.68810507
Gekkota,Gekkonidae,Blaesodactylus,Blaesodactylus boivini,25.47466598,111.3700325,29.13678486,20.95417951,1450.507451,111.3902878,1110.014132,33.99674546
Gekkota,Gekkonidae,Blaesodactylus,Blaesodactylus sakalava,25.07453224,172.4951126,30.82429603,17.53367042,1159.052218,111.8440662,880.5968829,18.76933688
Gekkota,Gekkonidae,Blaesodactylus,Blaesodactylus antongilensis,22.97007066,188.0352981,27.58066224,17.80621362,2712.444628,47.76911098,1133.867377,284.1355629
Gekkota,Gekkonidae,Blaesodactylus,Blaesodactylus ambonihazo,26.84399371,139.4395283,33.51569182,19.14987421,1685.665409,117.0028302,1249.196226,1.499371069
Gekkota,Gekkonidae,Afroedura,Afroedura karroica,15.03465197,424.1150558,26.98598607,2.159474558,388.4681737,47.11781454,170.0807575,42.83404154
Gekkota,Gekkonidae,Afroedura,Afroedura loveridgei,23.41013178,256.8189717,32.23845354,13.82012423,783.6925039,108.510982,548.3675547,16.90387795
Gekkota,Gekkonidae,Afroedura,Afroedura bogerti,22.98034655,158.9047038,31.14925409,12.59518074,529.6589503,112.347549,381.8735399,0.001079033
Gekkota,Gekkonidae,Afroedura,Afroedura transvaalica,21.00805171,314.0792613,30.12690828,9.274581225,690.8216021,98.17785003,451.2037066,11.95480292
Gekkota,Gekkonidae,Afroedura,Afroedura africana,19.67469267,324.6523012,30.53287561,7.4357809,146.6410101,111.4412584,110.6827045,3.356961182
Gekkota,Gekkonidae,Afroedura,Afroedura granitica,21.17619048,327.3190476,29.4952381,8.9,586.6190476,79.9047619,326.5238095,17.33333333
Gekkota,Gekkonidae,Afroedura,Afroedura langi,21.34306461,323.9381493,29.6424595,9.26060324,626.7975237,79.55669335,345.9530814,19.97654068
Gekkota,Gekkonidae,Afroedura,Afroedura waterbergensis,20.43333333,423.8416667,30.125,5.716666667,455.9166667,84.75,256.75,7.75
Gekkota,Gekkonidae,Afroedura,Afroedura broadleyi,19.20078286,351.7693861,27.8145035,6.499093531,663.1174289,80.89369592,385.9620931,23.50597445
Gekkota,Gekkonidae,Afroedura,Afroedura pienaari,20.3696882,351.1343941,28.97396336,7.730826101,664.9045323,79.91063967,377.2253295,25.49630344
Gekkota,Gekkonidae,Afroedura,Afroedura multiporis,17.77760963,329.7968044,26.33409587,5.453536989,844.7175336,75.22460759,440.5655663,29.50960794
Gekkota,Gekkonidae,Afroedura,Afroedura major,17.71745037,308.1564413,26.00194059,6.25463502,1005.623824,70.37677265,502.6802508,38.82564562
Gekkota,Gekkonidae,Afroedura,Afroedura pongola,18.86428571,310.6714286,27.24285714,7.478571429,678.6428571,63.5,318.4285714,37.78571429
Gekkota,Gekkonidae,Afroedura,Afroedura marleyi,21.49424821,269.0210179,28.56699773,12.19772577,757.836025,59.18893399,355.0386907,53.253764
Gekkota,Gekkonidae,Afroedura,Afroedura maripi,21.04988571,327.2544857,29.38731429,8.788714286,644.0231429,79.82228571,353.3934286,20.48914286
Gekkota,Gekkonidae,Afroedura,Afroedura nivaria,16.29509473,409.5891662,26.63139654,3.052854444,646.9537754,60.47526268,301.9219437,38.94254157
Gekkota,Gekkonidae,Afroedura,Afroedura pondolia,19.59134606,276.0404041,26.93499658,10.36575401,962.6440628,48.89880017,385.4057422,80.54265959
Gekkota,Gekkonidae,Afroedura,Afroedura amatolica,15.50609038,335.0549952,25.34405679,4.419102242,637.6609384,47.9617782,258.3618301,56.32347849
Gekkota,Gekkonidae,Afroedura,Afroedura tembulica,15.649176,338.9921797,25.40504509,4.208232276,717.1986163,56.92809391,311.6241449,44.25069963
Gekkota,Gekkonidae,Afroedura,Afroedura halli,14.30209708,474.5272218,25.99287183,0.008135329,622.7031232,56.97756342,280.0818025,42.65583848
Gekkota,Gekkonidae,Afroedura,Afroedura hawequensis,14.95510743,384.4705274,25.86206481,4.437194071,556.90239,54.81196139,255.3985407,51.34195105
Gekkota,Gekkonidae,Microgecko,Microgecko helenae,17.29365727,930.5775449,38.08580266,-1.660087731,463.3903861,98.28957523,132.8787475,4.848019156
Gekkota,Gekkonidae,Microgecko,Microgecko persicus,24.5611771,710.4138162,41.05510879,7.079111291,223.2356918,108.0084604,700.7143384,24.84187247
Gekkota,Gekkonidae,Cnemaspis,Cnemaspis kandiana,25.38064269,101.4045142,30.30229533,20.31752104,1732.906274,55.89403213,891.5210406,219.2964805
Gekkota,Gekkonidae,Cnemaspis,Cnemaspis tropidogaster,25.87316452,155.6948172,32.88671776,19.32383734,1181.536145,74.61342314,667.4057233,74.12832547
Gekkota,Gekkonidae,Cnemaspis,Cnemaspis modiglianii,26.64008621,41.66681034,28.26681034,25.34676724,3666.521552,30.8512931,1390.422414,582.6767241
Gekkota,Gekkonidae,Cnemaspis,Cnemaspis podihuna,26.67930693,97.72731536,30.80384823,22.55787249,1674.718752,63.26910623,859.1748856,161.331436
Gekkota,Gekkonidae,Cnemaspis,Cnemaspis scalpensis,24.34166667,85.925,29.3,19.28333333,1687.833333,43.75,795.4166667,268.0833333
Gekkota,Gekkonidae,Cnemaspis,Cnemaspis gemunu,18.75184109,66.35746124,23.13643411,14.21414729,2555.214147,36.80135659,995.6686047,300.002907
Gekkota,Phyllodactylidae,Tarentola,Tarentola boettgeri,17.80999569,201.2525636,21.1153813,14.57229642,195.9517449,86.95863852,116.5437312,0.881947436
Gekkota,Phyllodactylidae,Tarentola,Tarentola gomerensis,17.89186992,204.595122,21.25894309,14.64166667,297.3434959,81.97560976,158.8373984,2.097560976
Gekkota,Phyllodactylidae,Tarentola,Tarentola darwini,21.67525667,166.0168378,24.79738193,19.15246407,295.2623203,154.5092402,319.6072895,0
Gekkota,Phyllodactylidae,Tarentola,Tarentola boavistensis,23.5717362,174.9522207,26.90915209,21.00349933,84.0013459,177.5558546,105.2557201,0
Gekkota,Phyllodactylidae,Tarentola,Tarentola bocagei,22.38039216,165.172549,25.52745098,19.83529412,221.254902,163.372549,261.9803922,0
Gekkota,Phyllodactylidae,Tarentola,Tarentola raziana,23.33461538,163.2307692,26.43076923,20.81538462,203.4230769,138.6153846,205.8461538,0
Gekkota,Phyllodactylidae,Tarentola,Tarentola substituta,23.04801444,161.9541516,26.11480144,20.52888087,172.5054152,130.8628159,164.2635379,0
Gekkota,Phyllodactylidae,Tarentola,Tarentola caboverdiana,20.35141066,158.9715778,23.35464995,17.82413793,190.6018809,134.5067921,182.415883,0.060606061
Gekkota,Phyllodactylidae,Tarentola,Tarentola nicolauensis,22.21253482,164.0509749,25.33899721,19.6735376,210.5236769,158.9860724,243.1476323,0
Gekkota,Phyllodactylidae,Tarentola,Tarentola fogoensis,17.52313433,159.658209,20.52437811,15.01442786,440.4776119,145.9626866,455.3109453,0
Gekkota,Phyllodactylidae,Tarentola,Tarentola gigas,22.15387097,163.9645161,25.27806452,19.61258065,214.2580645,158.9483871,247.3516129,0
Gekkota,Phyllodactylidae,Tarentola,Tarentola maioensis,24.01261261,173.0894895,27.25675676,21.46966967,164.5465465,151.4144144,161.8738739,0
Gekkota,Phyllodactylidae,Tarentola,Tarentola protogigas,19.99698189,161.1881288,23.02394366,17.50040241,356.4788732,150.0704225,381.1770624,0
Gekkota,Phyllodactylidae,Tarentola,Tarentola rudis,22.45091528,169.5475096,25.64904215,19.91477224,210.9297573,161.2720307,230.6432524,0
Gekkota,Phyllodactylidae,Tarentola,Tarentola annularis,26.60213084,437.5026865,39.21722441,12.77710205,249.2831296,159.6842322,214.311682,2.231068996
Gekkota,Phyllodactylidae,Tarentola,Tarentola ephippiata,27.38633085,371.0438423,39.19893648,14.64804823,447.9933496,145.0333941,347.9077787,1.592682759
Gekkota,Phyllodactylidae,Tarentola,Tarentola chazaliae,21.63917221,295.3879682,31.60227966,12.48816485,72.04100088,96.9266647,46.97072711,1.018887253
Gekkota,Phyllodactylidae,Tarentola,Tarentola delalandii,15.78565651,210.4030466,19.23952548,12.43362092,383.6610946,80.51172823,202.1450526,4.163925586
Gekkota,Phyllodactylidae,Tarentola,Tarentola angustimentalis,19.39621235,197.1220698,22.70569639,16.17921265,125.96272,94.46078139,75.39516851,0
Gekkota,Phyllodactylidae,Tarentola,Tarentola mauritanica,16.60836684,601.8203649,31.29237988,4.241236743,474.8326075,55.02842511,194.8354295,39.8752138
Gekkota,Phyllodactylidae,Tarentola,Tarentola boehmei,20.23988395,572.1634678,36.25391868,6.104495306,124.1557158,76.02052625,68.318306,3.634419954
Gekkota,Phyllodactylidae,Tarentola,Tarentola deserti,20.11982641,791.4322013,38.66677412,3.822384704,134.0527786,52.77229903,57.5023297,8.296779065
Gekkota,Phyllodactylidae,Tarentola,Tarentola mindiae,22.36391805,612.8421259,37.12369404,7.997855157,21.99035367,118.7325663,16.74325148,0
Gekkota,Phyllodactylidae,Tarentola,Tarentola neglecta,22.80283498,756.8941545,39.88948519,5.372281505,49.01207953,114.237872,27.69523524,1.164161221
Gekkota,Phyllodactylidae,Tarentola,Tarentola fascicularis,21.23519494,600.0436082,35.29366976,7.594083696,95.52379524,89.32334378,59.49123443,0.169425292
Gekkota,Phyllodactylidae,Tarentola,Tarentola americana,25.15763247,174.3063736,29.86968718,19.84765658,1310.372714,57.66397023,583.872032,108.4794874
Gekkota,Phyllodactylidae,Phyllopezus,Phyllopezus pollicaris,24.22163114,156.537184,30.95604394,17.40360387,1455.558885,67.58778153,870.6994274,31.60267159
Gekkota,Phyllodactylidae,Phyllopezus,Phyllopezus periosus,25.3575234,122.7627545,31.37514547,19.59285259,838.6283316,71.8083295,442.7697896,59.70033396
Gekkota,Phyllodactylidae,Phyllopezus,Phyllopezus maranjonensis,18.00643856,56.44920425,23.48891105,11.91352991,873.872219,57.81497496,596.9377921,17.75556421
Gekkota,Phyllodactylidae,Phyllopezus,Phyllopezus lutzae,24.41013773,135.5310017,29.67086619,19.23087391,1043.078424,46.70128989,665.5763158,13.90263158
Gekkota,Phyllodactylidae,Gymnodactylus,Gymnodactylus amarali,25.20238829,112.2005158,32.33157434,19.2863987,1394.293403,81.78433378,865.485756,260.765157
Gekkota,Phyllodactylidae,Gymnodactylus,Gymnodactylus geckoides,26.30574238,128.2465329,33.62155989,19.54250878,631.7497732,91.25460762,454.1554362,46.8946743
Gekkota,Phyllodactylidae,Gymnodactylus,Gymnodactylus darwinii,22.18810723,195.2510716,28.66610769,15.33768612,1358.767371,64.50157918,363.5303879,16.38277382
Gekkota,Phyllodactylidae,Phyllodactylus,Phyllodactylus wirshingi,25.02707551,126.1428452,29.56925323,19.95573634,922.7138089,56.30496454,82.50668938,1.147336598
Gekkota,Phyllodactylidae,Phyllodactylus,Phyllodactylus tuberculosus,24.88126089,118.6982156,30.41723131,19.34842594,1496.12766,93.52206594,295.1304348,77.26086957
Gekkota,Phyllodactylidae,Phyllodactylus,Phyllodactylus muralis,23.89200546,145.0933606,30.27923101,17.14850299,853.1716567,103.6702385,515.882402,9.730608841
Gekkota,Phyllodactylidae,Phyllodactylus,Phyllodactylus lanei,24.60134027,160.01904,31.96581239,16.60873455,1038.835109,112.048975,367.8333333,118.8333333
Gekkota,Phyllodactylidae,Phyllodactylus,Phyllodactylus bordai,22.68592441,154.2183951,31.6154906,14.03478868,808.9108639,99.32144852,403.7763445,26.40877058
Gekkota,Phyllodactylidae,Phyllodactylus,Phyllodactylus paucituberculatus,23.75921053,164.1481579,33.59736842,14.37894737,1011.968421,107.3605263,240.5043444,14.04060525
Gekkota,Phyllodactylidae,Phyllodactylus,Phyllodactylus xanti,21.23540387,495.1976226,33.46493365,9.798799396,158.5606872,84.53890878,1415.076159,196.2516556
Gekkota,Phyllodactylidae,Phyllodactylus,Phyllodactylus unctus,22.5362664,326.1563814,29.16715801,15.76029121,318.0000899,129.5652526,551.8658473,14.75154953
Gekkota,Phyllodactylidae,Phyllodactylus,Phyllodactylus nocticolus,21.49157845,508.5127894,34.31151884,9.595341707,140.6104152,81.05026187,383.6017324,97.59749759
Gekkota,Phyllodactylidae,Phyllodactylus,Phyllodactylus bugastrolepis,24.59722222,430.7333333,32.40833333,16.63333333,207.8333333,109.5833333,92.6075602,26.75507748
Gekkota,Phyllodactylidae,Phyllodactylus,Phyllodactylus davisi,24.99368932,133.2848908,32.26468447,16.92184466,911.5048544,107.5,379.9286467,15.94075662
Gekkota,Phyllodactylidae,Phyllodactylus,Phyllodactylus duellmani,23.76597164,106.2215179,30.09499583,17.11843203,793.1092577,105.1993328,429.8695652,131.0869565
Gekkota,Phyllodactylidae,Phyllodactylus,Phyllodactylus homolepidurus,23.13420092,509.0591555,35.05929317,9.987347175,434.9613275,109.4375436,481.6897226,16.02220257
Gekkota,Phyllodactylidae,Phyllodactylus,Phyllodactylus delcampoi,22.35003023,94.10187424,29.6805925,15.26825877,1413.335852,107.7379081,460.1378216,16.9842835
Gekkota,Phyllodactylidae,Phyllodactylus,Phyllodactylus palmeus,26.57880795,114.3569536,29.66456954,23.20496689,2588.897351,64.54635762,346.9954526,7.196094856
Gekkota,Phyllodactylidae,Phyllodactylus,Phyllodactylus darwini,22.89166667,163.75,25.89166667,20.39166667,810.5833333,48.75,600.0738485,13.69014085
Gekkota,Phyllodactylidae,Phyllodactylus,Phyllodactylus leoni,13.46086957,30.5826087,19.14782609,8,672.3478261,43.56521739,924.3053204,14.17593712
Gekkota,Phyllodactylidae,Phyllodactylus,Phyllodactylus pumilus,23.06648676,92.44829179,26.49564879,18.91390496,819.812041,107.0994881,745.1189427,10.08515979
Gekkota,Phyllodactylidae,Phyllodactylus,Phyllodactylus kofordi,22.16477587,91.59955816,27.09335012,16.25612658,317.1210629,122.4385491,169.25,0.111111111
Gekkota,Phyllodactylidae,Phyllodactylus,Phyllodactylus galapagensis,22.63289702,166.6729548,25.69041386,20.16496631,773.9353224,59.76689124,394.1416667,120.6541667
Gekkota,Phyllodactylidae,Phyllodactylus,Phyllodactylus barringtonensis,22.80434783,165.9304348,25.84347826,20.29565217,908.2173913,53.56521739,49.16242759,2.390635176
Gekkota,Phyllodactylidae,Phyllodactylus,Phyllodactylus baurii,22.76875,175.41875,25.92625,20.11833333,867,51.89166667,197.4751053,28.44767214
Gekkota,Phyllodactylidae,Phyllodactylus,Phyllodactylus leei,22.69611198,163.0682737,25.68320373,20.1992224,908.0124417,47.67496112,625.3058252,10.36650485
Gekkota,Phyllodactylidae,Phyllodactylus,Phyllodactylus reissii,18.34095373,64.01792216,23.13907236,12.87255666,801.5995149,86.43072715,411.0793157,137.029549
Gekkota,Phyllodactylidae,Homonota,Homonota whitii,14.25401159,504.5357502,25.12007083,1.555666452,769.9164842,73.16413393,87.60584296,13.96816461
Gekkota,Phyllodactylidae,Homonota,Homonota andicola,7.699893235,559.6829855,20.9926041,-5.765136368,157.1036591,71.08822673,239.3367855,76.45025518
Gekkota,Phyllodactylidae,Homonota,Homonota darwinii,10.20653728,522.5716544,22.78185265,-0.883406696,246.5291247,31.99588531,279.0765166,103.9600531
Gekkota,Phyllodactylidae,Homonota,Homonota uruguayensis,18.694074,430.8193076,28.71782927,8.022115123,1452.815734,15.02995048,1018.523779,452.111298
Gekkota,Phyllodactylidae,Homonota,Homonota rupicola,21.384,364.796,29.936,11.2,1763.64,28.72,1263.707176,232.2832574
Gekkota,Phyllodactylidae,Homonota,Homonota taragui,20.332,438.068,30.42,9.348,1578.6,24.04,815.7593206,81.83391785
Gekkota,Phyllodactylidae,Homonota,Homonota borellii,18.78382155,499.5111314,29.44337964,5.814403306,605.9236237,79.75955545,251.1867297,35.9998573
Gekkota,Phyllodactylidae,Homonota,Homonota underwoodi,15.97854118,525.890274,27.17877133,1.999759114,198.2009175,88.17152019,362.5883928,16.79451761
Gekkota,Phyllodactylidae,Homonota,Homonota fasciata,14.82048289,454.1839795,25.65709688,3.401969476,528.5027682,57.38679728,1104.369622,238.7477608
Gekkota,Phyllodactylidae,Garthia,Garthia gaudichaudii,15.44619454,336.0266919,24.80035883,4.686179648,121.1289764,122.4155971,123.056725,25.64813042
Gekkota,Phyllodactylidae,Thecadactylus,Thecadactylus rapicauda,24.8965047,68.63108558,29.70243442,20.85737447,2240.864788,54.44837823,962.7777044,194.1211613
Gekkota,Phyllodactylidae,Thecadactylus,Thecadactylus solimoensis,24.3075807,64.83025239,28.63269666,19.4786831,2351.650333,42.26504993,893.0365749,282.2949234
Gekkota,Phyllodactylidae,Ptyodactylus,Ptyodactylus ragazzii,26.68925851,466.3516188,39.63158497,12.24751566,311.5711602,133.3980177,180.5589917,0.204455662
Gekkota,Phyllodactylidae,Ptyodactylus,Ptyodactylus oudrii,19.84223959,773.0339542,38.78845138,3.365582499,144.2691611,52.52733781,77.94479966,2.306681384
Gekkota,Phyllodactylidae,Ptyodactylus,Ptyodactylus guttatus,20.31415607,614.5424144,35.09461463,5.693235468,106.8038679,118.4696055,1916.769273,48.63244937
Gekkota,Phyllodactylidae,Ptyodactylus,Ptyodactylus puiseuxi,17.91891526,680.1937222,33.55149463,3.256032289,273.1438825,97.18178333,58.25069735,10.84005329
Gekkota,Phyllodactylidae,Ptyodactylus,Ptyodactylus hasselquistii,26.18277559,529.8482888,39.51731483,11.66893912,111.9460498,141.6749969,73.06088079,0
Gekkota,Phyllodactylidae,Haemodracon,Haemodracon riebeckii,24.83866392,119.46097,27.98554107,22.7844658,304.8931595,143.5465569,744.1501453,14.86923343
Gekkota,Phyllodactylidae,Asaccus,Asaccus nasrullahi,16.75960141,964.113646,38.95215318,-2.4453771,552.603517,92.06721376,316.4350918,0.096209457
Gekkota,Phyllodactylidae,Asaccus,Asaccus caudivolvulus,26.53646389,532.8089675,38.44941832,15.05866457,135.4627969,118.7056471,109.3748182,0
Gekkota,Phyllodactylidae,Asaccus,Asaccus gallagheri,25.46626088,520.1936036,38.39167085,12.92693273,121.4057898,101.1138303,84.26054217,2.637675703
Gekkota,Phyllodactylidae,Asaccus,Asaccus platyrhynchus,25.67125477,536.8293224,39.17233816,12.3723204,122.3877986,85.29118196,72.61433265,4.762543291
Gekkota,Phyllodactylidae,Asaccus,Asaccus griseonotus,20.26945953,979.8046269,41.92102711,0.89451035,477.5707537,95.97437464,286.2297598,0.466715659
Gekkota,Phyllodactylidae,Asaccus,Asaccus elisae,21.12909685,961.8482768,42.20522167,1.998049224,381.4905468,93.94321593,227.5052533,0.352925719
Gekkota,Phyllodactylidae,Asaccus,Asaccus montanus,24.50414878,531.1012355,38.20889583,11.1453505,134.4946027,81.06931981,77.158148,5.10339446
Gekkota,Sphaerodactylidae,Teratoscincus,Teratoscincus microlepis,23.40299805,816.4465729,41.76119863,4.395222674,102.3564984,105.1117418,67.99411839,1.678093455
Gekkota,Sphaerodactylidae,Teratoscincus,Teratoscincus roborowskii,10.80505309,1233.685381,33.20051263,-14.60497986,33.24835225,96.36117722,25.14596302,1.382597949
Gekkota,Sphaerodactylidae,Teratoscincus,Teratoscincus przewalskii,9.178813154,1228.52449,31.63638601,-15.97689393,63.18889548,98.62396332,40.99364663,3.218823659
Gekkota,Sphaerodactylidae,Teratoscincus,Teratoscincus scincus,13.25471644,1091.328271,35.03058862,-6.99133154,183.5333282,59.96852414,88.68139905,11.74863545
Gekkota,Sphaerodactylidae,Sphaerodactylus,Sphaerodactylus elegans,25.01491677,168.3849747,29.78520077,19.65680654,1376.942616,55.70381817,603.6198594,121.1406683
Gekkota,Sphaerodactylidae,Sphaerodactylus,Sphaerodactylus cinereus,24.39433303,139.4887337,30.04667643,18.38743804,1318.994142,43.10511492,524.2255521,152.238621
Gekkota,Sphaerodactylidae,Sphaerodactylus,Sphaerodactylus rosaurae,26.58408304,113.6321799,29.60380623,23.25743945,2608.716263,64.88927336,1429.622837,196.8269896
Gekkota,Sphaerodactylidae,Sphaerodactylus,Sphaerodactylus alphus,26.34107143,103.2642857,29.00178571,23.45892857,2756.821429,66.26785714,1552.517857,215.5714286
Gekkota,Sphaerodactylidae,Sphaerodactylus,Sphaerodactylus becki,27.52,102.54,29.62,25.52,1530.2,45.2,687.6,185
Gekkota,Sphaerodactylidae,Sphaerodactylus,Sphaerodactylus copei,24.72742785,112.1580884,28.39175498,20.85074318,1402.192362,46.70345931,596.3222022,158.3530627
Gekkota,Sphaerodactylidae,Sphaerodactylus,Sphaerodactylus shrevei,26.745,112.61,29.66,23.79,1127.5,46.45,532.1,130.95
Gekkota,Sphaerodactylidae,Sphaerodactylus,Sphaerodactylus notatus,25.14143454,181.490082,29.84356784,19.79777414,1307.216752,57.15060351,579.9567251,110.7095234
Gekkota,Sphaerodactylidae,Sphaerodactylus,Sphaerodactylus armstrongi,22.03288536,113.1804728,26.19242228,17.39033355,951.2266839,55.0302785,415.6530117,80.97927461
Gekkota,Sphaerodactylidae,Sphaerodactylus,Sphaerodactylus semasiops,24.73219219,102.8067267,27.44252252,21.88540541,1738.581381,38.22522523,703.0924925,217.9309309
Gekkota,Sphaerodactylidae,Sphaerodactylus,Sphaerodactylus macrolepis,25.58020143,109.8280365,27.63106654,23.47098218,1598.141603,36.17336662,593.8628734,198.6709994
Gekkota,Sphaerodactylidae,Sphaerodactylus,Sphaerodactylus roosevelti,26.58005865,109.3346041,28.61622678,24.47614858,1247.757576,49.1827957,561.7986315,119.597263
Gekkota,Sphaerodactylidae,Sphaerodactylus,Sphaerodactylus argus,25.06213595,152.8003798,29.57338207,20.06096294,1472.978573,58.0272246,649.3869255,116.706865
Gekkota,Sphaerodactylidae,Sphaerodactylus,Sphaerodactylus klauberi,25.10045051,109.1278939,27.14414967,23.00103867,1688.778751,34.534226,616.4256038,215.6250782
Gekkota,Sphaerodactylidae,Sphaerodactylus,Sphaerodactylus monensis,26.725,106.65,28.74166667,24.65,1203.5,34.91666667,454.5,166.3333333
Gekkota,Sphaerodactylidae,Sphaerodactylus,Sphaerodactylus levinsi,26.85,111.05,28.95,24.75,1678.5,39.5,622.5,188
Gekkota,Sphaerodactylidae,Sphaerodactylus,Sphaerodactylus nicholsi,25.3084092,108.8637518,27.34604696,23.21184715,1539.014854,38.58660757,595.3762578,184.159679
Gekkota,Sphaerodactylidae,Sphaerodactylus,Sphaerodactylus ocoae,21.39583333,113.6916667,25.6625,16.55833333,1139.958333,46.5,448.7083333,121.5416667
Gekkota,Sphaerodactylidae,Sphaerodactylus,Sphaerodactylus townsendi,25.67509102,109.6761226,27.72794296,23.56089199,1634.26517,36.79004854,610.4711772,200.1025485
Gekkota,Sphaerodactylidae,Sphaerodactylus,Sphaerodactylus gaigeae,25.42088,109.6981333,27.47666667,23.30922667,1721.148,32.9944,611.3746667,220.9458667
Gekkota,Sphaerodactylidae,Sphaerodactylus,Sphaerodactylus goniorhynchus,25.08833319,101.1727343,27.69884453,22.36117099,1778.386652,41.82969734,739.1303785,209.340088
Gekkota,Sphaerodactylidae,Sphaerodactylus,Sphaerodactylus cryphius,24.67247278,126.8573872,29.56415241,19.25614308,769.2138414,57.78693624,336.9339036,53.39657854
Gekkota,Sphaerodactylidae,Sphaerodactylus,Sphaerodactylus altavelensis,23.89519703,128.7937442,28.83220114,18.54206581,1146.03118,49.3715006,474.0180443,113.589923
Gekkota,Sphaerodactylidae,Sphaerodactylus,Sphaerodactylus darlingtoni,23.10369984,128.7395595,28.05193148,17.69184339,1459.431452,39.17034258,538.6830343,185.9502773
Gekkota,Sphaerodactylidae,Sphaerodactylus,Sphaerodactylus richardsonii,25.80192864,105.6965284,28.45530376,23.0253134,1728.585824,35.80231437,668.7507232,230.611379
Gekkota,Sphaerodactylidae,Sphaerodactylus,Sphaerodactylus leucaster,24.6941885,126.1538994,29.43477868,19.37801867,907.3149654,55.71093044,403.2553448,73.73381512
Gekkota,Sphaerodactylidae,Sphaerodactylus,Sphaerodactylus thompsoni,24.09709161,107.8679593,27.63334949,20.16093068,733.2714493,54.18516723,333.0736791,67.88124091
Gekkota,Sphaerodactylidae,Sphaerodactylus,Sphaerodactylus parvus,26.6,113.9981221,28.6685446,24.45774648,1129.206573,34.66666667,422.1690141,141.9014085
Gekkota,Sphaerodactylidae,Sphaerodactylus,Sphaerodactylus torrei,25.14038734,128.4044402,29.18219178,20.62900331,1282.354275,53.1284837,561.7760983,118.3008975
Gekkota,Sphaerodactylidae,Sphaerodactylus,Sphaerodactylus intermedius,24.87428467,212.9552458,29.44233309,19.44431401,1454.466251,55.63169479,631.4057227,138.8217168
Gekkota,Sphaerodactylidae,Sphaerodactylus,Sphaerodactylus nigropunctatus,25.21046327,156.8061188,29.77171484,20.24292536,1208.524437,54.70717936,529.4520064,106.7798107
Gekkota,Sphaerodactylidae,Sphaerodactylus,Sphaerodactylus oliveri,24.09496951,181.1924543,29.05442073,18.26737805,1500.461128,64.41158537,687.8772866,103.101372
Gekkota,Sphaerodactylidae,Sphaerodactylus,Sphaerodactylus richardi,25.50708183,191.1198741,30.46258993,19.58167716,1253.28125,63.07261691,570.6126349,98.50921763
Gekkota,Sphaerodactylidae,Sphaerodactylus,Sphaerodactylus ramsdeni,24.07204161,128.9840702,27.82126138,19.92509753,1220.46814,53.13849155,554.0396619,111.926528
Gekkota,Sphaerodactylidae,Sphaerodactylus,Sphaerodactylus cricoderus,22.572,125.856,27.276,17.164,1674.56,57.08,701.68,122.64
Gekkota,Sphaerodactylidae,Sphaerodactylus,Sphaerodactylus schwartzi,26.19583333,127.625,29.6875,22.40416667,1092,55.54166667,525.125,99.70833333
Gekkota,Sphaerodactylidae,Sphaerodactylus,Sphaerodactylus sputator,26.17191011,110.6404494,28.1906367,24.06217228,1245.941948,34.10861423,461.4531835,157.417603
Gekkota,Sphaerodactylidae,Sphaerodactylus,Sphaerodactylus fantasticus,25.22129588,96.4074309,27.03964658,23.27308564,1845.589035,37.3620299,678.6343453,207.1853194
Gekkota,Sphaerodactylidae,Sphaerodactylus,Sphaerodactylus elegantulus,26.59796673,109.2443623,28.58465804,24.49944547,1184.609982,35.20887246,447.5600739,154.8336414
Gekkota,Sphaerodactylidae,Sphaerodactylus,Sphaerodactylus sabanus,25.86870027,107.9424403,27.84933687,23.78753316,1350.541114,33.81432361,497.1193634,170.1564987
Gekkota,Sphaerodactylidae,Sphaerodactylus,Sphaerodactylus kirbyi,26.86666667,72.75,28.4,25.21666667,2254.833333,40,836.6666667,251.6666667
Gekkota,Sphaerodactylidae,Sphaerodactylus,Sphaerodactylus vincenti,25.61201729,84.29951009,27.26991354,23.81864553,2308.211816,38.88386167,863.1634006,270.804611
Gekkota,Sphaerodactylidae,Sphaerodactylus,Sphaerodactylus microlepis,26.06241331,78.99930652,27.64188627,24.33994452,2213.545076,40.78640777,822.1151179,246.0527046
Gekkota,Sphaerodactylidae,Sphaerodactylus,Sphaerodactylus dunni,24.54230466,115.2436061,29.23683479,19.98835626,2435.623037,46.9310824,1066.420546,226.3976194
Gekkota,Sphaerodactylidae,Sphaerodactylus,Sphaerodactylus continentalis,22.40081713,132.1172424,28.07480228,16.84199217,1596.001453,54.82630538,702.744149,124.1767614
Gekkota,Sphaerodactylidae,Sphaerodactylus,Sphaerodactylus guanajae,26.5,102.64,29.12,23.7,2807.6,66.6,1590.6,218.6
Gekkota,Sphaerodactylidae,Sphaerodactylus,Sphaerodactylus leonardovaldesi,26.63489933,112.4758389,29.52080537,23.4,2593.42953,66.62416107,1449.42953,187.885906
Gekkota,Sphaerodactylidae,Sphaerodactylus,Sphaerodactylus millepunctatus,24.67934562,111.9175153,29.67355349,20.05496448,2479.321141,56.31231253,1109.110673,180.9771247
Gekkota,Sphaerodactylidae,Sphaerodactylus,Sphaerodactylus poindexteri,26.56666667,127.2666667,30.38333333,22.48333333,2714.166667,57.5,1341,224.3333333
Gekkota,Sphaerodactylidae,Sphaerodactylus,Sphaerodactylus glaucus,25.17820832,169.6653482,31.15043154,19.05483014,1737.430903,66.09762593,852.3207942,116.4600722
Gekkota,Sphaerodactylidae,Sphaerodactylus,Sphaerodactylus molei,25.36007341,68.23428091,30.14389764,21.23637823,1482.557133,55.16987467,645.0319385,127.4094921
Gekkota,Sphaerodactylidae,Lepidoblepharis,Lepidoblepharis xanthostigma,24.64383778,38.07171953,28.16596958,21.5199123,2350.756474,51.67816709,1058.211834,161.8291295
Gekkota,Sphaerodactylidae,Lepidoblepharis,Lepidoblepharis festae,25.00083687,52.62109649,28.95411153,21.6284652,2617.560248,37.96914037,1058.232842,72.72058626
Gekkota,Sphaerodactylidae,Gonatodes,Gonatodes caudiscutatus,23.69966824,58.05181264,27.75063251,19.63774176,1742.841976,61.40721743,444.2483219,30.72289328
Gekkota,Sphaerodactylidae,Gonatodes,Gonatodes eladioi,25.84428227,70.4691809,31.41668141,22.38630001,1879.252723,71.43153923,934.6989208,199.8834425
Gekkota,Sphaerodactylidae,Gonatodes,Gonatodes superciliaris,19.28695652,29.8826087,23.30869565,15.28695652,3951.956522,49.26086957,967.4680802,58.41174601
Gekkota,Sphaerodactylidae,Gonatodes,Gonatodes alexandermendesi,21.48547364,52.45577695,26.43277648,16.99839011,2547.474568,43.68903406,236.0128228,19.65895219
Gekkota,Sphaerodactylidae,Gonatodes,Gonatodes astralis,24.3826087,79.39130435,30.12173913,20.46521739,2561.304348,72.56521739,997.0672016,200.327984
Gekkota,Sphaerodactylidae,Gonatodes,Gonatodes annularis,25.14017697,73.93966421,30.2920318,21.54868883,2259.847218,52.00932018,445.3333333,22.66666667
Gekkota,Sphaerodactylidae,Gonatodes,Gonatodes hasemani,25.03254618,53.0721062,29.50916434,20.62394093,2240.914201,51.75707869,1024.290334,210.1729776
Gekkota,Sphaerodactylidae,Gonatodes,Gonatodes infernalis,26.68461538,102.7461538,32.99230769,22.77692308,2080.846154,77.38461538,1360,82.91304348
Gekkota,Sphaerodactylidae,Gonatodes,Gonatodes taniae,22.29785203,45.41957041,26.32267303,18.54797136,880.5274463,68.11455847,457.9984664,81.2514465
Gekkota,Sphaerodactylidae,Gonatodes,Gonatodes falconensis,24.54672708,49.38554897,28.38948763,20.84945277,1141.445939,46.11049146,1034.335604,238.2863276
Gekkota,Sphaerodactylidae,Gonatodes,Gonatodes purpurogularis,21.8,37.69166667,26.34166667,17.175,1649.25,59.41666667,1157.586288,415.1962183
Gekkota,Sphaerodactylidae,Gonatodes,Gonatodes seigliei,20.71462882,57.66834061,25.14672489,16.82576419,1242.799127,54.34497817,817.6363636,227.9090909
Gekkota,Sphaerodactylidae,Gonatodes,Gonatodes ceciliae,25.43025723,57.08061522,27.452559,23.42970034,1511.809865,51.24794484,108.5372222,26.29361111
Gekkota,Sphaerodactylidae,Gonatodes,Gonatodes ocellatus,25.81902655,59.24292035,27.36106195,24.37787611,2237.106195,43.44690265,709.1400332,196.8715012
Gekkota,Sphaerodactylidae,Gonatodes,Gonatodes antillensis,27.41038168,79.60030534,29.31648855,25.66641221,548.7068702,71.12061069,405.9366031,11.75338471
Gekkota,Sphaerodactylidae,Gonatodes,Gonatodes concinnatus,24.32517464,55.04335744,28.1054767,21.02954419,3121.780112,34.0814824,106.4088484,20.96035123
Gekkota,Sphaerodactylidae,Gonatodes,Gonatodes humeralis,25.09758905,68.98547323,30.02550751,20.83100327,2221.191941,54.12292832,321.5251908,53.20763359
Gekkota,Sphaerodactylidae,Gonatodes,Gonatodes daudini,26.88181818,70,28.42727273,25.28181818,2106.090909,41.72727273,677.7056383,161.5462761
Gekkota,Sphaerodactylidae,Gonatodes,Gonatodes albogularis,24.40388584,58.4296425,28.29528548,20.77993379,2286.931074,52.42613113,162.6698405,23.47662336
Gekkota,Sphaerodactylidae,Gonatodes,Gonatodes vittatus,25.74289844,59.31084774,29.98903815,21.78880197,1285.310292,55.67457071,917.8031382,169.7901901
Gekkota,Sphaerodactylidae,Gonatodes,Gonatodes petersi,22.82060858,50.47123098,27.16348548,18.57759336,1634.589673,51.14707238,607.6544683,107.2291169
Gekkota,Sphaerodactylidae,Pseudogonatodes,Pseudogonatodes lunulatus,22.60276314,53.42629414,27.3046237,18.3733697,1293.489447,54.82429936,823.7418018,150.3986455
Gekkota,Sphaerodactylidae,Pseudogonatodes,Pseudogonatodes guianensis,24.76878327,55.91830213,28.99175822,21.13023795,2544.02991,40.30916499,353.3537869,15.49792229
Gekkota,Sphaerodactylidae,Pseudogonatodes,Pseudogonatodes manessi,23.47391304,50.07391304,27.53043478,19.66956522,1077.695652,58.56521739,836.5397909,39.05136108
Gekkota,Sphaerodactylidae,Coleodactylus,Coleodactylus brachystoma,25.09063381,118.6162586,32.16298532,18.55794415,1567.934989,77.29489356,820.474048,24.7394357
Gekkota,Sphaerodactylidae,Coleodactylus,Coleodactylus meridionalis,25.43755124,120.0174567,32.11395249,19.50990055,912.7148389,79.56309585,502.5644471,31.33195497
Gekkota,Sphaerodactylidae,Coleodactylus,Coleodactylus natalensis,26.05124497,86.73026186,31.26519359,20.86806609,814.682145,81.16859046,457.3236924,33.0913693
Gekkota,Sphaerodactylidae,Coleodactylus,Coleodactylus septentrionalis,25.22921886,68.24189002,30.07714838,21.36445566,1925.575118,59.08599669,938.1272524,182.6174326
Gekkota,Sphaerodactylidae,Chatogekko,Chatogekko amazonicus,25.1493637,60.30776984,29.85424707,21.29405171,2314.606711,52.39035061,987.7691345,208.100579
Gekkota,Sphaerodactylidae,Saurodactylus,Saurodactylus mauritanicus,18.15174638,534.8570666,32.79485008,5.77911082,276.3262833,67.2962858,126.4366672,7.752188269
Gekkota,Sphaerodactylidae,Pristurus,Pristurus celerrimus,27.00166701,554.5905189,40.36019744,13.96508127,114.7329912,107.6429464,773.8116979,382.1199375
Gekkota,Sphaerodactylidae,Pristurus,Pristurus insignis,24.83213046,119.5189914,27.98080037,22.7777932,305.5357391,143.413139,46.12718155,2.43507078
Gekkota,Sphaerodactylidae,Pristurus,Pristurus insignoides,23.42704918,117.1590164,26.54065574,21.43131148,338.195082,144.7721311,82.95983538,1.800557408
Gekkota,Sphaerodactylidae,Pristurus,Pristurus sokotranus,24.83213046,119.5189914,27.98080037,22.7777932,305.5357391,143.413139,300.3476752,0
Gekkota,Sphaerodactylidae,Pristurus,Pristurus samhaensis,25.53793103,114.5655172,28.53448276,23.5,252.4310345,155.4655172,300.3476752,0
Gekkota,Sphaerodactylidae,Pristurus,Pristurus obsti,24.83213046,119.5189914,27.98080037,22.7777932,305.5357391,143.413139,188.0252683,5.734085599
Gekkota,Sphaerodactylidae,Pristurus,Pristurus guichardi,24.83213046,119.5189914,27.98080037,22.7777932,305.5357391,143.413139,60.04166667,1.75
Gekkota,Sphaerodactylidae,Pristurus,Pristurus rupestris,25.89735858,358.9167611,35.87303804,15.22197918,160.3094309,93.52671503,74.80996964,4.899797571
Gekkota,Sphaerodactylidae,Pristurus,Pristurus popovi,22.07689508,285.6530276,32.20044628,11.77303451,196.9130614,89.67109339,211.6399465,4.581117274
Gekkota,Sphaerodactylidae,Pristurus,Pristurus flavipunctatus,27.04656482,284.7312227,37.0499186,16.58554313,266.9154195,121.0958345,748.3683988,127.5677763
Gekkota,Sphaerodactylidae,Pristurus,Pristurus gallagheri,25.20172065,530.9189524,38.62990891,12.05318826,130.2851721,81.00746457,282.3407539,0
Gekkota,Sphaerodactylidae,Pristurus,Pristurus adrarensis,26.39583333,530.2333333,39.74583333,11.50833333,68.5,118.3333333,947.0450395,252.7192804
Gekkota,Sphaerodactylidae,Pristurus,Pristurus abdelkuri,24.87197982,119.5433066,27.99151083,22.79857524,281.4336598,145.8664292,537.5301158,91.34080867
Gekkota,Sphaerodactylidae,Pristurus,Pristurus somalicus,27.64540932,315.4575305,36.03952962,17.53233831,42.43690638,93.49751244,337.4918033,0
Gekkota,Sphaerodactylidae,Pristurus,Pristurus crucifer,26.37684149,158.9810522,34.13271455,18.69769893,276.7133451,106.2932431,132.3346037,38.86465886
Gekkota,Sphaerodactylidae,Pristurus,Pristurus collaris,25.34952095,352.244961,35.61537854,14.7614907,98.18261352,78.05007042,973.6506917,396.5703262
Gekkota,Sphaerodactylidae,Pristurus,Pristurus carteri,27.57859812,459.5389665,40.32282761,14.77783869,69.36334023,100.9655511,754.3702899,173.0953788
Gekkota,Sphaerodactylidae,Pristurus,Pristurus minimus,27.67295459,448.732001,40.35286424,14.90879475,66.40010707,103.6110217,56.49566832,4.847804285
Gekkota,Sphaerodactylidae,Saurodactylus,Saurodactylus fasciatus,17.75013551,513.8356226,31.96301099,5.906067906,585.1940827,70.26434164,288.6939886,8.266562524
Gekkota,Sphaerodactylidae,Euleptes,Euleptes europaea,14.29904653,553.3626023,25.77966373,4.889258956,753.2690604,44.95585319,259.5497158,130.6972327
Gekkota,Sphaerodactylidae,Quedenfeldtia,Quedenfeldtia trachyblepharus,13.24067498,628.7945525,30.6755796,-1.603378577,321.6702861,61.94651504,99.94591238,6.027232414
Gekkota,Sphaerodactylidae,Quedenfeldtia,Quedenfeldtia moerens,17.26935985,567.134461,33.371348,3.284330322,204.9760428,69.8286566,156.0902606,1.145426474
Gekkota,Sphaerodactylidae,Aristelliger,Aristelliger lar,24.05868306,128.5025687,28.76160303,18.97796599,1422.29735,39.73563238,529.7236755,180.4814821
Gekkota,Sphaerodactylidae,Aristelliger,Aristelliger georgeensis,26.00448414,144.7776704,30.04896099,21.39248997,1401.192672,50.73222749,621.2092599,124.4141451
Gekkota,Sphaerodactylidae,Aristelliger,Aristelliger praesignis,25.30538223,101.4293105,27.93659486,22.56225953,1722.205706,43.46941422,728.2248001,197.138987
Gekkota,Eublepharidae,Goniurosaurus,Goniurosaurus kuroiwae,22.50268328,418.4978917,28.8128414,15.44920939,2307.402492,33.18878773,533.849345,75.68995633
Gekkota,Eublepharidae,Goniurosaurus,Goniurosaurus lichtenfelderi,19.6454558,565.9831359,29.07012677,6.440965146,1395.291236,70.01557912,427.5656325,25.87589499
Gekkota,Eublepharidae,Goniurosaurus,Goniurosaurus hainanensis,23.65849677,314.3060104,29.10919904,15.55997722,1726.981737,76.06761146,691.3333333,75.08333333
Gekkota,Eublepharidae,Goniurosaurus,Goniurosaurus araneus,22.175,496.5416667,30.41666667,10.275,1230.166667,79.16666667,868.8141593,204.7300885
Gekkota,Eublepharidae,Goniurosaurus,Goniurosaurus luii,21.50556937,526.6920099,30.16265388,8.766921165,1415.268229,71.62659801,567.203479,92.71056568
Gekkota,Eublepharidae,Goniurosaurus,Goniurosaurus liboensis,18.38928571,640.2678571,28.94285714,3.925,1487.214286,71.71428571,1668.304348,315
Gekkota,Eublepharidae,Goniurosaurus,Goniurosaurus catbaensis,23.575,432.78125,30.12548077,14.62067308,1939.461538,84.5625,653.4877824,93.86768096
Gekkota,Eublepharidae,Goniurosaurus,Goniurosaurus zhelongi,19.78181818,638.6090909,30.73636364,5.263636364,1922,73.90909091,717.3828724,122.6184752
Gekkota,Eublepharidae,Goniurosaurus,Goniurosaurus yingdeensis,20.288,719.064,32.868,4.864,1689.32,57.52,822.0847384,189.8149589
Gekkota,Eublepharidae,Holodactylus,Holodactylus africanus,23.83283748,122.9007009,31.22073274,16.57058407,572.5732124,93.27155765,664.9268106,33.01047409
Gekkota,Eublepharidae,Hemitheconyx,Hemitheconyx taylori,25.52308573,207.9306125,33.04154381,16.68626296,193.5043099,99.86208633,791.4615385,277.7307692
Gekkota,Eublepharidae,Hemitheconyx,Hemitheconyx caudicinctus,27.25229222,211.15692,37.20629286,18.16466858,1030.67869,104.1796025,2412.5,381.75
Gekkota,Eublepharidae,Eublepharis,Eublepharis macularius,23.77610218,662.760915,39.0276251,6.147437867,436.3791346,115.7688308,103.9364367,7.885320938
Gekkota,Eublepharidae,Eublepharis,Eublepharis turcmenicus,15.45867628,953.2264408,35.73416631,-3.132379662,247.1542931,62.56929748,361.5178835,13.80317111
Gekkota,Eublepharidae,Coleonyx,Coleonyx mitratus,25.6454315,78.58325138,30.39273175,21.69107791,1872.006926,80.01593104,1004.622245,58.04829536
Gekkota,Eublepharidae,Coleonyx,Coleonyx elegans,25.12426971,162.6304704,31.13385023,18.83092467,1569.693235,74.60436582,827.2026924,88.09647091
Gekkota,Eublepharidae,Coleonyx,Coleonyx variegatus,20.12014252,678.4241479,36.23357657,5.278148974,215.6817036,68.69355406,120.6533559,9.081463282
Gekkota,Eublepharidae,Coleonyx,Coleonyx brevis,19.95003141,605.6426901,33.65414318,4.231440715,412.824241,62.90119532,202.28524,39.18245391
Gekkota,Eublepharidae,Aeluroscalabotes,Aeluroscalabotes felinus,24.16415455,32.82127633,27.79396155,20.68291147,3083.623712,18.15625675,986.3147315,574.628103
Gekkota,Carphodactylidae,Saltuarius,Saltuarius swaini,18.40824886,352.8279643,25.89534316,9.644187669,1335.792663,38.16055984,534.7587417,163.6351948
Gekkota,Carphodactylidae,Saltuarius,Saltuarius kateae,18.62064244,383.4817272,27.44291732,8.004528699,1107.014745,45.94444444,474.426277,114.6066351
Gekkota,Carphodactylidae,Saltuarius,Saltuarius moritzi,16.45461682,377.0210521,24.63487866,7.237173903,1222.079652,38.0609832,489.822986,158.9723805
Gekkota,Carphodactylidae,Saltuarius,Saltuarius wyberba,17.75457915,395.369167,27.00287833,6.641146969,1093.573048,45.95224597,471.9217183,114.9825556
Gekkota,Carphodactylidae,Saltuarius,Saltuarius salebrosus,21.0156991,435.9847152,30.55348075,9.316540007,732.5159896,47.59225187,326.8880826,83.69359846
Gekkota,Carphodactylidae,Saltuarius,Saltuarius cornutus,22.71476738,245.1156872,28.68284225,15.70217647,1856.18877,88.57419786,1141.050508,101.2109358
Gekkota,Carphodactylidae,Phyllurus,Phyllurus platurus,15.71573467,390.9720465,24.63079445,6.687601234,1037.504949,23.24283327,380.5859289,105.6228223
Gekkota,Carphodactylidae,Phyllurus,Phyllurus amnicola,22.875,299.975,29.925,13.9,1272.75,99.25,100.8385589,1.374437473
Gekkota,Carphodactylidae,Phyllurus,Phyllurus kabikabi,19.64695761,383.5983791,28.72124688,8.702643392,888.2880299,46.5798005,439.7871681,122.6235161
Gekkota,Carphodactylidae,Orraya,Orraya occultus,25.67658777,168.7971174,31.97738458,19.07665807,1367.06187,113.1985001,631.7621391,66.61529367
Gekkota,Carphodactylidae,Uvidicolus,Uvidicolus sphyrurus,16.39654239,462.7602783,26.8399342,4.408461138,780.8265881,34.10569014,308.7171992,121.8503029
Gekkota,Carphodactylidae,Underwoodisaurus,Underwoodisaurus milii,18.5407385,511.0136708,30.81587766,6.452293045,423.2706841,31.0105127,163.2295799,63.7128494
Gekkota,Carphodactylidae,Nephrurus,Nephrurus wheeleri,23.9577843,573.5129249,36.8908249,9.532531551,261.798691,66.69643515,447.4823308,37.3031486
Gekkota,Carphodactylidae,Nephrurus,Nephrurus stellatus,17.78627849,426.6986705,29.34211471,7.195807764,284.4063609,25.59816515,371.7039475,31.47078848
Gekkota,Carphodactylidae,Nephrurus,Nephrurus levis,23.21146845,573.2851152,35.96743032,8.474503891,283.2177838,57.78171036,645.8661174,421.2063693
Gekkota,Carphodactylidae,Nephrurus,Nephrurus vertebralis,23.02137581,614.5350215,36.48456476,7.805814932,247.7257295,53.44106844,127.8534543,26.3820939
Gekkota,Carphodactylidae,Nephrurus,Nephrurus laevissimus,21.91649292,597.567319,35.1736653,6.984790029,251.2081748,42.26490394,537.0954147,331.8959845
Gekkota,Carphodactylidae,Nephrurus,Nephrurus deleani,19.24323648,547.9501597,32.97766789,6.603271118,198.8405234,15.66515297,291.0496836,190.573884
Gekkota,Carphodactylidae,Nephrurus,Nephrurus sheai,27.22933132,269.0615177,35.70584324,16.44536902,947.527207,111.8090594,314.8717716,94.05334389
Gekkota,Carphodactylidae,Nephrurus,Nephrurus asper,23.59967522,406.7025166,33.36564263,11.78870555,719.766328,78.91368596,452.8068999,262.7669904
Gekkota,Carphodactylidae,Nephrurus,Nephrurus amyae,22.46031953,622.067065,35.60034797,6.44645229,279.4124023,50.95035711,328.7120202,211.5351514
Gekkota,Carphodactylidae,Carphodactylus,Carphodactylus laevis,22.42756238,228.4885595,28.03699035,15.84241502,1791.504868,90.07393723,1096.285665,99.15513344
Gekkota,Pygopodidae,Pygopus,Pygopus lepidopodus,17.14467713,456.5616785,28.65610881,6.46999234,567.5052542,33.78610409,432.4983066,65.59351978
Gekkota,Pygopodidae,Pygopus,Pygopus nigriceps,22.98478111,506.158808,34.77085916,9.505228686,446.7585582,63.49339345,219.6407245,83.06755966
Gekkota,Pygopodidae,Pygopus,Pygopus schraderi,22.14623413,539.1512979,34.38158182,8.390882084,381.3450343,52.66320293,260.8784595,30.83830301
Gekkota,Pygopodidae,Paradelma,Paradelma orientalis,21.42355432,408.4729809,30.65917854,10.11422262,751.7799065,51.2311398,1134.681497,133.0205895
Gekkota,Pygopodidae,Pletholax,Pletholax gracilis,19.45315385,431.6739564,31.02641326,9.759735555,532.5333775,81.09715326,327.6589565,93.53283123
Gekkota,Pygopodidae,Ophidiocephalus,Ophidiocephalus taeniatus,22.82632276,646.7160694,36.60451446,7.197299541,177.7126108,38.39459405,502.8,250.2864865
Gekkota,Pygopodidae,Lialis,Lialis jicari,25.05073936,47.65779917,28.313268,21.98333508,2647.742651,35.93652456,387.4109515,26.44801422
Gekkota,Pygopodidae,Lialis,Lialis burtonis,22.17087734,490.7547272,33.77515351,9.248207844,475.8661799,59.74235113,797.7977923,5.824375723
Gekkota,Pygopodidae,Delma,Delma torquata,20.51926505,381.2461447,29.12241302,10.00277072,881.682153,46.8893156,387.2228047,99.09059858
Gekkota,Pygopodidae,Delma,Delma australis,19.32810877,533.874443,32.28854961,6.593404687,279.1174242,32.49128682,109.7316418,39.64748094
Gekkota,Pygopodidae,Delma,Delma inornata,16.39359857,507.4484095,28.8724834,5.04405024,546.6442687,22.06836102,184.5711029,96.28218155
Gekkota,Pygopodidae,Delma,Delma fraseri,18.37216923,475.398164,30.75760213,7.020925102,324.3484997,33.91175872,136.6971581,42.03389575
Gekkota,Pygopodidae,Delma,Delma grayii,22.846572,495.5465966,35.3447909,10.57988363,278.2138823,72.55106002,152.2862575,13.89355974
Gekkota,Pygopodidae,Delma,Delma petersoni,18.64124178,488.7858468,31.48961954,6.535356394,212.4910875,18.67935452,66.63443681,39.60646856
Gekkota,Pygopodidae,Delma,Delma nasuta,25.17787647,522.7435657,36.9560312,10.57809004,379.1392367,80.90586432,251.7409626,13.60538162
Gekkota,Pygopodidae,Delma,Delma butleri,21.88855756,561.3524429,34.85493791,7.906155475,278.6038063,46.80118254,133.6132807,31.04830166
Gekkota,Pygopodidae,Delma,Delma impar,13.91822098,447.412165,26.03935468,4.481223527,685.0304243,23.12278879,226.6284701,114.0225641
Gekkota,Pygopodidae,Delma,Delma molleri,16.4286574,455.0345913,28.73286632,6.259419262,357.7984089,28.65843796,127.47308,51.81981178
Gekkota,Pygopodidae,Delma,Delma mitella,20.92570872,269.6745641,28.21690209,12.36491963,1327.317487,86.94885533,803.7685339,76.58295178
Gekkota,Pygopodidae,Delma,Delma borea,25.64707001,470.5732761,36.72745466,11.82837788,513.8886807,87.11448328,351.2616058,11.92270074
Gekkota,Pygopodidae,Delma,Delma pax,26.27061414,511.8135052,37.90270446,11.82049269,338.9633265,89.58439963,231.6891928,10.0558055
Gekkota,Pygopodidae,Delma,Delma tincta,23.85253377,499.6036402,35.32351357,10.21259387,480.2287144,71.29099969,293.6348708,26.80033406
Gekkota,Pygopodidae,Delma,Delma labialis,23.62888557,309.313651,30.80761052,14.60011764,1055.356907,91.60675988,709.6767115,44.06388851
Gekkota,Pygopodidae,Delma,Delma concinna,19.81215294,405.5463926,30.56964531,10.79777063,543.9012971,83.01942504,330.7449542,23.63635432
Gekkota,Pygopodidae,Aprasia,Aprasia aurita,15.96653164,505.563915,29.74365886,5.119426319,360.6477118,20.58618349,112.4525071,65.82474272
Gekkota,Pygopodidae,Aprasia,Aprasia inaurita,17.38597888,449.6480632,29.44931012,6.758946809,290.9533341,24.45938727,99.77850009,47.8319331
Gekkota,Pygopodidae,Aprasia,Aprasia striolata,15.69075967,376.5879657,26.46437981,7.172838888,474.0305109,37.14515861,182.6792313,60.49566165
Gekkota,Pygopodidae,Aprasia,Aprasia parapulchella,14.31871835,519.9854376,26.6595152,2.772761425,703.1497817,14.24218362,213.6168905,141.6379492
Gekkota,Pygopodidae,Aprasia,Aprasia pseudopulchella,16.9572507,520.9621066,30.33956646,5.095213617,327.4870116,24.74239853,110.645895,52.73441314
Gekkota,Pygopodidae,Aprasia,Aprasia picturata,18.53989505,385.3572191,29.11045755,9.458687191,519.9679427,65.91172814,273.1752967,36.29231484
Gekkota,Pygopodidae,Aprasia,Aprasia pulchella,15.97587685,361.3740149,26.52749085,7.692393096,665.5914625,60.87340799,340.3746535,49.66128543
Gekkota,Pygopodidae,Aprasia,Aprasia smithi,21.58527827,499.764022,34.44318546,9.638744666,300.080272,70.39019381,167.6440434,17.70528983
Gekkota,Pygopodidae,Aprasia,Aprasia repens,17.49743765,429.3503583,29.27436641,7.598791059,481.4272089,55.22320663,236.6138195,43.81000081
Gekkota,Diplodactylidae,Strophurus,Strophurus mcmillani,26.60085364,222.4189076,34.53380077,16.80503937,1039.166454,112.3706162,769.6226347,4.99640045
Gekkota,Diplodactylidae,Strophurus,Strophurus robinsoni,28.29143823,264.6478908,36.76104644,17.04991864,820.0026286,114.215296,623.7285017,3.907873326
Gekkota,Diplodactylidae,Strophurus,Strophurus horneri,26.46457317,192.7720488,35.00882927,17.69934146,1421.122805,108.4218293,975.8428049,3.87402439
Gekkota,Diplodactylidae,Strophurus,Strophurus jeanae,25.71565913,535.6890737,37.50347933,10.75441664,351.0024048,83.74004049,231.3164502,13.2601687
Gekkota,Diplodactylidae,Strophurus,Strophurus taeniatus,26.67171654,377.273883,36.53226122,13.72934917,596.4426841,109.9109912,456.7120568,7.09587807
Gekkota,Diplodactylidae,Strophurus,Strophurus assimilis,19.35681803,543.374036,32.73434875,6.627610233,269.1168791,33.90988498,102.9218446,38.39382732
Gekkota,Diplodactylidae,Strophurus,Strophurus strophurus,23.55612835,585.0309786,36.60653778,8.799484755,254.96546,59.88913692,131.1182659,16.66849942
Gekkota,Diplodactylidae,Strophurus,Strophurus krisalys,25.39320502,474.8859232,36.3124681,11.38491109,454.9503673,93.02287853,314.8658947,15.26449121
Gekkota,Diplodactylidae,Strophurus,Strophurus wellingtonae,23.14556199,623.1183783,36.72116215,7.922330573,241.8234569,55.55344017,115.6768787,17.08421819
Gekkota,Diplodactylidae,Strophurus,Strophurus ciliaris,24.5124365,515.6689298,36.27593893,10.28509975,410.8034772,73.68542978,264.7478772,17.55101323
Gekkota,Diplodactylidae,Strophurus,Strophurus spinigerus,17.8910168,429.1258747,29.62544416,7.92858885,460.5238928,56.16498774,226.7556476,41.55384281
Gekkota,Diplodactylidae,Strophurus,Strophurus rankini,24.42042063,381.9134774,33.90569288,14.30806108,253.6676462,80.15476808,138.0494958,5.297666379
Gekkota,Diplodactylidae,Strophurus,Strophurus intermedius,18.51759843,533.7769168,31.41879207,6.138749671,314.1475517,23.98655753,106.7091416,56.2125848
Gekkota,Diplodactylidae,Strophurus,Strophurus williamsi,21.61680177,469.2793281,32.4817053,8.985587301,590.0502723,57.66052915,308.1506569,58.22811719
Gekkota,Diplodactylidae,Strophurus,Strophurus elderi,22.77883377,573.3844593,35.628658,8.12038586,263.466406,52.41967422,135.7242485,24.27898211
Gekkota,Diplodactylidae,Hesperoedura,Hesperoedura reticulata,16.94334105,459.2027725,29.67145669,6.35229854,398.3755676,46.33899929,53.49252794,4.080265243
Gekkota,Diplodactylidae,Rhynchoedura,Rhynchoedura ornata,23.10509135,546.527358,35.54315567,8.815242509,338.8564823,59.87408062,190.9216476,26.623535
Gekkota,Diplodactylidae,Lucasium,Lucasium byrnei,21.01879807,621.4143053,34.7858721,6.529101487,224.8229098,30.62858689,426.9505259,139.3372744
Gekkota,Diplodactylidae,Lucasium,Lucasium alboguttatum,19.93159518,457.5183703,32.11032666,9.397790042,446.7527087,76.91049791,1071.082868,520.1901432
Gekkota,Diplodactylidae,Lucasium,Lucasium maini,18.68476299,487.6942373,31.18631629,6.916234685,279.4685523,30.80201198,1325.509871,209.756535
Gekkota,Diplodactylidae,Lucasium,Lucasium immaculatum,24.55598407,578.7292063,37.04463771,9.195338487,283.3026824,72.71834306,1043.493978,216.5038592
Gekkota,Diplodactylidae,Lucasium,Lucasium steindachneri,22.19984899,512.8806367,33.78891562,8.876863871,505.576393,56.13382332,1049.325944,370.4217427
Gekkota,Diplodactylidae,Lucasium,Lucasium damaeum,20.64381488,598.9145234,34.1574297,6.343030359,251.021189,30.88207772,920.8781868,21.69688177
Gekkota,Diplodactylidae,Lucasium,Lucasium stenodactylum,24.45708825,517.8858542,36.30688321,10.23136005,399.7056784,72.81432323,1010.239123,192.9022609
Gekkota,Diplodactylidae,Lucasium,Lucasium wombeyi,24.47174574,520.2477537,37.01983403,10.27866267,386.3221237,90.97019465,1289.966093,421.5120796
Gekkota,Diplodactylidae,Lucasium,Lucasium squarrosum,24.10528832,574.2859531,37.00017658,9.52350791,267.400511,67.54741301,957.5535697,74.76050904
Gekkota,Diplodactylidae,Diplodactylus,Diplodactylus fulleri,26.95400812,587.8152344,39.44377367,11.04004509,305.2391794,80.87750225,191.3502705,10.64440938
Gekkota,Diplodactylidae,Diplodactylus,Diplodactylus vittatus,18.70585993,512.3946371,30.65810726,6.347076289,556.665223,32.06876932,217.0200211,83.18546191
Gekkota,Diplodactylidae,Diplodactylus,Diplodactylus galeatus,22.47233679,630.8478893,35.9566986,6.839649802,224.5786343,45.45909124,102.8538862,24.54680224
Gekkota,Diplodactylidae,Diplodactylus,Diplodactylus tessellatus,22.27149936,584.5535176,35.15901324,7.647343663,311.2950098,49.97521172,151.3256474,35.04195127
Gekkota,Diplodactylidae,Diplodactylus,Diplodactylus savagei,26.61473597,463.9340407,37.51174914,13.14450017,335.7981291,95.86768515,237.6786893,6.635137828
Gekkota,Diplodactylidae,Diplodactylus,Diplodactylus galaxias,26.30246772,462.1012503,37.16472207,13.23496707,349.7231283,95.30719089,242.9473727,5.457814661
Gekkota,Diplodactylidae,Diplodactylus,Diplodactylus klugei,23.87209008,442.079951,35.13852633,12.59095523,236.2171044,74.63279358,128.264553,8.927894952
Gekkota,Diplodactylidae,Diplodactylus,Diplodactylus pulcher,21.36393769,560.8655604,34.57261566,7.624596109,263.3685149,47.88270347,119.7557357,26.07477341
Gekkota,Diplodactylidae,Diplodactylus,Diplodactylus conspicillatus,23.67593047,534.0245988,35.8249878,9.390135975,352.782329,65.82281405,211.2998926,21.47630453
Gekkota,Diplodactylidae,Diplodactylus,Diplodactylus granariensis,19.55073045,513.4035645,32.28158906,7.199714742,281.0842713,38.12375402,116.9051606,34.91461605
Gekkota,Diplodactylidae,Diplodactylus,Diplodactylus nebulosus,19.86989236,407.1705865,30.39723368,10.60197163,518.5218791,85.06578815,319.6429937,22.51141736
Gekkota,Diplodactylidae,Diplodactylus,Diplodactylus capensis,24.51751957,331.4025286,31.92883805,16.19036725,283.5045154,80.90909091,151.6303432,4.401565322
Gekkota,Diplodactylidae,Diplodactylus,Diplodactylus mitchelli,25.77958434,471.9829339,36.91733109,12.77244184,328.1312033,90.22103537,216.9377841,5.510266122
Gekkota,Diplodactylidae,Diplodactylus,Diplodactylus ornatus,22.72146563,455.3582252,34.37679019,11.39317344,304.3528431,76.81715626,174.1906907,12.95721399
Gekkota,Diplodactylidae,Diplodactylus,Diplodactylus polyophthalmus,17.17168962,412.4615661,28.92440608,8.026186874,655.9544132,74.61344973,374.2988167,37.69823472
Gekkota,Diplodactylidae,Oedura,Oedura monilis,21.40960545,439.7675705,31.63130679,9.262766047,676.8374752,58.59266482,515.5,115.2045455
Gekkota,Diplodactylidae,Oedura,Oedura tryoni,18.58300052,422.4922694,28.09774567,7.345058695,838.9167044,40.93739309,823.9897215,23.21082747
Gekkota,Diplodactylidae,Oedura,Oedura castelnaui,24.81861278,242.7973156,32.32660739,16.18036524,1133.264929,107.7220324,269.787492,8.631268608
Gekkota,Diplodactylidae,Oedura,Oedura coggeri,24.25039188,234.4270114,31.41218042,16.07878555,1201.121262,105.9151535,353.0434927,46.84088657
Gekkota,Diplodactylidae,Oedura,Oedura filicipoda,26.49624853,194.2831054,33.34894707,17.3961617,1265.661977,118.3949025,109.8813176,28.29799098
Gekkota,Diplodactylidae,Oedura,Oedura gracilis,26.58972077,192.7531069,33.27744076,17.59020254,1258.059925,119.3049848,155.1596392,68.6427105
Gekkota,Diplodactylidae,Oedura,Oedura marmorata,24.4565503,518.4644617,36.21595824,10.20838421,430.8789885,74.29745428,179.8351842,10.04589015
Gekkota,Diplodactylidae,Oedura,Oedura gemmata,27.31127617,195.1141386,35.9236426,18.3912171,1477.544523,105.7952393,538.9666233,19.14202379
Gekkota,Diplodactylidae,Amalosia,Amalosia rhombifer,25.90180776,312.3794644,34.69435339,14.95458873,853.7963189,105.7578619,615.1983902,13.48985933
Gekkota,Diplodactylidae,Amalosia,Amalosia obscura,26.60134099,193.6816123,33.31182885,17.56700757,1242.612732,119.6121054,949.0749804,6.828802505
Gekkota,Diplodactylidae,Amalosia,Amalosia lesueurii,16.03063123,449.4175845,26.31451194,5.068374063,879.3761716,28.07140672,325.6914424,139.2769921
Gekkota,Diplodactylidae,Nebulifera,Nebulifera robusta,19.48004086,464.7096807,29.9467231,7.370702761,720.5489607,42.45141788,306.7557476,212.3655337
Gekkota,Diplodactylidae,Strophurus,Strophurus taenicauda,21.60281991,431.6843479,31.49365855,9.737238825,745.336304,59.0627059,389.2998142,66.20080279
Gekkota,Diplodactylidae,Toropuku,Toropuku stephensi,14.91168224,275.5654206,20.39462617,10.07266355,1757.577103,21.31074766,594.8434579,331.6682243
Gekkota,Diplodactylidae,Naultinus,Naultinus grayii,15.64889396,258.547191,21.43595506,10.6992802,1468.03757,22.66871489,139.6389019,2.44158703
Gekkota,Diplodactylidae,Naultinus,Naultinus punctatus,11.97725773,315.9968659,19.7804295,5.22586337,1416.563813,18.73095872,198.288445,56.48074201
Gekkota,Diplodactylidae,Naultinus,Naultinus elegans,12.85367993,309.4975714,20.49737342,6.222092026,1486.738068,18.05190834,939.5555556,238.9027778
Gekkota,Diplodactylidae,Naultinus,Naultinus stellatus,9.292302317,308.6092082,16.91263775,2.657850884,1803.571467,14.71182067,191.3361232,53.51718237
Gekkota,Diplodactylidae,Naultinus,Naultinus manukanus,9.134262141,307.6448051,16.40721802,2.774003261,1121.906032,14.2188133,628.9498155,36.60793669
Gekkota,Diplodactylidae,Naultinus,Naultinus rudis,8.247716778,324.8247734,16.12066017,1.315802976,988.0165897,14.0484864,217.5565607,75.37915157
Gekkota,Diplodactylidae,Naultinus,Naultinus tuberculatus,9.066885843,329.2292324,17.44284243,1.594953656,2209.800048,13.98344292,468.1437874,280.075681
Gekkota,Diplodactylidae,Naultinus,Naultinus gemmeus,7.738460555,350.023637,16.18313406,-0.222831359,1046.665494,14.24145742,690.8080357,183.0669643
Gekkota,Diplodactylidae,Tukutuku,Tukutuku rakiurae,9.658038808,176.8769577,13.51455301,6.242931393,1383.957034,11.2016632,392.3229383,285.4095634
Gekkota,Diplodactylidae,Dactylocnemis,Dactylocnemis pacificus,12.83073654,310.0858576,20.45755777,6.212205472,1512.309031,17.85521286,475.3743305,285.4082782
Gekkota,Diplodactylidae,Mokopirirakau,Mokopirirakau cryptozoicus,6.67602624,315.5232482,14.45201272,-0.547251764,1389.805487,11.50452241,866.7892731,19.15219167
Gekkota,Diplodactylidae,Mokopirirakau,Mokopirirakau nebulosus,9.647893258,176.9620435,13.50625,6.231144663,1385.208216,11.20014045,868.1229228,95.66424053
Gekkota,Diplodactylidae,Mokopirirakau,Mokopirirakau kahutarae,7.276836511,323.1368865,15.17969157,0.36220694,1245.396791,13.98885068,666.646644,174.3199269
Gekkota,Diplodactylidae,Mokopirirakau,Mokopirirakau granulatus,10.01937208,320.5234324,17.85510335,2.96874706,1546.406626,15.45289163,348.793219,20.68736448
Gekkota,Diplodactylidae,Woodworthia,Woodworthia maculata,13.14228234,267.0062088,18.81734305,8.207596254,1548.133195,17.63336802,477.5744017,281.1050989
Gekkota,Diplodactylidae,Woodworthia,Woodworthia brunnea,10.22878848,340.5736996,18.65055732,2.587612792,901.1127919,14.64928344,275.101181,181.1992436
Gekkota,Diplodactylidae,Woodworthia,Woodworthia chrysosiretica,13.16485382,273.1512192,19.41484744,7.713775054,1975.359377,15.01634112,587.869271,379.0040853
Gekkota,Diplodactylidae,Hoplodactylus,Hoplodactylus duvaucelii,15.02419836,276.5834884,21.04223647,9.837033692,1586.235299,20.99060609,400.1405023,31.44990341
Gekkota,Diplodactylidae,Crenadactylus,Crenadactylus ocellatus,24.03762053,512.57664,35.96137872,10.02619648,387.5109685,73.34130546,244.5755084,18.11753607
Gekkota,Diplodactylidae,Pseudothecadactylus,Pseudothecadactylus cavaticus,26.64411182,190.0407635,33.24867169,17.91345052,1257.864503,115.8191471,403.3571265,8.821340502
Gekkota,Diplodactylidae,Pseudothecadactylus,Pseudothecadactylus australis,25.95645569,139.2488253,31.44688496,20.40124842,1498.904052,111.2993051,162.8863522,42.34137805
Gekkota,Diplodactylidae,Pseudothecadactylus,Pseudothecadactylus lindneri,26.89330955,243.1382582,35.41940841,16.74724863,1026.557127,111.6249477,178.7398736,22.14011563
Gekkota,Diplodactylidae,Paniegekko,Paniegekko madjo,20.40770833,191.5383333,24.465625,16.155,2419.875,48.87291667,821.0640204,141.2737759
Gekkota,Diplodactylidae,Correlophus,Correlophus sarasinorum,21.65242009,208.1539269,25.52401826,17.69977169,2039.126941,39.24063927,869.4885845,266.8616438
Gekkota,Diplodactylidae,Correlophus,Correlophus ciliatus,21.52255615,207.9472952,25.41860171,17.54489086,1955.702309,39.59538121,838.260677,252.904777
Gekkota,Diplodactylidae,Dierogekko,Dierogekko insularis,24.25263158,181.9210526,27.47578947,20.98842105,1578.852632,52.76842105,759.1789474,143.0421053
Gekkota,Diplodactylidae,Dierogekko,Dierogekko koniambo,22.60274914,207.0532646,27.18831615,17.64158076,1371.147766,50.65979381,626.5463918,151.2130584
Gekkota,Diplodactylidae,Dierogekko,Dierogekko thomaswhitei,21.74050633,199.1443038,25.95949367,17.29493671,1448.443038,49.5443038,649.4177215,154.2531646
Gekkota,Diplodactylidae,Dierogekko,Dierogekko kaalaensis,22.12641509,195.5396226,26.0245283,18.09433962,1361.132075,50.30188679,607.3773585,137.1320755
Gekkota,Diplodactylidae,Dierogekko,Dierogekko validiclavis,20.94076246,191.8209677,24.93504399,16.76041056,2287.994135,50.02199413,1030.423754,243.3108504
Gekkota,Diplodactylidae,Dierogekko,Dierogekko nehoueensis,23.56162162,194.9681081,27.24216216,19.77135135,1195.259459,53.85945946,546.3837838,116.2216216
Gekkota,Diplodactylidae,Dierogekko,Dierogekko inexpectatus,23.93636364,191.4606061,27.42727273,20.35454545,1289.515152,53.84848485,595.030303,123.0909091
Gekkota,Diplodactylidae,Dierogekko,Dierogekko poumensis,23.97619048,191.5071429,27.47142857,20.39047619,1308.595238,53.95238095,604.3333333,125.1666667
Gekkota,Diplodactylidae,Rhacodactylus,Rhacodactylus auriculatus,21.966545,208.510336,26.31746993,17.39554542,1569.844629,45.99635006,694.2202406,186.3414351
Gekkota,Diplodactylidae,Rhacodactylus,Rhacodactylus trachyrhynchus,21.88181818,209.1873817,26.47086321,16.99747634,1916.127043,48.15486091,849.3484371,222.0777172
Gekkota,Diplodactylidae,Eurydactylodes,Eurydactylodes agricolae,22.84514078,196.2453224,26.78866939,18.70245232,1602.285195,51.27679382,689.3452235,26.17886807
Gekkota,Diplodactylidae,Eurydactylodes,Eurydactylodes vieillardi,21.86048832,209.9738208,26.34889894,17.11646597,1660.024682,46.12334509,790.5544845,227.9388097
Gekkota,Diplodactylidae,Eurydactylodes,Eurydactylodes occidentalis,23.1455863,215.084585,27.94255599,17.99894598,1262.466403,49.35704875,725.0149864,166.9652589
Gekkota,Diplodactylidae,Eurydactylodes,Eurydactylodes symmetricus,21.05192791,207.8862322,25.14515926,16.8492456,1810.112322,41.95305951,576.0711462,138.8418972
Gekkota,Diplodactylidae,Mniarogekko,Mniarogekko chahoua,22.41566989,206.3507966,26.63100026,18.00415252,1512.954818,46.48263254,887.575393,32.11004977
Gekkota,Diplodactylidae,Rhacodactylus,Rhacodactylus leachianus,21.77443425,207.2901936,26.17217752,17.12968946,1792.418406,46.27533317,794.3982273,210.2181921
Gekkota,Diplodactylidae,Bavayia,Bavayia ornata,20.1754491,194.3389222,24.45688623,15.62934132,2628.47006,49.32634731,1180.320359,284.4850299
Gekkota,Diplodactylidae,Bavayia,Bavayia septuiclavis,21.4933679,208.649809,25.47792031,17.41217249,1846.381004,40.27292576,797.2298035,236.3951965
Gekkota,Diplodactylidae,Bavayia,Bavayia nubila,20.9,209.3857143,25.20714286,16.47142857,1200.214286,42.28571429,525.2142857,143.9285714
Gekkota,Diplodactylidae,Bavayia,Bavayia montana,22.17143718,207.799902,26.78749717,17.2225488,1708.988695,49.17785817,768.3027357,192.0552415
Gekkota,Diplodactylidae,Bavayia,Bavayia crassicollis,23.4060257,197.4827647,26.76894107,19.96703589,1633.834736,38.27868852,679.5152858,209.9087284
Gekkota,Diplodactylidae,Bavayia,Bavayia cyclura,22.10095093,206.6908235,26.48317801,17.46345569,1679.037895,47.48250285,748.8339673,193.4257322
Gekkota,Diplodactylidae,Bavayia,Bavayia goroensis,21.78653846,207.1992308,25.54192308,17.96961538,2249.592308,37.87884615,937.1788462,303.9596154
Gekkota,Diplodactylidae,Bavayia,Bavayia robusta,21.56180826,208.54318,25.52281112,17.50641725,1834.971421,40.01870616,789.2860483,235.4341387
Gekkota,Diplodactylidae,Bavayia,Bavayia pulchella,20.76776316,208.6,25.52302632,15.73947368,1680.131579,48.05263158,747.3289474,196.2631579
Gekkota,Diplodactylidae,Bavayia,Bavayia sauvagii,22.02917174,207.308419,26.42092321,17.38037688,1700.59702,46.51433997,753.9030043,199.3067147
Gekkota,Diplodactylidae,Bavayia,Bavayia exsuccida,23.53396779,209.7569546,28.08828697,18.61961933,1192.781845,51.25329429,548.5051245,128.8301611
Gekkota,Diplodactylidae,Bavayia,Bavayia geitaina,20.96191102,207.3925049,25.01987727,16.80324348,1871.410037,41.87113741,816.4383081,236.4137629
Gekkota,Diplodactylidae,Oedodera,Oedodera marmorata,24.00681818,197.1409091,27.73409091,20.13181818,1165.931818,51.34090909,514.134904,44.26193801
Dibamia,Dibamidae,Dibamus,Dibamus greeri,22.40182622,201.9744661,27.83885493,15.57129234,2168.524963,73.18335788,1159.062592,71.08659794
Dibamia,Dibamidae,Dibamus,Dibamus montanus,24.00393549,97.30234902,28.8465685,18.60865106,1942.335875,71.3890788,952.5425541,52.38978
Dibamia,Dibamidae,Dibamus,Dibamus bourreti,19.54051276,621.9579215,30.18996547,5.752693909,1576.234141,64.67133227,811.5443372,116.070661
Dibamia,Dibamidae,Anelytropsis,Anelytropsis papillosus,22.46530114,331.4949497,31.02038899,11.77946068,1200.837217,82.62989759,678.9697924,62.64098468
Dibamia,Dibamidae,Dibamus,Dibamus tiomanensis,26.88571429,59.82857143,28.98571429,24.95714286,3178,72,2030.428571,423.2857143
Dibamia,Dibamidae,Dibamus,Dibamus celebensis,24.42170371,21.08468866,26.18408118,22.79745962,2323.53569,32.3457131,842.2862074,301.663123
Dibamia,Dibamidae,Dibamus,Dibamus seramensis,24.65515651,56.39871455,26.83967226,22.29661957,2550.49215,26.3358846,906.6319792,424.4160043
Dibamia,Dibamidae,Dibamus,Dibamus novaeguineae,23.71762784,41.85707977,26.77452708,20.87722539,2905.917811,29.91355048,1023.333345,462.7631769
